$MeshFormat
2.2 0 8
$EndMeshFormat
$Nodes
13041
1 0 0 0
2 0.0125 0 0
3 0.025 0 0
4 0.0375 0 0
5 0.05 0 0
6 0.0625 0 0
7 0.075 0 0
8 0.08749999999999999 0 0
9 0.1 0 0
10 0.1125 0 0
11 0.125 0 0
12 0.1375 0 0
13 0.15 0 0
14 0.1625 0 0
15 0.175 0 0
16 0.1875 0 0
17 0.2 0 0
18 0.2125 0 0
19 0.225 0 0
20 0.2375 0 0
21 0.25 0 0
22 0.2625 0 0
23 0.275 0 0
24 0.2875 0 0
25 0.3 0 0
26 0.3125 0 0
27 0.325 0 0
28 0.3375 0 0
29 0.35 0 0
30 0.3625 0 0
31 0.375 0 0
32 0.3875 0 0
33 0.4 0 0
34 0.4125 0 0
35 0.425 0 0
36 0.4375 0 0
37 0.45 0 0
38 0.4625 0 0
39 0.475 0 0
40 0.4875 0 0
41 0.5 0 0
42 0.5125 0 0
43 0.525 0 0
44 0.5375 0 0
45 0.55 0 0
46 0.5625 0 0
47 0.575 0 0
48 0.5875 0 0
49 0.6 0 0
50 0.6125 0 0
51 0.625 0 0
52 0.6375 0 0
53 0.65 0 0
54 0.6625 0 0
55 0.675 0 0
56 0.6875 0 0
57 0.7 0 0
58 0.7125 0 0
59 0.725 0 0
60 0.7375 0 0
61 0.75 0 0
62 0.7625 0 0
63 0.775 0 0
64 0.7875 0 0
65 0.8 0 0
66 0.8125 0 0
67 0.825 0 0
68 0.8375 0 0
69 0.85 0 0
70 0.8625 0 0
71 0.875 0 0
72 0.8875 0 0
73 0.9 0 0
74 0.9125 0 0
75 0.925 0 0
76 0.9375 0 0
77 0.95 0 0
78 0.9625 0 0
79 0.975 0 0
80 0.9875 0 0
81 1 0 0
82 0 0.0125 0
83 0.0125 0.0125 0
84 0.025 0.0125 0
85 0.0375 0.0125 0
86 0.05 0.0125 0
87 0.0625 0.0125 0
88 0.075 0.0125 0
89 0.08749999999999999 0.0125 0
90 0.1 0.0125 0
91 0.1125 0.0125 0
92 0.125 0.0125 0
93 0.1375 0.0125 0
94 0.15 0.0125 0
95 0.1625 0.0125 0
96 0.175 0.0125 0
97 0.1875 0.0125 0
98 0.2 0.0125 0
99 0.2125 0.0125 0
100 0.225 0.0125 0
101 0.2375 0.0125 0
102 0.25 0.0125 0
103 0.2625 0.0125 0
104 0.275 0.0125 0
105 0.2875 0.0125 0
106 0.3 0.0125 0
107 0.3125 0.0125 0
108 0.325 0.0125 0
109 0.3375 0.0125 0
110 0.35 0.0125 0
111 0.3625 0.0125 0
112 0.375 0.0125 0
113 0.3875 0.0125 0
114 0.4 0.0125 0
115 0.4125 0.0125 0
116 0.425 0.0125 0
117 0.4375 0.0125 0
118 0.45 0.0125 0
119 0.4625 0.0125 0
120 0.475 0.0125 0
121 0.4875 0.0125 0
122 0.5 0.0125 0
123 0.5125 0.0125 0
124 0.525 0.0125 0
125 0.5375 0.0125 0
126 0.55 0.0125 0
127 0.5625 0.0125 0
128 0.575 0.0125 0
129 0.5875 0.0125 0
130 0.6 0.0125 0
131 0.6125 0.0125 0
132 0.625 0.0125 0
133 0.6375 0.0125 0
134 0.65 0.0125 0
135 0.6625 0.0125 0
136 0.675 0.0125 0
137 0.6875 0.0125 0
138 0.7 0.0125 0
139 0.7125 0.0125 0
140 0.725 0.0125 0
141 0.7375 0.0125 0
142 0.75 0.0125 0
143 0.7625 0.0125 0
144 0.775 0.0125 0
145 0.7875 0.0125 0
146 0.8 0.0125 0
147 0.8125 0.0125 0
148 0.825 0.0125 0
149 0.8375 0.0125 0
150 0.85 0.0125 0
151 0.8625 0.0125 0
152 0.875 0.0125 0
153 0.8875 0.0125 0
154 0.9 0.0125 0
155 0.9125 0.0125 0
156 0.925 0.0125 0
157 0.9375 0.0125 0
158 0.95 0.0125 0
159 0.9625 0.0125 0
160 0.975 0.0125 0
161 0.9875 0.0125 0
162 1 0.0125 0
163 0 0.025 0
164 0.0125 0.025 0
165 0.025 0.025 0
166 0.0375 0.025 0
167 0.05 0.025 0
168 0.0625 0.025 0
169 0.075 0.025 0
170 0.08749999999999999 0.025 0
171 0.1 0.025 0
172 0.1125 0.025 0
173 0.125 0.025 0
174 0.1375 0.025 0
175 0.15 0.025 0
176 0.1625 0.025 0
177 0.175 0.025 0
178 0.1875 0.025 0
179 0.2 0.025 0
180 0.2125 0.025 0
181 0.225 0.025 0
182 0.2375 0.025 0
183 0.25 0.025 0
184 0.2625 0.025 0
185 0.275 0.025 0
186 0.2875 0.025 0
187 0.3 0.025 0
188 0.3125 0.025 0
189 0.325 0.025 0
190 0.3375 0.025 0
191 0.35 0.025 0
192 0.3625 0.025 0
193 0.375 0.025 0
194 0.3875 0.025 0
195 0.4 0.025 0
196 0.4125 0.025 0
197 0.425 0.025 0
198 0.4375 0.025 0
199 0.45 0.025 0
200 0.4625 0.025 0
201 0.475 0.025 0
202 0.4875 0.025 0
203 0.5 0.025 0
204 0.5125 0.025 0
205 0.525 0.025 0
206 0.5375 0.025 0
207 0.55 0.025 0
208 0.5625 0.025 0
209 0.575 0.025 0
210 0.5875 0.025 0
211 0.6 0.025 0
212 0.6125 0.025 0
213 0.625 0.025 0
214 0.6375 0.025 0
215 0.65 0.025 0
216 0.6625 0.025 0
217 0.675 0.025 0
218 0.6875 0.025 0
219 0.7 0.025 0
220 0.7125 0.025 0
221 0.725 0.025 0
222 0.7375 0.025 0
223 0.75 0.025 0
224 0.7625 0.025 0
225 0.775 0.025 0
226 0.7875 0.025 0
227 0.8 0.025 0
228 0.8125 0.025 0
229 0.825 0.025 0
230 0.8375 0.025 0
231 0.85 0.025 0
232 0.8625 0.025 0
233 0.875 0.025 0
234 0.8875 0.025 0
235 0.9 0.025 0
236 0.9125 0.025 0
237 0.925 0.025 0
238 0.9375 0.025 0
239 0.95 0.025 0
240 0.9625 0.025 0
241 0.975 0.025 0
242 0.9875 0.025 0
243 1 0.025 0
244 0 0.0375 0
245 0.0125 0.0375 0
246 0.025 0.0375 0
247 0.0375 0.0375 0
248 0.05 0.0375 0
249 0.0625 0.0375 0
250 0.075 0.0375 0
251 0.08749999999999999 0.0375 0
252 0.1 0.0375 0
253 0.1125 0.0375 0
254 0.125 0.0375 0
255 0.1375 0.0375 0
256 0.15 0.0375 0
257 0.1625 0.0375 0
258 0.175 0.0375 0
259 0.1875 0.0375 0
260 0.2 0.0375 0
261 0.2125 0.0375 0
262 0.225 0.0375 0
263 0.2375 0.0375 0
264 0.25 0.0375 0
265 0.2625 0.0375 0
266 0.275 0.0375 0
267 0.2875 0.0375 0
268 0.3 0.0375 0
269 0.3125 0.0375 0
270 0.325 0.0375 0
271 0.3375 0.0375 0
272 0.35 0.0375 0
273 0.3625 0.0375 0
274 0.375 0.0375 0
275 0.3875 0.0375 0
276 0.4 0.0375 0
277 0.4125 0.0375 0
278 0.425 0.0375 0
279 0.4375 0.0375 0
280 0.45 0.0375 0
281 0.4625 0.0375 0
282 0.475 0.0375 0
283 0.4875 0.0375 0
284 0.5 0.0375 0
285 0.5125 0.0375 0
286 0.525 0.0375 0
287 0.5375 0.0375 0
288 0.55 0.0375 0
289 0.5625 0.0375 0
290 0.575 0.0375 0
291 0.5875 0.0375 0
292 0.6 0.0375 0
293 0.6125 0.0375 0
294 0.625 0.0375 0
295 0.6375 0.0375 0
296 0.65 0.0375 0
297 0.6625 0.0375 0
298 0.675 0.0375 0
299 0.6875 0.0375 0
300 0.7 0.0375 0
301 0.7125 0.0375 0
302 0.725 0.0375 0
303 0.7375 0.0375 0
304 0.75 0.0375 0
305 0.7625 0.0375 0
306 0.775 0.0375 0
307 0.7875 0.0375 0
308 0.8 0.0375 0
309 0.8125 0.0375 0
310 0.825 0.0375 0
311 0.8375 0.0375 0
312 0.85 0.0375 0
313 0.8625 0.0375 0
314 0.875 0.0375 0
315 0.8875 0.0375 0
316 0.9 0.0375 0
317 0.9125 0.0375 0
318 0.925 0.0375 0
319 0.9375 0.0375 0
320 0.95 0.0375 0
321 0.9625 0.0375 0
322 0.975 0.0375 0
323 0.9875 0.0375 0
324 1 0.0375 0
325 0 0.05 0
326 0.0125 0.05 0
327 0.025 0.05 0
328 0.0375 0.05 0
329 0.05 0.05 0
330 0.0625 0.05 0
331 0.075 0.05 0
332 0.08749999999999999 0.05 0
333 0.1 0.05 0
334 0.1125 0.05 0
335 0.125 0.05 0
336 0.1375 0.05 0
337 0.15 0.05 0
338 0.1625 0.05 0
339 0.175 0.05 0
340 0.1875 0.05 0
341 0.2 0.05 0
342 0.2125 0.05 0
343 0.225 0.05 0
344 0.2375 0.05 0
345 0.25 0.05 0
346 0.2625 0.05 0
347 0.275 0.05 0
348 0.2875 0.05 0
349 0.3 0.05 0
350 0.3125 0.05 0
351 0.325 0.05 0
352 0.3375 0.05 0
353 0.35 0.05 0
354 0.3625 0.05 0
355 0.375 0.05 0
356 0.3875 0.05 0
357 0.4 0.05 0
358 0.4125 0.05 0
359 0.425 0.05 0
360 0.4375 0.05 0
361 0.45 0.05 0
362 0.4625 0.05 0
363 0.475 0.05 0
364 0.4875 0.05 0
365 0.5 0.05 0
366 0.5125 0.05 0
367 0.525 0.05 0
368 0.5375 0.05 0
369 0.55 0.05 0
370 0.5625 0.05 0
371 0.575 0.05 0
372 0.5875 0.05 0
373 0.6 0.05 0
374 0.6125 0.05 0
375 0.625 0.05 0
376 0.6375 0.05 0
377 0.65 0.05 0
378 0.6625 0.05 0
379 0.675 0.05 0
380 0.6875 0.05 0
381 0.7 0.05 0
382 0.7125 0.05 0
383 0.725 0.05 0
384 0.7375 0.05 0
385 0.75 0.05 0
386 0.7625 0.05 0
387 0.775 0.05 0
388 0.7875 0.05 0
389 0.8 0.05 0
390 0.8125 0.05 0
391 0.825 0.05 0
392 0.8375 0.05 0
393 0.85 0.05 0
394 0.8625 0.05 0
395 0.875 0.05 0
396 0.8875 0.05 0
397 0.9 0.05 0
398 0.9125 0.05 0
399 0.925 0.05 0
400 0.9375 0.05 0
401 0.95 0.05 0
402 0.9625 0.05 0
403 0.975 0.05 0
404 0.9875 0.05 0
405 1 0.05 0
406 0 0.0625 0
407 0.0125 0.0625 0
408 0.025 0.0625 0
409 0.0375 0.0625 0
410 0.05 0.0625 0
411 0.0625 0.0625 0
412 0.075 0.0625 0
413 0.08749999999999999 0.0625 0
414 0.1 0.0625 0
415 0.1125 0.0625 0
416 0.125 0.0625 0
417 0.1375 0.0625 0
418 0.15 0.0625 0
419 0.1625 0.0625 0
420 0.175 0.0625 0
421 0.1875 0.0625 0
422 0.2 0.0625 0
423 0.2125 0.0625 0
424 0.225 0.0625 0
425 0.2375 0.0625 0
426 0.25 0.0625 0
427 0.2625 0.0625 0
428 0.275 0.0625 0
429 0.2875 0.0625 0
430 0.3 0.0625 0
431 0.3125 0.0625 0
432 0.325 0.0625 0
433 0.3375 0.0625 0
434 0.35 0.0625 0
435 0.3625 0.0625 0
436 0.375 0.0625 0
437 0.3875 0.0625 0
438 0.4 0.0625 0
439 0.4125 0.0625 0
440 0.425 0.0625 0
441 0.4375 0.0625 0
442 0.45 0.0625 0
443 0.4625 0.0625 0
444 0.475 0.0625 0
445 0.4875 0.0625 0
446 0.5 0.0625 0
447 0.5125 0.0625 0
448 0.525 0.0625 0
449 0.5375 0.0625 0
450 0.55 0.0625 0
451 0.5625 0.0625 0
452 0.575 0.0625 0
453 0.5875 0.0625 0
454 0.6 0.0625 0
455 0.6125 0.0625 0
456 0.625 0.0625 0
457 0.6375 0.0625 0
458 0.65 0.0625 0
459 0.6625 0.0625 0
460 0.675 0.0625 0
461 0.6875 0.0625 0
462 0.7 0.0625 0
463 0.7125 0.0625 0
464 0.725 0.0625 0
465 0.7375 0.0625 0
466 0.75 0.0625 0
467 0.7625 0.0625 0
468 0.775 0.0625 0
469 0.7875 0.0625 0
470 0.8 0.0625 0
471 0.8125 0.0625 0
472 0.825 0.0625 0
473 0.8375 0.0625 0
474 0.85 0.0625 0
475 0.8625 0.0625 0
476 0.875 0.0625 0
477 0.8875 0.0625 0
478 0.9 0.0625 0
479 0.9125 0.0625 0
480 0.925 0.0625 0
481 0.9375 0.0625 0
482 0.95 0.0625 0
483 0.9625 0.0625 0
484 0.975 0.0625 0
485 0.9875 0.0625 0
486 1 0.0625 0
487 0 0.075 0
488 0.0125 0.075 0
489 0.025 0.075 0
490 0.0375 0.075 0
491 0.05 0.075 0
492 0.0625 0.075 0
493 0.075 0.075 0
494 0.08749999999999999 0.075 0
495 0.1 0.075 0
496 0.1125 0.075 0
497 0.125 0.075 0
498 0.1375 0.075 0
499 0.15 0.075 0
500 0.1625 0.075 0
501 0.175 0.075 0
502 0.1875 0.075 0
503 0.2 0.075 0
504 0.2125 0.075 0
505 0.225 0.075 0
506 0.2375 0.075 0
507 0.25 0.075 0
508 0.2625 0.075 0
509 0.275 0.075 0
510 0.2875 0.075 0
511 0.3 0.075 0
512 0.3125 0.075 0
513 0.325 0.075 0
514 0.3375 0.075 0
515 0.35 0.075 0
516 0.3625 0.075 0
517 0.375 0.075 0
518 0.3875 0.075 0
519 0.4 0.075 0
520 0.4125 0.075 0
521 0.425 0.075 0
522 0.4375 0.075 0
523 0.45 0.075 0
524 0.4625 0.075 0
525 0.475 0.075 0
526 0.4875 0.075 0
527 0.5 0.075 0
528 0.5125 0.075 0
529 0.525 0.075 0
530 0.5375 0.075 0
531 0.55 0.075 0
532 0.5625 0.075 0
533 0.575 0.075 0
534 0.5875 0.075 0
535 0.6 0.075 0
536 0.6125 0.075 0
537 0.625 0.075 0
538 0.6375 0.075 0
539 0.65 0.075 0
540 0.6625 0.075 0
541 0.675 0.075 0
542 0.6875 0.075 0
543 0.7 0.075 0
544 0.7125 0.075 0
545 0.725 0.075 0
546 0.7375 0.075 0
547 0.75 0.075 0
548 0.7625 0.075 0
549 0.775 0.075 0
550 0.7875 0.075 0
551 0.8 0.075 0
552 0.8125 0.075 0
553 0.825 0.075 0
554 0.8375 0.075 0
555 0.85 0.075 0
556 0.8625 0.075 0
557 0.875 0.075 0
558 0.8875 0.075 0
559 0.9 0.075 0
560 0.9125 0.075 0
561 0.925 0.075 0
562 0.9375 0.075 0
563 0.95 0.075 0
564 0.9625 0.075 0
565 0.975 0.075 0
566 0.9875 0.075 0
567 1 0.075 0
568 0 0.08749999999999999 0
569 0.0125 0.08749999999999999 0
570 0.025 0.08749999999999999 0
571 0.0375 0.08749999999999999 0
572 0.05 0.08749999999999999 0
573 0.0625 0.08749999999999999 0
574 0.075 0.08749999999999999 0
575 0.08749999999999999 0.08749999999999999 0
576 0.1 0.08749999999999999 0
577 0.1125 0.08749999999999999 0
578 0.125 0.08749999999999999 0
579 0.1375 0.08749999999999999 0
580 0.15 0.08749999999999999 0
581 0.1625 0.08749999999999999 0
582 0.175 0.08749999999999999 0
583 0.1875 0.08749999999999999 0
584 0.2 0.08749999999999999 0
585 0.2125 0.08749999999999999 0
586 0.225 0.08749999999999999 0
587 0.2375 0.08749999999999999 0
588 0.25 0.08749999999999999 0
589 0.2625 0.08749999999999999 0
590 0.275 0.08749999999999999 0
591 0.2875 0.08749999999999999 0
592 0.3 0.08749999999999999 0
593 0.3125 0.08749999999999999 0
594 0.325 0.08749999999999999 0
595 0.3375 0.08749999999999999 0
596 0.35 0.08749999999999999 0
597 0.3625 0.08749999999999999 0
598 0.375 0.08749999999999999 0
599 0.3875 0.08749999999999999 0
600 0.4 0.08749999999999999 0
601 0.4125 0.08749999999999999 0
602 0.425 0.08749999999999999 0
603 0.4375 0.08749999999999999 0
604 0.45 0.08749999999999999 0
605 0.4625 0.08749999999999999 0
606 0.475 0.08749999999999999 0
607 0.4875 0.08749999999999999 0
608 0.5 0.08749999999999999 0
609 0.5125 0.08749999999999999 0
610 0.525 0.08749999999999999 0
611 0.5375 0.08749999999999999 0
612 0.55 0.08749999999999999 0
613 0.5625 0.08749999999999999 0
614 0.575 0.08749999999999999 0
615 0.5875 0.08749999999999999 0
616 0.6 0.08749999999999999 0
617 0.6125 0.08749999999999999 0
618 0.625 0.08749999999999999 0
619 0.6375 0.08749999999999999 0
620 0.65 0.08749999999999999 0
621 0.6625 0.08749999999999999 0
622 0.675 0.08749999999999999 0
623 0.6875 0.08749999999999999 0
624 0.7 0.08749999999999999 0
625 0.7125 0.08749999999999999 0
626 0.725 0.08749999999999999 0
627 0.7375 0.08749999999999999 0
628 0.75 0.08749999999999999 0
629 0.7625 0.08749999999999999 0
630 0.775 0.08749999999999999 0
631 0.7875 0.08749999999999999 0
632 0.8 0.08749999999999999 0
633 0.8125 0.08749999999999999 0
634 0.825 0.08749999999999999 0
635 0.8375 0.08749999999999999 0
636 0.85 0.08749999999999999 0
637 0.8625 0.08749999999999999 0
638 0.875 0.08749999999999999 0
639 0.8875 0.08749999999999999 0
640 0.9 0.08749999999999999 0
641 0.9125 0.08749999999999999 0
642 0.925 0.08749999999999999 0
643 0.9375 0.08749999999999999 0
644 0.95 0.08749999999999999 0
645 0.9625 0.08749999999999999 0
646 0.975 0.08749999999999999 0
647 0.9875 0.08749999999999999 0
648 1 0.08749999999999999 0
649 0 0.1 0
650 0.0125 0.1 0
651 0.025 0.1 0
652 0.0375 0.1 0
653 0.05 0.1 0
654 0.0625 0.1 0
655 0.075 0.1 0
656 0.08749999999999999 0.1 0
657 0.1 0.1 0
658 0.1125 0.1 0
659 0.125 0.1 0
660 0.1375 0.1 0
661 0.15 0.1 0
662 0.1625 0.1 0
663 0.175 0.1 0
664 0.1875 0.1 0
665 0.2 0.1 0
666 0.2125 0.1 0
667 0.225 0.1 0
668 0.2375 0.1 0
669 0.25 0.1 0
670 0.2625 0.1 0
671 0.275 0.1 0
672 0.2875 0.1 0
673 0.3 0.1 0
674 0.3125 0.1 0
675 0.325 0.1 0
676 0.3375 0.1 0
677 0.35 0.1 0
678 0.3625 0.1 0
679 0.375 0.1 0
680 0.3875 0.1 0
681 0.4 0.1 0
682 0.4125 0.1 0
683 0.425 0.1 0
684 0.4375 0.1 0
685 0.45 0.1 0
686 0.4625 0.1 0
687 0.475 0.1 0
688 0.4875 0.1 0
689 0.5 0.1 0
690 0.5125 0.1 0
691 0.525 0.1 0
692 0.5375 0.1 0
693 0.55 0.1 0
694 0.5625 0.1 0
695 0.575 0.1 0
696 0.5875 0.1 0
697 0.6 0.1 0
698 0.6125 0.1 0
699 0.625 0.1 0
700 0.6375 0.1 0
701 0.65 0.1 0
702 0.6625 0.1 0
703 0.675 0.1 0
704 0.6875 0.1 0
705 0.7 0.1 0
706 0.7125 0.1 0
707 0.725 0.1 0
708 0.7375 0.1 0
709 0.75 0.1 0
710 0.7625 0.1 0
711 0.775 0.1 0
712 0.7875 0.1 0
713 0.8 0.1 0
714 0.8125 0.1 0
715 0.825 0.1 0
716 0.8375 0.1 0
717 0.85 0.1 0
718 0.8625 0.1 0
719 0.875 0.1 0
720 0.8875 0.1 0
721 0.9 0.1 0
722 0.9125 0.1 0
723 0.925 0.1 0
724 0.9375 0.1 0
725 0.95 0.1 0
726 0.9625 0.1 0
727 0.975 0.1 0
728 0.9875 0.1 0
729 1 0.1 0
730 0 0.1125 0
731 0.0125 0.1125 0
732 0.025 0.1125 0
733 0.0375 0.1125 0
734 0.05 0.1125 0
735 0.0625 0.1125 0
736 0.075 0.1125 0
737 0.08749999999999999 0.1125 0
738 0.1 0.1125 0
739 0.1125 0.1125 0
740 0.125 0.1125 0
741 0.1375 0.1125 0
742 0.15 0.1125 0
743 0.1625 0.1125 0
744 0.175 0.1125 0
745 0.1875 0.1125 0
746 0.2 0.1125 0
747 0.2125 0.1125 0
748 0.225 0.1125 0
749 0.2375 0.1125 0
750 0.25 0.1125 0
751 0.2625 0.1125 0
752 0.275 0.1125 0
753 0.2875 0.1125 0
754 0.3 0.1125 0
755 0.3125 0.1125 0
756 0.325 0.1125 0
757 0.3375 0.1125 0
758 0.35 0.1125 0
759 0.3625 0.1125 0
760 0.375 0.1125 0
761 0.3875 0.1125 0
762 0.4 0.1125 0
763 0.4125 0.1125 0
764 0.425 0.1125 0
765 0.4375 0.1125 0
766 0.45 0.1125 0
767 0.4625 0.1125 0
768 0.475 0.1125 0
769 0.4875 0.1125 0
770 0.5 0.1125 0
771 0.5125 0.1125 0
772 0.525 0.1125 0
773 0.5375 0.1125 0
774 0.55 0.1125 0
775 0.5625 0.1125 0
776 0.575 0.1125 0
777 0.5875 0.1125 0
778 0.6 0.1125 0
779 0.6125 0.1125 0
780 0.625 0.1125 0
781 0.6375 0.1125 0
782 0.65 0.1125 0
783 0.6625 0.1125 0
784 0.675 0.1125 0
785 0.6875 0.1125 0
786 0.7 0.1125 0
787 0.7125 0.1125 0
788 0.725 0.1125 0
789 0.7375 0.1125 0
790 0.75 0.1125 0
791 0.7625 0.1125 0
792 0.775 0.1125 0
793 0.7875 0.1125 0
794 0.8 0.1125 0
795 0.8125 0.1125 0
796 0.825 0.1125 0
797 0.8375 0.1125 0
798 0.85 0.1125 0
799 0.8625 0.1125 0
800 0.875 0.1125 0
801 0.8875 0.1125 0
802 0.9 0.1125 0
803 0.9125 0.1125 0
804 0.925 0.1125 0
805 0.9375 0.1125 0
806 0.95 0.1125 0
807 0.9625 0.1125 0
808 0.975 0.1125 0
809 0.9875 0.1125 0
810 1 0.1125 0
811 0 0.125 0
812 0.0125 0.125 0
813 0.025 0.125 0
814 0.0375 0.125 0
815 0.05 0.125 0
816 0.0625 0.125 0
817 0.075 0.125 0
818 0.08749999999999999 0.125 0
819 0.1 0.125 0
820 0.1125 0.125 0
821 0.125 0.125 0
822 0.1375 0.125 0
823 0.15 0.125 0
824 0.1625 0.125 0
825 0.175 0.125 0
826 0.1875 0.125 0
827 0.2 0.125 0
828 0.2125 0.125 0
829 0.225 0.125 0
830 0.2375 0.125 0
831 0.25 0.125 0
832 0.2625 0.125 0
833 0.275 0.125 0
834 0.2875 0.125 0
835 0.3 0.125 0
836 0.3125 0.125 0
837 0.325 0.125 0
838 0.3375 0.125 0
839 0.35 0.125 0
840 0.3625 0.125 0
841 0.375 0.125 0
842 0.3875 0.125 0
843 0.4 0.125 0
844 0.4125 0.125 0
845 0.425 0.125 0
846 0.4375 0.125 0
847 0.45 0.125 0
848 0.4625 0.125 0
849 0.475 0.125 0
850 0.4875 0.125 0
851 0.5 0.125 0
852 0.5125 0.125 0
853 0.525 0.125 0
854 0.5375 0.125 0
855 0.55 0.125 0
856 0.5625 0.125 0
857 0.575 0.125 0
858 0.5875 0.125 0
859 0.6 0.125 0
860 0.6125 0.125 0
861 0.625 0.125 0
862 0.6375 0.125 0
863 0.65 0.125 0
864 0.6625 0.125 0
865 0.675 0.125 0
866 0.6875 0.125 0
867 0.7 0.125 0
868 0.7125 0.125 0
869 0.725 0.125 0
870 0.7375 0.125 0
871 0.75 0.125 0
872 0.7625 0.125 0
873 0.775 0.125 0
874 0.7875 0.125 0
875 0.8 0.125 0
876 0.8125 0.125 0
877 0.825 0.125 0
878 0.8375 0.125 0
879 0.85 0.125 0
880 0.8625 0.125 0
881 0.875 0.125 0
882 0.8875 0.125 0
883 0.9 0.125 0
884 0.9125 0.125 0
885 0.925 0.125 0
886 0.9375 0.125 0
887 0.95 0.125 0
888 0.9625 0.125 0
889 0.975 0.125 0
890 0.9875 0.125 0
891 1 0.125 0
892 0 0.1375 0
893 0.0125 0.1375 0
894 0.025 0.1375 0
895 0.0375 0.1375 0
896 0.05 0.1375 0
897 0.0625 0.1375 0
898 0.075 0.1375 0
899 0.08749999999999999 0.1375 0
900 0.1 0.1375 0
901 0.1125 0.1375 0
902 0.125 0.1375 0
903 0.1375 0.1375 0
904 0.15 0.1375 0
905 0.1625 0.1375 0
906 0.175 0.1375 0
907 0.1875 0.1375 0
908 0.2 0.1375 0
909 0.2125 0.1375 0
910 0.225 0.1375 0
911 0.2375 0.1375 0
912 0.25 0.1375 0
913 0.2625 0.1375 0
914 0.275 0.1375 0
915 0.2875 0.1375 0
916 0.3 0.1375 0
917 0.3125 0.1375 0
918 0.325 0.1375 0
919 0.3375 0.1375 0
920 0.35 0.1375 0
921 0.3625 0.1375 0
922 0.375 0.1375 0
923 0.3875 0.1375 0
924 0.4 0.1375 0
925 0.4125 0.1375 0
926 0.425 0.1375 0
927 0.4375 0.1375 0
928 0.45 0.1375 0
929 0.4625 0.1375 0
930 0.475 0.1375 0
931 0.4875 0.1375 0
932 0.5 0.1375 0
933 0.5125 0.1375 0
934 0.525 0.1375 0
935 0.5375 0.1375 0
936 0.55 0.1375 0
937 0.5625 0.1375 0
938 0.575 0.1375 0
939 0.5875 0.1375 0
940 0.6 0.1375 0
941 0.6125 0.1375 0
942 0.625 0.1375 0
943 0.6375 0.1375 0
944 0.65 0.1375 0
945 0.6625 0.1375 0
946 0.675 0.1375 0
947 0.6875 0.1375 0
948 0.7 0.1375 0
949 0.7125 0.1375 0
950 0.725 0.1375 0
951 0.7375 0.1375 0
952 0.75 0.1375 0
953 0.7625 0.1375 0
954 0.775 0.1375 0
955 0.7875 0.1375 0
956 0.8 0.1375 0
957 0.8125 0.1375 0
958 0.825 0.1375 0
959 0.8375 0.1375 0
960 0.85 0.1375 0
961 0.8625 0.1375 0
962 0.875 0.1375 0
963 0.8875 0.1375 0
964 0.9 0.1375 0
965 0.9125 0.1375 0
966 0.925 0.1375 0
967 0.9375 0.1375 0
968 0.95 0.1375 0
969 0.9625 0.1375 0
970 0.975 0.1375 0
971 0.9875 0.1375 0
972 1 0.1375 0
973 0 0.15 0
974 0.0125 0.15 0
975 0.025 0.15 0
976 0.0375 0.15 0
977 0.05 0.15 0
978 0.0625 0.15 0
979 0.075 0.15 0
980 0.08749999999999999 0.15 0
981 0.1 0.15 0
982 0.1125 0.15 0
983 0.125 0.15 0
984 0.1375 0.15 0
985 0.15 0.15 0
986 0.1625 0.15 0
987 0.175 0.15 0
988 0.1875 0.15 0
989 0.2 0.15 0
990 0.2125 0.15 0
991 0.225 0.15 0
992 0.2375 0.15 0
993 0.25 0.15 0
994 0.2625 0.15 0
995 0.275 0.15 0
996 0.2875 0.15 0
997 0.3 0.15 0
998 0.3125 0.15 0
999 0.325 0.15 0
1000 0.3375 0.15 0
1001 0.35 0.15 0
1002 0.3625 0.15 0
1003 0.375 0.15 0
1004 0.3875 0.15 0
1005 0.4 0.15 0
1006 0.4125 0.15 0
1007 0.425 0.15 0
1008 0.4375 0.15 0
1009 0.45 0.15 0
1010 0.4625 0.15 0
1011 0.475 0.15 0
1012 0.4875 0.15 0
1013 0.5 0.15 0
1014 0.5125 0.15 0
1015 0.525 0.15 0
1016 0.5375 0.15 0
1017 0.55 0.15 0
1018 0.5625 0.15 0
1019 0.575 0.15 0
1020 0.5875 0.15 0
1021 0.6 0.15 0
1022 0.6125 0.15 0
1023 0.625 0.15 0
1024 0.6375 0.15 0
1025 0.65 0.15 0
1026 0.6625 0.15 0
1027 0.675 0.15 0
1028 0.6875 0.15 0
1029 0.7 0.15 0
1030 0.7125 0.15 0
1031 0.725 0.15 0
1032 0.7375 0.15 0
1033 0.75 0.15 0
1034 0.7625 0.15 0
1035 0.775 0.15 0
1036 0.7875 0.15 0
1037 0.8 0.15 0
1038 0.8125 0.15 0
1039 0.825 0.15 0
1040 0.8375 0.15 0
1041 0.85 0.15 0
1042 0.8625 0.15 0
1043 0.875 0.15 0
1044 0.8875 0.15 0
1045 0.9 0.15 0
1046 0.9125 0.15 0
1047 0.925 0.15 0
1048 0.9375 0.15 0
1049 0.95 0.15 0
1050 0.9625 0.15 0
1051 0.975 0.15 0
1052 0.9875 0.15 0
1053 1 0.15 0
1054 0 0.1625 0
1055 0.0125 0.1625 0
1056 0.025 0.1625 0
1057 0.0375 0.1625 0
1058 0.05 0.1625 0
1059 0.0625 0.1625 0
1060 0.075 0.1625 0
1061 0.08749999999999999 0.1625 0
1062 0.1 0.1625 0
1063 0.1125 0.1625 0
1064 0.125 0.1625 0
1065 0.1375 0.1625 0
1066 0.15 0.1625 0
1067 0.1625 0.1625 0
1068 0.175 0.1625 0
1069 0.1875 0.1625 0
1070 0.2 0.1625 0
1071 0.2125 0.1625 0
1072 0.225 0.1625 0
1073 0.2375 0.1625 0
1074 0.25 0.1625 0
1075 0.2625 0.1625 0
1076 0.275 0.1625 0
1077 0.2875 0.1625 0
1078 0.3 0.1625 0
1079 0.3125 0.1625 0
1080 0.325 0.1625 0
1081 0.3375 0.1625 0
1082 0.35 0.1625 0
1083 0.3625 0.1625 0
1084 0.375 0.1625 0
1085 0.3875 0.1625 0
1086 0.4 0.1625 0
1087 0.4125 0.1625 0
1088 0.425 0.1625 0
1089 0.4375 0.1625 0
1090 0.45 0.1625 0
1091 0.4625 0.1625 0
1092 0.475 0.1625 0
1093 0.4875 0.1625 0
1094 0.5 0.1625 0
1095 0.5125 0.1625 0
1096 0.525 0.1625 0
1097 0.5375 0.1625 0
1098 0.55 0.1625 0
1099 0.5625 0.1625 0
1100 0.575 0.1625 0
1101 0.5875 0.1625 0
1102 0.6 0.1625 0
1103 0.6125 0.1625 0
1104 0.625 0.1625 0
1105 0.6375 0.1625 0
1106 0.65 0.1625 0
1107 0.6625 0.1625 0
1108 0.675 0.1625 0
1109 0.6875 0.1625 0
1110 0.7 0.1625 0
1111 0.7125 0.1625 0
1112 0.725 0.1625 0
1113 0.7375 0.1625 0
1114 0.75 0.1625 0
1115 0.7625 0.1625 0
1116 0.775 0.1625 0
1117 0.7875 0.1625 0
1118 0.8 0.1625 0
1119 0.8125 0.1625 0
1120 0.825 0.1625 0
1121 0.8375 0.1625 0
1122 0.85 0.1625 0
1123 0.8625 0.1625 0
1124 0.875 0.1625 0
1125 0.8875 0.1625 0
1126 0.9 0.1625 0
1127 0.9125 0.1625 0
1128 0.925 0.1625 0
1129 0.9375 0.1625 0
1130 0.95 0.1625 0
1131 0.9625 0.1625 0
1132 0.975 0.1625 0
1133 0.9875 0.1625 0
1134 1 0.1625 0
1135 0 0.175 0
1136 0.0125 0.175 0
1137 0.025 0.175 0
1138 0.0375 0.175 0
1139 0.05 0.175 0
1140 0.0625 0.175 0
1141 0.075 0.175 0
1142 0.08749999999999999 0.175 0
1143 0.1 0.175 0
1144 0.1125 0.175 0
1145 0.125 0.175 0
1146 0.1375 0.175 0
1147 0.15 0.175 0
1148 0.1625 0.175 0
1149 0.175 0.175 0
1150 0.1875 0.175 0
1151 0.2 0.175 0
1152 0.2125 0.175 0
1153 0.225 0.175 0
1154 0.2375 0.175 0
1155 0.25 0.175 0
1156 0.2625 0.175 0
1157 0.275 0.175 0
1158 0.2875 0.175 0
1159 0.3 0.175 0
1160 0.3125 0.175 0
1161 0.325 0.175 0
1162 0.3375 0.175 0
1163 0.35 0.175 0
1164 0.3625 0.175 0
1165 0.375 0.175 0
1166 0.3875 0.175 0
1167 0.4 0.175 0
1168 0.4125 0.175 0
1169 0.425 0.175 0
1170 0.4375 0.175 0
1171 0.45 0.175 0
1172 0.4625 0.175 0
1173 0.475 0.175 0
1174 0.4875 0.175 0
1175 0.5 0.175 0
1176 0.5125 0.175 0
1177 0.525 0.175 0
1178 0.5375 0.175 0
1179 0.55 0.175 0
1180 0.5625 0.175 0
1181 0.575 0.175 0
1182 0.5875 0.175 0
1183 0.6 0.175 0
1184 0.6125 0.175 0
1185 0.625 0.175 0
1186 0.6375 0.175 0
1187 0.65 0.175 0
1188 0.6625 0.175 0
1189 0.675 0.175 0
1190 0.6875 0.175 0
1191 0.7 0.175 0
1192 0.7125 0.175 0
1193 0.725 0.175 0
1194 0.7375 0.175 0
1195 0.75 0.175 0
1196 0.7625 0.175 0
1197 0.775 0.175 0
1198 0.7875 0.175 0
1199 0.8 0.175 0
1200 0.8125 0.175 0
1201 0.825 0.175 0
1202 0.8375 0.175 0
1203 0.85 0.175 0
1204 0.8625 0.175 0
1205 0.875 0.175 0
1206 0.8875 0.175 0
1207 0.9 0.175 0
1208 0.9125 0.175 0
1209 0.925 0.175 0
1210 0.9375 0.175 0
1211 0.95 0.175 0
1212 0.9625 0.175 0
1213 0.975 0.175 0
1214 0.9875 0.175 0
1215 1 0.175 0
1216 0 0.1875 0
1217 0.0125 0.1875 0
1218 0.025 0.1875 0
1219 0.0375 0.1875 0
1220 0.05 0.1875 0
1221 0.0625 0.1875 0
1222 0.075 0.1875 0
1223 0.08749999999999999 0.1875 0
1224 0.1 0.1875 0
1225 0.1125 0.1875 0
1226 0.125 0.1875 0
1227 0.1375 0.1875 0
1228 0.15 0.1875 0
1229 0.1625 0.1875 0
1230 0.175 0.1875 0
1231 0.1875 0.1875 0
1232 0.2 0.1875 0
1233 0.2125 0.1875 0
1234 0.225 0.1875 0
1235 0.2375 0.1875 0
1236 0.25 0.1875 0
1237 0.2625 0.1875 0
1238 0.275 0.1875 0
1239 0.2875 0.1875 0
1240 0.3 0.1875 0
1241 0.3125 0.1875 0
1242 0.325 0.1875 0
1243 0.3375 0.1875 0
1244 0.35 0.1875 0
1245 0.3625 0.1875 0
1246 0.375 0.1875 0
1247 0.3875 0.1875 0
1248 0.4 0.1875 0
1249 0.4125 0.1875 0
1250 0.425 0.1875 0
1251 0.4375 0.1875 0
1252 0.45 0.1875 0
1253 0.4625 0.1875 0
1254 0.475 0.1875 0
1255 0.4875 0.1875 0
1256 0.5 0.1875 0
1257 0.5125 0.1875 0
1258 0.525 0.1875 0
1259 0.5375 0.1875 0
1260 0.55 0.1875 0
1261 0.5625 0.1875 0
1262 0.575 0.1875 0
1263 0.5875 0.1875 0
1264 0.6 0.1875 0
1265 0.6125 0.1875 0
1266 0.625 0.1875 0
1267 0.6375 0.1875 0
1268 0.65 0.1875 0
1269 0.6625 0.1875 0
1270 0.675 0.1875 0
1271 0.6875 0.1875 0
1272 0.7 0.1875 0
1273 0.7125 0.1875 0
1274 0.725 0.1875 0
1275 0.7375 0.1875 0
1276 0.75 0.1875 0
1277 0.7625 0.1875 0
1278 0.775 0.1875 0
1279 0.7875 0.1875 0
1280 0.8 0.1875 0
1281 0.8125 0.1875 0
1282 0.825 0.1875 0
1283 0.8375 0.1875 0
1284 0.85 0.1875 0
1285 0.8625 0.1875 0
1286 0.875 0.1875 0
1287 0.8875 0.1875 0
1288 0.9 0.1875 0
1289 0.9125 0.1875 0
1290 0.925 0.1875 0
1291 0.9375 0.1875 0
1292 0.95 0.1875 0
1293 0.9625 0.1875 0
1294 0.975 0.1875 0
1295 0.9875 0.1875 0
1296 1 0.1875 0
1297 0 0.2 0
1298 0.0125 0.2 0
1299 0.025 0.2 0
1300 0.0375 0.2 0
1301 0.05 0.2 0
1302 0.0625 0.2 0
1303 0.075 0.2 0
1304 0.08749999999999999 0.2 0
1305 0.1 0.2 0
1306 0.1125 0.2 0
1307 0.125 0.2 0
1308 0.1375 0.2 0
1309 0.15 0.2 0
1310 0.1625 0.2 0
1311 0.175 0.2 0
1312 0.1875 0.2 0
1313 0.2 0.2 0
1314 0.2125 0.2 0
1315 0.225 0.2 0
1316 0.2375 0.2 0
1317 0.25 0.2 0
1318 0.2625 0.2 0
1319 0.275 0.2 0
1320 0.2875 0.2 0
1321 0.3 0.2 0
1322 0.3125 0.2 0
1323 0.325 0.2 0
1324 0.3375 0.2 0
1325 0.35 0.2 0
1326 0.3625 0.2 0
1327 0.375 0.2 0
1328 0.3875 0.2 0
1329 0.4 0.2 0
1330 0.4125 0.2 0
1331 0.425 0.2 0
1332 0.4375 0.2 0
1333 0.45 0.2 0
1334 0.4625 0.2 0
1335 0.475 0.2 0
1336 0.4875 0.2 0
1337 0.5 0.2 0
1338 0.5125 0.2 0
1339 0.525 0.2 0
1340 0.5375 0.2 0
1341 0.55 0.2 0
1342 0.5625 0.2 0
1343 0.575 0.2 0
1344 0.5875 0.2 0
1345 0.6 0.2 0
1346 0.6125 0.2 0
1347 0.625 0.2 0
1348 0.6375 0.2 0
1349 0.65 0.2 0
1350 0.6625 0.2 0
1351 0.675 0.2 0
1352 0.6875 0.2 0
1353 0.7 0.2 0
1354 0.7125 0.2 0
1355 0.725 0.2 0
1356 0.7375 0.2 0
1357 0.75 0.2 0
1358 0.7625 0.2 0
1359 0.775 0.2 0
1360 0.7875 0.2 0
1361 0.8 0.2 0
1362 0.8125 0.2 0
1363 0.825 0.2 0
1364 0.8375 0.2 0
1365 0.85 0.2 0
1366 0.8625 0.2 0
1367 0.875 0.2 0
1368 0.8875 0.2 0
1369 0.9 0.2 0
1370 0.9125 0.2 0
1371 0.925 0.2 0
1372 0.9375 0.2 0
1373 0.95 0.2 0
1374 0.9625 0.2 0
1375 0.975 0.2 0
1376 0.9875 0.2 0
1377 1 0.2 0
1378 0 0.2125 0
1379 0.0125 0.2125 0
1380 0.025 0.2125 0
1381 0.0375 0.2125 0
1382 0.05 0.2125 0
1383 0.0625 0.2125 0
1384 0.075 0.2125 0
1385 0.08749999999999999 0.2125 0
1386 0.1 0.2125 0
1387 0.1125 0.2125 0
1388 0.125 0.2125 0
1389 0.1375 0.2125 0
1390 0.15 0.2125 0
1391 0.1625 0.2125 0
1392 0.175 0.2125 0
1393 0.1875 0.2125 0
1394 0.2 0.2125 0
1395 0.2125 0.2125 0
1396 0.225 0.2125 0
1397 0.2375 0.2125 0
1398 0.25 0.2125 0
1399 0.2625 0.2125 0
1400 0.275 0.2125 0
1401 0.2875 0.2125 0
1402 0.3 0.2125 0
1403 0.3125 0.2125 0
1404 0.325 0.2125 0
1405 0.3375 0.2125 0
1406 0.35 0.2125 0
1407 0.3625 0.2125 0
1408 0.375 0.2125 0
1409 0.3875 0.2125 0
1410 0.4 0.2125 0
1411 0.4125 0.2125 0
1412 0.425 0.2125 0
1413 0.4375 0.2125 0
1414 0.45 0.2125 0
1415 0.4625 0.2125 0
1416 0.475 0.2125 0
1417 0.4875 0.2125 0
1418 0.5 0.2125 0
1419 0.5125 0.2125 0
1420 0.525 0.2125 0
1421 0.5375 0.2125 0
1422 0.55 0.2125 0
1423 0.5625 0.2125 0
1424 0.575 0.2125 0
1425 0.5875 0.2125 0
1426 0.6 0.2125 0
1427 0.6125 0.2125 0
1428 0.625 0.2125 0
1429 0.6375 0.2125 0
1430 0.65 0.2125 0
1431 0.6625 0.2125 0
1432 0.675 0.2125 0
1433 0.6875 0.2125 0
1434 0.7 0.2125 0
1435 0.7125 0.2125 0
1436 0.725 0.2125 0
1437 0.7375 0.2125 0
1438 0.75 0.2125 0
1439 0.7625 0.2125 0
1440 0.775 0.2125 0
1441 0.7875 0.2125 0
1442 0.8 0.2125 0
1443 0.8125 0.2125 0
1444 0.825 0.2125 0
1445 0.8375 0.2125 0
1446 0.85 0.2125 0
1447 0.8625 0.2125 0
1448 0.875 0.2125 0
1449 0.8875 0.2125 0
1450 0.9 0.2125 0
1451 0.9125 0.2125 0
1452 0.925 0.2125 0
1453 0.9375 0.2125 0
1454 0.95 0.2125 0
1455 0.9625 0.2125 0
1456 0.975 0.2125 0
1457 0.9875 0.2125 0
1458 1 0.2125 0
1459 0 0.225 0
1460 0.0125 0.225 0
1461 0.025 0.225 0
1462 0.0375 0.225 0
1463 0.05 0.225 0
1464 0.0625 0.225 0
1465 0.075 0.225 0
1466 0.08749999999999999 0.225 0
1467 0.1 0.225 0
1468 0.1125 0.225 0
1469 0.125 0.225 0
1470 0.1375 0.225 0
1471 0.15 0.225 0
1472 0.1625 0.225 0
1473 0.175 0.225 0
1474 0.1875 0.225 0
1475 0.2 0.225 0
1476 0.2125 0.225 0
1477 0.225 0.225 0
1478 0.2375 0.225 0
1479 0.25 0.225 0
1480 0.2625 0.225 0
1481 0.275 0.225 0
1482 0.2875 0.225 0
1483 0.3 0.225 0
1484 0.3125 0.225 0
1485 0.325 0.225 0
1486 0.3375 0.225 0
1487 0.35 0.225 0
1488 0.3625 0.225 0
1489 0.375 0.225 0
1490 0.3875 0.225 0
1491 0.4 0.225 0
1492 0.4125 0.225 0
1493 0.425 0.225 0
1494 0.4375 0.225 0
1495 0.45 0.225 0
1496 0.4625 0.225 0
1497 0.475 0.225 0
1498 0.4875 0.225 0
1499 0.5 0.225 0
1500 0.5125 0.225 0
1501 0.525 0.225 0
1502 0.5375 0.225 0
1503 0.55 0.225 0
1504 0.5625 0.225 0
1505 0.575 0.225 0
1506 0.5875 0.225 0
1507 0.6 0.225 0
1508 0.6125 0.225 0
1509 0.625 0.225 0
1510 0.6375 0.225 0
1511 0.65 0.225 0
1512 0.6625 0.225 0
1513 0.675 0.225 0
1514 0.6875 0.225 0
1515 0.7 0.225 0
1516 0.7125 0.225 0
1517 0.725 0.225 0
1518 0.7375 0.225 0
1519 0.75 0.225 0
1520 0.7625 0.225 0
1521 0.775 0.225 0
1522 0.7875 0.225 0
1523 0.8 0.225 0
1524 0.8125 0.225 0
1525 0.825 0.225 0
1526 0.8375 0.225 0
1527 0.85 0.225 0
1528 0.8625 0.225 0
1529 0.875 0.225 0
1530 0.8875 0.225 0
1531 0.9 0.225 0
1532 0.9125 0.225 0
1533 0.925 0.225 0
1534 0.9375 0.225 0
1535 0.95 0.225 0
1536 0.9625 0.225 0
1537 0.975 0.225 0
1538 0.9875 0.225 0
1539 1 0.225 0
1540 0 0.2375 0
1541 0.0125 0.2375 0
1542 0.025 0.2375 0
1543 0.0375 0.2375 0
1544 0.05 0.2375 0
1545 0.0625 0.2375 0
1546 0.075 0.2375 0
1547 0.08749999999999999 0.2375 0
1548 0.1 0.2375 0
1549 0.1125 0.2375 0
1550 0.125 0.2375 0
1551 0.1375 0.2375 0
1552 0.15 0.2375 0
1553 0.1625 0.2375 0
1554 0.175 0.2375 0
1555 0.1875 0.2375 0
1556 0.2 0.2375 0
1557 0.2125 0.2375 0
1558 0.225 0.2375 0
1559 0.2375 0.2375 0
1560 0.25 0.2375 0
1561 0.2625 0.2375 0
1562 0.275 0.2375 0
1563 0.2875 0.2375 0
1564 0.3 0.2375 0
1565 0.3125 0.2375 0
1566 0.325 0.2375 0
1567 0.3375 0.2375 0
1568 0.35 0.2375 0
1569 0.3625 0.2375 0
1570 0.375 0.2375 0
1571 0.3875 0.2375 0
1572 0.4 0.2375 0
1573 0.4125 0.2375 0
1574 0.425 0.2375 0
1575 0.4375 0.2375 0
1576 0.45 0.2375 0
1577 0.4625 0.2375 0
1578 0.475 0.2375 0
1579 0.4875 0.2375 0
1580 0.5 0.2375 0
1581 0.5125 0.2375 0
1582 0.525 0.2375 0
1583 0.5375 0.2375 0
1584 0.55 0.2375 0
1585 0.5625 0.2375 0
1586 0.575 0.2375 0
1587 0.5875 0.2375 0
1588 0.6 0.2375 0
1589 0.6125 0.2375 0
1590 0.625 0.2375 0
1591 0.6375 0.2375 0
1592 0.65 0.2375 0
1593 0.6625 0.2375 0
1594 0.675 0.2375 0
1595 0.6875 0.2375 0
1596 0.7 0.2375 0
1597 0.7125 0.2375 0
1598 0.725 0.2375 0
1599 0.7375 0.2375 0
1600 0.75 0.2375 0
1601 0.7625 0.2375 0
1602 0.775 0.2375 0
1603 0.7875 0.2375 0
1604 0.8 0.2375 0
1605 0.8125 0.2375 0
1606 0.825 0.2375 0
1607 0.8375 0.2375 0
1608 0.85 0.2375 0
1609 0.8625 0.2375 0
1610 0.875 0.2375 0
1611 0.8875 0.2375 0
1612 0.9 0.2375 0
1613 0.9125 0.2375 0
1614 0.925 0.2375 0
1615 0.9375 0.2375 0
1616 0.95 0.2375 0
1617 0.9625 0.2375 0
1618 0.975 0.2375 0
1619 0.9875 0.2375 0
1620 1 0.2375 0
1621 0 0.25 0
1622 0.0125 0.25 0
1623 0.025 0.25 0
1624 0.0375 0.25 0
1625 0.05 0.25 0
1626 0.0625 0.25 0
1627 0.075 0.25 0
1628 0.08749999999999999 0.25 0
1629 0.1 0.25 0
1630 0.1125 0.25 0
1631 0.125 0.25 0
1632 0.1375 0.25 0
1633 0.15 0.25 0
1634 0.1625 0.25 0
1635 0.175 0.25 0
1636 0.1875 0.25 0
1637 0.2 0.25 0
1638 0.2125 0.25 0
1639 0.225 0.25 0
1640 0.2375 0.25 0
1641 0.25 0.25 0
1642 0.2625 0.25 0
1643 0.275 0.25 0
1644 0.2875 0.25 0
1645 0.3 0.25 0
1646 0.3125 0.25 0
1647 0.325 0.25 0
1648 0.3375 0.25 0
1649 0.35 0.25 0
1650 0.3625 0.25 0
1651 0.375 0.25 0
1652 0.3875 0.25 0
1653 0.4 0.25 0
1654 0.4125 0.25 0
1655 0.425 0.25 0
1656 0.4375 0.25 0
1657 0.45 0.25 0
1658 0.4625 0.25 0
1659 0.475 0.25 0
1660 0.4875 0.25 0
1661 0.5 0.25 0
1662 0.5125 0.25 0
1663 0.525 0.25 0
1664 0.5375 0.25 0
1665 0.55 0.25 0
1666 0.5625 0.25 0
1667 0.575 0.25 0
1668 0.5875 0.25 0
1669 0.6 0.25 0
1670 0.6125 0.25 0
1671 0.625 0.25 0
1672 0.6375 0.25 0
1673 0.65 0.25 0
1674 0.6625 0.25 0
1675 0.675 0.25 0
1676 0.6875 0.25 0
1677 0.7 0.25 0
1678 0.7125 0.25 0
1679 0.725 0.25 0
1680 0.7375 0.25 0
1681 0.75 0.25 0
1682 0.7625 0.25 0
1683 0.775 0.25 0
1684 0.7875 0.25 0
1685 0.8 0.25 0
1686 0.8125 0.25 0
1687 0.825 0.25 0
1688 0.8375 0.25 0
1689 0.85 0.25 0
1690 0.8625 0.25 0
1691 0.875 0.25 0
1692 0.8875 0.25 0
1693 0.9 0.25 0
1694 0.9125 0.25 0
1695 0.925 0.25 0
1696 0.9375 0.25 0
1697 0.95 0.25 0
1698 0.9625 0.25 0
1699 0.975 0.25 0
1700 0.9875 0.25 0
1701 1 0.25 0
1702 0 0.2625 0
1703 0.0125 0.2625 0
1704 0.025 0.2625 0
1705 0.0375 0.2625 0
1706 0.05 0.2625 0
1707 0.0625 0.2625 0
1708 0.075 0.2625 0
1709 0.08749999999999999 0.2625 0
1710 0.1 0.2625 0
1711 0.1125 0.2625 0
1712 0.125 0.2625 0
1713 0.1375 0.2625 0
1714 0.15 0.2625 0
1715 0.1625 0.2625 0
1716 0.175 0.2625 0
1717 0.1875 0.2625 0
1718 0.2 0.2625 0
1719 0.2125 0.2625 0
1720 0.225 0.2625 0
1721 0.2375 0.2625 0
1722 0.25 0.2625 0
1723 0.2625 0.2625 0
1724 0.275 0.2625 0
1725 0.2875 0.2625 0
1726 0.3 0.2625 0
1727 0.3125 0.2625 0
1728 0.325 0.2625 0
1729 0.3375 0.2625 0
1730 0.35 0.2625 0
1731 0.3625 0.2625 0
1732 0.375 0.2625 0
1733 0.3875 0.2625 0
1734 0.4 0.2625 0
1735 0.4125 0.2625 0
1736 0.425 0.2625 0
1737 0.4375 0.2625 0
1738 0.45 0.2625 0
1739 0.4625 0.2625 0
1740 0.475 0.2625 0
1741 0.4875 0.2625 0
1742 0.5 0.2625 0
1743 0.5125 0.2625 0
1744 0.525 0.2625 0
1745 0.5375 0.2625 0
1746 0.55 0.2625 0
1747 0.5625 0.2625 0
1748 0.575 0.2625 0
1749 0.5875 0.2625 0
1750 0.6 0.2625 0
1751 0.6125 0.2625 0
1752 0.625 0.2625 0
1753 0.6375 0.2625 0
1754 0.65 0.2625 0
1755 0.6625 0.2625 0
1756 0.675 0.2625 0
1757 0.6875 0.2625 0
1758 0.7 0.2625 0
1759 0.7125 0.2625 0
1760 0.725 0.2625 0
1761 0.7375 0.2625 0
1762 0.75 0.2625 0
1763 0.7625 0.2625 0
1764 0.775 0.2625 0
1765 0.7875 0.2625 0
1766 0.8 0.2625 0
1767 0.8125 0.2625 0
1768 0.825 0.2625 0
1769 0.8375 0.2625 0
1770 0.85 0.2625 0
1771 0.8625 0.2625 0
1772 0.875 0.2625 0
1773 0.8875 0.2625 0
1774 0.9 0.2625 0
1775 0.9125 0.2625 0
1776 0.925 0.2625 0
1777 0.9375 0.2625 0
1778 0.95 0.2625 0
1779 0.9625 0.2625 0
1780 0.975 0.2625 0
1781 0.9875 0.2625 0
1782 1 0.2625 0
1783 0 0.275 0
1784 0.0125 0.275 0
1785 0.025 0.275 0
1786 0.0375 0.275 0
1787 0.05 0.275 0
1788 0.0625 0.275 0
1789 0.075 0.275 0
1790 0.08749999999999999 0.275 0
1791 0.1 0.275 0
1792 0.1125 0.275 0
1793 0.125 0.275 0
1794 0.1375 0.275 0
1795 0.15 0.275 0
1796 0.1625 0.275 0
1797 0.175 0.275 0
1798 0.1875 0.275 0
1799 0.2 0.275 0
1800 0.2125 0.275 0
1801 0.225 0.275 0
1802 0.2375 0.275 0
1803 0.25 0.275 0
1804 0.2625 0.275 0
1805 0.275 0.275 0
1806 0.2875 0.275 0
1807 0.3 0.275 0
1808 0.3125 0.275 0
1809 0.325 0.275 0
1810 0.3375 0.275 0
1811 0.35 0.275 0
1812 0.3625 0.275 0
1813 0.375 0.275 0
1814 0.3875 0.275 0
1815 0.4 0.275 0
1816 0.4125 0.275 0
1817 0.425 0.275 0
1818 0.4375 0.275 0
1819 0.45 0.275 0
1820 0.4625 0.275 0
1821 0.475 0.275 0
1822 0.4875 0.275 0
1823 0.5 0.275 0
1824 0.5125 0.275 0
1825 0.525 0.275 0
1826 0.5375 0.275 0
1827 0.55 0.275 0
1828 0.5625 0.275 0
1829 0.575 0.275 0
1830 0.5875 0.275 0
1831 0.6 0.275 0
1832 0.6125 0.275 0
1833 0.625 0.275 0
1834 0.6375 0.275 0
1835 0.65 0.275 0
1836 0.6625 0.275 0
1837 0.675 0.275 0
1838 0.6875 0.275 0
1839 0.7 0.275 0
1840 0.7125 0.275 0
1841 0.725 0.275 0
1842 0.7375 0.275 0
1843 0.75 0.275 0
1844 0.7625 0.275 0
1845 0.775 0.275 0
1846 0.7875 0.275 0
1847 0.8 0.275 0
1848 0.8125 0.275 0
1849 0.825 0.275 0
1850 0.8375 0.275 0
1851 0.85 0.275 0
1852 0.8625 0.275 0
1853 0.875 0.275 0
1854 0.8875 0.275 0
1855 0.9 0.275 0
1856 0.9125 0.275 0
1857 0.925 0.275 0
1858 0.9375 0.275 0
1859 0.95 0.275 0
1860 0.9625 0.275 0
1861 0.975 0.275 0
1862 0.9875 0.275 0
1863 1 0.275 0
1864 0 0.2875 0
1865 0.0125 0.2875 0
1866 0.025 0.2875 0
1867 0.0375 0.2875 0
1868 0.05 0.2875 0
1869 0.0625 0.2875 0
1870 0.075 0.2875 0
1871 0.08749999999999999 0.2875 0
1872 0.1 0.2875 0
1873 0.1125 0.2875 0
1874 0.125 0.2875 0
1875 0.1375 0.2875 0
1876 0.15 0.2875 0
1877 0.1625 0.2875 0
1878 0.175 0.2875 0
1879 0.1875 0.2875 0
1880 0.2 0.2875 0
1881 0.2125 0.2875 0
1882 0.225 0.2875 0
1883 0.2375 0.2875 0
1884 0.25 0.2875 0
1885 0.2625 0.2875 0
1886 0.275 0.2875 0
1887 0.2875 0.2875 0
1888 0.3 0.2875 0
1889 0.3125 0.2875 0
1890 0.325 0.2875 0
1891 0.3375 0.2875 0
1892 0.35 0.2875 0
1893 0.3625 0.2875 0
1894 0.375 0.2875 0
1895 0.3875 0.2875 0
1896 0.4 0.2875 0
1897 0.4125 0.2875 0
1898 0.425 0.2875 0
1899 0.4375 0.2875 0
1900 0.45 0.2875 0
1901 0.4625 0.2875 0
1902 0.475 0.2875 0
1903 0.4875 0.2875 0
1904 0.5 0.2875 0
1905 0.5125 0.2875 0
1906 0.525 0.2875 0
1907 0.5375 0.2875 0
1908 0.55 0.2875 0
1909 0.5625 0.2875 0
1910 0.575 0.2875 0
1911 0.5875 0.2875 0
1912 0.6 0.2875 0
1913 0.6125 0.2875 0
1914 0.625 0.2875 0
1915 0.6375 0.2875 0
1916 0.65 0.2875 0
1917 0.6625 0.2875 0
1918 0.675 0.2875 0
1919 0.6875 0.2875 0
1920 0.7 0.2875 0
1921 0.7125 0.2875 0
1922 0.725 0.2875 0
1923 0.7375 0.2875 0
1924 0.75 0.2875 0
1925 0.7625 0.2875 0
1926 0.775 0.2875 0
1927 0.7875 0.2875 0
1928 0.8 0.2875 0
1929 0.8125 0.2875 0
1930 0.825 0.2875 0
1931 0.8375 0.2875 0
1932 0.85 0.2875 0
1933 0.8625 0.2875 0
1934 0.875 0.2875 0
1935 0.8875 0.2875 0
1936 0.9 0.2875 0
1937 0.9125 0.2875 0
1938 0.925 0.2875 0
1939 0.9375 0.2875 0
1940 0.95 0.2875 0
1941 0.9625 0.2875 0
1942 0.975 0.2875 0
1943 0.9875 0.2875 0
1944 1 0.2875 0
1945 0 0.3 0
1946 0.0125 0.3 0
1947 0.025 0.3 0
1948 0.0375 0.3 0
1949 0.05 0.3 0
1950 0.0625 0.3 0
1951 0.075 0.3 0
1952 0.08749999999999999 0.3 0
1953 0.1 0.3 0
1954 0.1125 0.3 0
1955 0.125 0.3 0
1956 0.1375 0.3 0
1957 0.15 0.3 0
1958 0.1625 0.3 0
1959 0.175 0.3 0
1960 0.1875 0.3 0
1961 0.2 0.3 0
1962 0.2125 0.3 0
1963 0.225 0.3 0
1964 0.2375 0.3 0
1965 0.25 0.3 0
1966 0.2625 0.3 0
1967 0.275 0.3 0
1968 0.2875 0.3 0
1969 0.3 0.3 0
1970 0.3125 0.3 0
1971 0.325 0.3 0
1972 0.3375 0.3 0
1973 0.35 0.3 0
1974 0.3625 0.3 0
1975 0.375 0.3 0
1976 0.3875 0.3 0
1977 0.4 0.3 0
1978 0.4125 0.3 0
1979 0.425 0.3 0
1980 0.4375 0.3 0
1981 0.45 0.3 0
1982 0.4625 0.3 0
1983 0.475 0.3 0
1984 0.4875 0.3 0
1985 0.5 0.3 0
1986 0.5125 0.3 0
1987 0.525 0.3 0
1988 0.5375 0.3 0
1989 0.55 0.3 0
1990 0.5625 0.3 0
1991 0.575 0.3 0
1992 0.5875 0.3 0
1993 0.6 0.3 0
1994 0.6125 0.3 0
1995 0.625 0.3 0
1996 0.6375 0.3 0
1997 0.65 0.3 0
1998 0.6625 0.3 0
1999 0.675 0.3 0
2000 0.6875 0.3 0
2001 0.7 0.3 0
2002 0.7125 0.3 0
2003 0.725 0.3 0
2004 0.7375 0.3 0
2005 0.75 0.3 0
2006 0.7625 0.3 0
2007 0.775 0.3 0
2008 0.7875 0.3 0
2009 0.8 0.3 0
2010 0.8125 0.3 0
2011 0.825 0.3 0
2012 0.8375 0.3 0
2013 0.85 0.3 0
2014 0.8625 0.3 0
2015 0.875 0.3 0
2016 0.8875 0.3 0
2017 0.9 0.3 0
2018 0.9125 0.3 0
2019 0.925 0.3 0
2020 0.9375 0.3 0
2021 0.95 0.3 0
2022 0.9625 0.3 0
2023 0.975 0.3 0
2024 0.9875 0.3 0
2025 1 0.3 0
2026 0 0.3125 0
2027 0.0125 0.3125 0
2028 0.025 0.3125 0
2029 0.0375 0.3125 0
2030 0.05 0.3125 0
2031 0.0625 0.3125 0
2032 0.075 0.3125 0
2033 0.08749999999999999 0.3125 0
2034 0.1 0.3125 0
2035 0.1125 0.3125 0
2036 0.125 0.3125 0
2037 0.1375 0.3125 0
2038 0.15 0.3125 0
2039 0.1625 0.3125 0
2040 0.175 0.3125 0
2041 0.1875 0.3125 0
2042 0.2 0.3125 0
2043 0.2125 0.3125 0
2044 0.225 0.3125 0
2045 0.2375 0.3125 0
2046 0.25 0.3125 0
2047 0.2625 0.3125 0
2048 0.275 0.3125 0
2049 0.2875 0.3125 0
2050 0.3 0.3125 0
2051 0.3125 0.3125 0
2052 0.325 0.3125 0
2053 0.3375 0.3125 0
2054 0.35 0.3125 0
2055 0.3625 0.3125 0
2056 0.375 0.3125 0
2057 0.3875 0.3125 0
2058 0.4 0.3125 0
2059 0.4125 0.3125 0
2060 0.425 0.3125 0
2061 0.4375 0.3125 0
2062 0.45 0.3125 0
2063 0.4625 0.3125 0
2064 0.475 0.3125 0
2065 0.4875 0.3125 0
2066 0.5 0.3125 0
2067 0.5125 0.3125 0
2068 0.525 0.3125 0
2069 0.5375 0.3125 0
2070 0.55 0.3125 0
2071 0.5625 0.3125 0
2072 0.575 0.3125 0
2073 0.5875 0.3125 0
2074 0.6 0.3125 0
2075 0.6125 0.3125 0
2076 0.625 0.3125 0
2077 0.6375 0.3125 0
2078 0.65 0.3125 0
2079 0.6625 0.3125 0
2080 0.675 0.3125 0
2081 0.6875 0.3125 0
2082 0.7 0.3125 0
2083 0.7125 0.3125 0
2084 0.725 0.3125 0
2085 0.7375 0.3125 0
2086 0.75 0.3125 0
2087 0.7625 0.3125 0
2088 0.775 0.3125 0
2089 0.7875 0.3125 0
2090 0.8 0.3125 0
2091 0.8125 0.3125 0
2092 0.825 0.3125 0
2093 0.8375 0.3125 0
2094 0.85 0.3125 0
2095 0.8625 0.3125 0
2096 0.875 0.3125 0
2097 0.8875 0.3125 0
2098 0.9 0.3125 0
2099 0.9125 0.3125 0
2100 0.925 0.3125 0
2101 0.9375 0.3125 0
2102 0.95 0.3125 0
2103 0.9625 0.3125 0
2104 0.975 0.3125 0
2105 0.9875 0.3125 0
2106 1 0.3125 0
2107 0 0.325 0
2108 0.0125 0.325 0
2109 0.025 0.325 0
2110 0.0375 0.325 0
2111 0.05 0.325 0
2112 0.0625 0.325 0
2113 0.075 0.325 0
2114 0.08749999999999999 0.325 0
2115 0.1 0.325 0
2116 0.1125 0.325 0
2117 0.125 0.325 0
2118 0.1375 0.325 0
2119 0.15 0.325 0
2120 0.1625 0.325 0
2121 0.175 0.325 0
2122 0.1875 0.325 0
2123 0.2 0.325 0
2124 0.2125 0.325 0
2125 0.225 0.325 0
2126 0.2375 0.325 0
2127 0.25 0.325 0
2128 0.2625 0.325 0
2129 0.275 0.325 0
2130 0.2875 0.325 0
2131 0.3 0.325 0
2132 0.3125 0.325 0
2133 0.325 0.325 0
2134 0.3375 0.325 0
2135 0.35 0.325 0
2136 0.3625 0.325 0
2137 0.375 0.325 0
2138 0.3875 0.325 0
2139 0.4 0.325 0
2140 0.4125 0.325 0
2141 0.425 0.325 0
2142 0.4375 0.325 0
2143 0.45 0.325 0
2144 0.4625 0.325 0
2145 0.475 0.325 0
2146 0.4875 0.325 0
2147 0.5 0.325 0
2148 0.5125 0.325 0
2149 0.525 0.325 0
2150 0.5375 0.325 0
2151 0.55 0.325 0
2152 0.5625 0.325 0
2153 0.575 0.325 0
2154 0.5875 0.325 0
2155 0.6 0.325 0
2156 0.6125 0.325 0
2157 0.625 0.325 0
2158 0.6375 0.325 0
2159 0.65 0.325 0
2160 0.6625 0.325 0
2161 0.675 0.325 0
2162 0.6875 0.325 0
2163 0.7 0.325 0
2164 0.7125 0.325 0
2165 0.725 0.325 0
2166 0.7375 0.325 0
2167 0.75 0.325 0
2168 0.7625 0.325 0
2169 0.775 0.325 0
2170 0.7875 0.325 0
2171 0.8 0.325 0
2172 0.8125 0.325 0
2173 0.825 0.325 0
2174 0.8375 0.325 0
2175 0.85 0.325 0
2176 0.8625 0.325 0
2177 0.875 0.325 0
2178 0.8875 0.325 0
2179 0.9 0.325 0
2180 0.9125 0.325 0
2181 0.925 0.325 0
2182 0.9375 0.325 0
2183 0.95 0.325 0
2184 0.9625 0.325 0
2185 0.975 0.325 0
2186 0.9875 0.325 0
2187 1 0.325 0
2188 0 0.3375 0
2189 0.0125 0.3375 0
2190 0.025 0.3375 0
2191 0.0375 0.3375 0
2192 0.05 0.3375 0
2193 0.0625 0.3375 0
2194 0.075 0.3375 0
2195 0.08749999999999999 0.3375 0
2196 0.1 0.3375 0
2197 0.1125 0.3375 0
2198 0.125 0.3375 0
2199 0.1375 0.3375 0
2200 0.15 0.3375 0
2201 0.1625 0.3375 0
2202 0.175 0.3375 0
2203 0.1875 0.3375 0
2204 0.2 0.3375 0
2205 0.2125 0.3375 0
2206 0.225 0.3375 0
2207 0.2375 0.3375 0
2208 0.25 0.3375 0
2209 0.2625 0.3375 0
2210 0.275 0.3375 0
2211 0.2875 0.3375 0
2212 0.3 0.3375 0
2213 0.3125 0.3375 0
2214 0.325 0.3375 0
2215 0.3375 0.3375 0
2216 0.35 0.3375 0
2217 0.3625 0.3375 0
2218 0.375 0.3375 0
2219 0.3875 0.3375 0
2220 0.4 0.3375 0
2221 0.4125 0.3375 0
2222 0.425 0.3375 0
2223 0.4375 0.3375 0
2224 0.45 0.3375 0
2225 0.4625 0.3375 0
2226 0.475 0.3375 0
2227 0.4875 0.3375 0
2228 0.5 0.3375 0
2229 0.5125 0.3375 0
2230 0.525 0.3375 0
2231 0.5375 0.3375 0
2232 0.55 0.3375 0
2233 0.5625 0.3375 0
2234 0.575 0.3375 0
2235 0.5875 0.3375 0
2236 0.6 0.3375 0
2237 0.6125 0.3375 0
2238 0.625 0.3375 0
2239 0.6375 0.3375 0
2240 0.65 0.3375 0
2241 0.6625 0.3375 0
2242 0.675 0.3375 0
2243 0.6875 0.3375 0
2244 0.7 0.3375 0
2245 0.7125 0.3375 0
2246 0.725 0.3375 0
2247 0.7375 0.3375 0
2248 0.75 0.3375 0
2249 0.7625 0.3375 0
2250 0.775 0.3375 0
2251 0.7875 0.3375 0
2252 0.8 0.3375 0
2253 0.8125 0.3375 0
2254 0.825 0.3375 0
2255 0.8375 0.3375 0
2256 0.85 0.3375 0
2257 0.8625 0.3375 0
2258 0.875 0.3375 0
2259 0.8875 0.3375 0
2260 0.9 0.3375 0
2261 0.9125 0.3375 0
2262 0.925 0.3375 0
2263 0.9375 0.3375 0
2264 0.95 0.3375 0
2265 0.9625 0.3375 0
2266 0.975 0.3375 0
2267 0.9875 0.3375 0
2268 1 0.3375 0
2269 0 0.35 0
2270 0.0125 0.35 0
2271 0.025 0.35 0
2272 0.0375 0.35 0
2273 0.05 0.35 0
2274 0.0625 0.35 0
2275 0.075 0.35 0
2276 0.08749999999999999 0.35 0
2277 0.1 0.35 0
2278 0.1125 0.35 0
2279 0.125 0.35 0
2280 0.1375 0.35 0
2281 0.15 0.35 0
2282 0.1625 0.35 0
2283 0.175 0.35 0
2284 0.1875 0.35 0
2285 0.2 0.35 0
2286 0.2125 0.35 0
2287 0.225 0.35 0
2288 0.2375 0.35 0
2289 0.25 0.35 0
2290 0.2625 0.35 0
2291 0.275 0.35 0
2292 0.2875 0.35 0
2293 0.3 0.35 0
2294 0.3125 0.35 0
2295 0.325 0.35 0
2296 0.3375 0.35 0
2297 0.35 0.35 0
2298 0.3625 0.35 0
2299 0.375 0.35 0
2300 0.3875 0.35 0
2301 0.4 0.35 0
2302 0.4125 0.35 0
2303 0.425 0.35 0
2304 0.4375 0.35 0
2305 0.45 0.35 0
2306 0.4625 0.35 0
2307 0.475 0.35 0
2308 0.4875 0.35 0
2309 0.5 0.35 0
2310 0.5125 0.35 0
2311 0.525 0.35 0
2312 0.5375 0.35 0
2313 0.55 0.35 0
2314 0.5625 0.35 0
2315 0.575 0.35 0
2316 0.5875 0.35 0
2317 0.6 0.35 0
2318 0.6125 0.35 0
2319 0.625 0.35 0
2320 0.6375 0.35 0
2321 0.65 0.35 0
2322 0.6625 0.35 0
2323 0.675 0.35 0
2324 0.6875 0.35 0
2325 0.7 0.35 0
2326 0.7125 0.35 0
2327 0.725 0.35 0
2328 0.7375 0.35 0
2329 0.75 0.35 0
2330 0.7625 0.35 0
2331 0.775 0.35 0
2332 0.7875 0.35 0
2333 0.8 0.35 0
2334 0.8125 0.35 0
2335 0.825 0.35 0
2336 0.8375 0.35 0
2337 0.85 0.35 0
2338 0.8625 0.35 0
2339 0.875 0.35 0
2340 0.8875 0.35 0
2341 0.9 0.35 0
2342 0.9125 0.35 0
2343 0.925 0.35 0
2344 0.9375 0.35 0
2345 0.95 0.35 0
2346 0.9625 0.35 0
2347 0.975 0.35 0
2348 0.9875 0.35 0
2349 1 0.35 0
2350 0 0.3625 0
2351 0.0125 0.3625 0
2352 0.025 0.3625 0
2353 0.0375 0.3625 0
2354 0.05 0.3625 0
2355 0.0625 0.3625 0
2356 0.075 0.3625 0
2357 0.08749999999999999 0.3625 0
2358 0.1 0.3625 0
2359 0.1125 0.3625 0
2360 0.125 0.3625 0
2361 0.1375 0.3625 0
2362 0.15 0.3625 0
2363 0.1625 0.3625 0
2364 0.175 0.3625 0
2365 0.1875 0.3625 0
2366 0.2 0.3625 0
2367 0.2125 0.3625 0
2368 0.225 0.3625 0
2369 0.2375 0.3625 0
2370 0.25 0.3625 0
2371 0.2625 0.3625 0
2372 0.275 0.3625 0
2373 0.2875 0.3625 0
2374 0.3 0.3625 0
2375 0.3125 0.3625 0
2376 0.325 0.3625 0
2377 0.3375 0.3625 0
2378 0.35 0.3625 0
2379 0.3625 0.3625 0
2380 0.375 0.3625 0
2381 0.3875 0.3625 0
2382 0.4 0.3625 0
2383 0.4125 0.3625 0
2384 0.425 0.3625 0
2385 0.4375 0.3625 0
2386 0.45 0.3625 0
2387 0.4625 0.3625 0
2388 0.475 0.3625 0
2389 0.4875 0.3625 0
2390 0.5 0.3625 0
2391 0.5125 0.3625 0
2392 0.525 0.3625 0
2393 0.5375 0.3625 0
2394 0.55 0.3625 0
2395 0.5625 0.3625 0
2396 0.575 0.3625 0
2397 0.5875 0.3625 0
2398 0.6 0.3625 0
2399 0.6125 0.3625 0
2400 0.625 0.3625 0
2401 0.6375 0.3625 0
2402 0.65 0.3625 0
2403 0.6625 0.3625 0
2404 0.675 0.3625 0
2405 0.6875 0.3625 0
2406 0.7 0.3625 0
2407 0.7125 0.3625 0
2408 0.725 0.3625 0
2409 0.7375 0.3625 0
2410 0.75 0.3625 0
2411 0.7625 0.3625 0
2412 0.775 0.3625 0
2413 0.7875 0.3625 0
2414 0.8 0.3625 0
2415 0.8125 0.3625 0
2416 0.825 0.3625 0
2417 0.8375 0.3625 0
2418 0.85 0.3625 0
2419 0.8625 0.3625 0
2420 0.875 0.3625 0
2421 0.8875 0.3625 0
2422 0.9 0.3625 0
2423 0.9125 0.3625 0
2424 0.925 0.3625 0
2425 0.9375 0.3625 0
2426 0.95 0.3625 0
2427 0.9625 0.3625 0
2428 0.975 0.3625 0
2429 0.9875 0.3625 0
2430 1 0.3625 0
2431 0 0.375 0
2432 0.0125 0.375 0
2433 0.025 0.375 0
2434 0.0375 0.375 0
2435 0.05 0.375 0
2436 0.0625 0.375 0
2437 0.075 0.375 0
2438 0.08749999999999999 0.375 0
2439 0.1 0.375 0
2440 0.1125 0.375 0
2441 0.125 0.375 0
2442 0.1375 0.375 0
2443 0.15 0.375 0
2444 0.1625 0.375 0
2445 0.175 0.375 0
2446 0.1875 0.375 0
2447 0.2 0.375 0
2448 0.2125 0.375 0
2449 0.225 0.375 0
2450 0.2375 0.375 0
2451 0.25 0.375 0
2452 0.2625 0.375 0
2453 0.275 0.375 0
2454 0.2875 0.375 0
2455 0.3 0.375 0
2456 0.3125 0.375 0
2457 0.325 0.375 0
2458 0.3375 0.375 0
2459 0.35 0.375 0
2460 0.3625 0.375 0
2461 0.375 0.375 0
2462 0.3875 0.375 0
2463 0.4 0.375 0
2464 0.4125 0.375 0
2465 0.425 0.375 0
2466 0.4375 0.375 0
2467 0.45 0.375 0
2468 0.4625 0.375 0
2469 0.475 0.375 0
2470 0.4875 0.375 0
2471 0.5 0.375 0
2472 0.5125 0.375 0
2473 0.525 0.375 0
2474 0.5375 0.375 0
2475 0.55 0.375 0
2476 0.5625 0.375 0
2477 0.575 0.375 0
2478 0.5875 0.375 0
2479 0.6 0.375 0
2480 0.6125 0.375 0
2481 0.625 0.375 0
2482 0.6375 0.375 0
2483 0.65 0.375 0
2484 0.6625 0.375 0
2485 0.675 0.375 0
2486 0.6875 0.375 0
2487 0.7 0.375 0
2488 0.7125 0.375 0
2489 0.725 0.375 0
2490 0.7375 0.375 0
2491 0.75 0.375 0
2492 0.7625 0.375 0
2493 0.775 0.375 0
2494 0.7875 0.375 0
2495 0.8 0.375 0
2496 0.8125 0.375 0
2497 0.825 0.375 0
2498 0.8375 0.375 0
2499 0.85 0.375 0
2500 0.8625 0.375 0
2501 0.875 0.375 0
2502 0.8875 0.375 0
2503 0.9 0.375 0
2504 0.9125 0.375 0
2505 0.925 0.375 0
2506 0.9375 0.375 0
2507 0.95 0.375 0
2508 0.9625 0.375 0
2509 0.975 0.375 0
2510 0.9875 0.375 0
2511 1 0.375 0
2512 0 0.3875 0
2513 0.0125 0.3875 0
2514 0.025 0.3875 0
2515 0.0375 0.3875 0
2516 0.05 0.3875 0
2517 0.0625 0.3875 0
2518 0.075 0.3875 0
2519 0.08749999999999999 0.3875 0
2520 0.1 0.3875 0
2521 0.1125 0.3875 0
2522 0.125 0.3875 0
2523 0.1375 0.3875 0
2524 0.15 0.3875 0
2525 0.1625 0.3875 0
2526 0.175 0.3875 0
2527 0.1875 0.3875 0
2528 0.2 0.3875 0
2529 0.2125 0.3875 0
2530 0.225 0.3875 0
2531 0.2375 0.3875 0
2532 0.25 0.3875 0
2533 0.2625 0.3875 0
2534 0.275 0.3875 0
2535 0.2875 0.3875 0
2536 0.3 0.3875 0
2537 0.3125 0.3875 0
2538 0.325 0.3875 0
2539 0.3375 0.3875 0
2540 0.35 0.3875 0
2541 0.3625 0.3875 0
2542 0.375 0.3875 0
2543 0.3875 0.3875 0
2544 0.4 0.3875 0
2545 0.4125 0.3875 0
2546 0.425 0.3875 0
2547 0.4375 0.3875 0
2548 0.45 0.3875 0
2549 0.4625 0.3875 0
2550 0.475 0.3875 0
2551 0.4875 0.3875 0
2552 0.5 0.3875 0
2553 0.5125 0.3875 0
2554 0.525 0.3875 0
2555 0.5375 0.3875 0
2556 0.55 0.3875 0
2557 0.5625 0.3875 0
2558 0.575 0.3875 0
2559 0.5875 0.3875 0
2560 0.6 0.3875 0
2561 0.6125 0.3875 0
2562 0.625 0.3875 0
2563 0.6375 0.3875 0
2564 0.65 0.3875 0
2565 0.6625 0.3875 0
2566 0.675 0.3875 0
2567 0.6875 0.3875 0
2568 0.7 0.3875 0
2569 0.7125 0.3875 0
2570 0.725 0.3875 0
2571 0.7375 0.3875 0
2572 0.75 0.3875 0
2573 0.7625 0.3875 0
2574 0.775 0.3875 0
2575 0.7875 0.3875 0
2576 0.8 0.3875 0
2577 0.8125 0.3875 0
2578 0.825 0.3875 0
2579 0.8375 0.3875 0
2580 0.85 0.3875 0
2581 0.8625 0.3875 0
2582 0.875 0.3875 0
2583 0.8875 0.3875 0
2584 0.9 0.3875 0
2585 0.9125 0.3875 0
2586 0.925 0.3875 0
2587 0.9375 0.3875 0
2588 0.95 0.3875 0
2589 0.9625 0.3875 0
2590 0.975 0.3875 0
2591 0.9875 0.3875 0
2592 1 0.3875 0
2593 0 0.4 0
2594 0.0125 0.4 0
2595 0.025 0.4 0
2596 0.0375 0.4 0
2597 0.05 0.4 0
2598 0.0625 0.4 0
2599 0.075 0.4 0
2600 0.08749999999999999 0.4 0
2601 0.1 0.4 0
2602 0.1125 0.4 0
2603 0.125 0.4 0
2604 0.1375 0.4 0
2605 0.15 0.4 0
2606 0.1625 0.4 0
2607 0.175 0.4 0
2608 0.1875 0.4 0
2609 0.2 0.4 0
2610 0.2125 0.4 0
2611 0.225 0.4 0
2612 0.2375 0.4 0
2613 0.25 0.4 0
2614 0.2625 0.4 0
2615 0.275 0.4 0
2616 0.2875 0.4 0
2617 0.3 0.4 0
2618 0.3125 0.4 0
2619 0.325 0.4 0
2620 0.3375 0.4 0
2621 0.35 0.4 0
2622 0.3625 0.4 0
2623 0.375 0.4 0
2624 0.3875 0.4 0
2625 0.4 0.4 0
2626 0.4125 0.4 0
2627 0.425 0.4 0
2628 0.4375 0.4 0
2629 0.45 0.4 0
2630 0.4625 0.4 0
2631 0.475 0.4 0
2632 0.4875 0.4 0
2633 0.5 0.4 0
2634 0.5125 0.4 0
2635 0.525 0.4 0
2636 0.5375 0.4 0
2637 0.55 0.4 0
2638 0.5625 0.4 0
2639 0.575 0.4 0
2640 0.5875 0.4 0
2641 0.6 0.4 0
2642 0.6125 0.4 0
2643 0.625 0.4 0
2644 0.6375 0.4 0
2645 0.65 0.4 0
2646 0.6625 0.4 0
2647 0.675 0.4 0
2648 0.6875 0.4 0
2649 0.7 0.4 0
2650 0.7125 0.4 0
2651 0.725 0.4 0
2652 0.7375 0.4 0
2653 0.75 0.4 0
2654 0.7625 0.4 0
2655 0.775 0.4 0
2656 0.7875 0.4 0
2657 0.8 0.4 0
2658 0.8125 0.4 0
2659 0.825 0.4 0
2660 0.8375 0.4 0
2661 0.85 0.4 0
2662 0.8625 0.4 0
2663 0.875 0.4 0
2664 0.8875 0.4 0
2665 0.9 0.4 0
2666 0.9125 0.4 0
2667 0.925 0.4 0
2668 0.9375 0.4 0
2669 0.95 0.4 0
2670 0.9625 0.4 0
2671 0.975 0.4 0
2672 0.9875 0.4 0
2673 1 0.4 0
2674 0 0.4125 0
2675 0.0125 0.4125 0
2676 0.025 0.4125 0
2677 0.0375 0.4125 0
2678 0.05 0.4125 0
2679 0.0625 0.4125 0
2680 0.075 0.4125 0
2681 0.08749999999999999 0.4125 0
2682 0.1 0.4125 0
2683 0.1125 0.4125 0
2684 0.125 0.4125 0
2685 0.1375 0.4125 0
2686 0.15 0.4125 0
2687 0.1625 0.4125 0
2688 0.175 0.4125 0
2689 0.1875 0.4125 0
2690 0.2 0.4125 0
2691 0.2125 0.4125 0
2692 0.225 0.4125 0
2693 0.2375 0.4125 0
2694 0.25 0.4125 0
2695 0.2625 0.4125 0
2696 0.275 0.4125 0
2697 0.2875 0.4125 0
2698 0.3 0.4125 0
2699 0.3125 0.4125 0
2700 0.325 0.4125 0
2701 0.3375 0.4125 0
2702 0.35 0.4125 0
2703 0.3625 0.4125 0
2704 0.375 0.4125 0
2705 0.3875 0.4125 0
2706 0.4 0.4125 0
2707 0.4125 0.4125 0
2708 0.425 0.4125 0
2709 0.4375 0.4125 0
2710 0.45 0.4125 0
2711 0.4625 0.4125 0
2712 0.475 0.4125 0
2713 0.4875 0.4125 0
2714 0.5 0.4125 0
2715 0.5125 0.4125 0
2716 0.525 0.4125 0
2717 0.5375 0.4125 0
2718 0.55 0.4125 0
2719 0.5625 0.4125 0
2720 0.575 0.4125 0
2721 0.5875 0.4125 0
2722 0.6 0.4125 0
2723 0.6125 0.4125 0
2724 0.625 0.4125 0
2725 0.6375 0.4125 0
2726 0.65 0.4125 0
2727 0.6625 0.4125 0
2728 0.675 0.4125 0
2729 0.6875 0.4125 0
2730 0.7 0.4125 0
2731 0.7125 0.4125 0
2732 0.725 0.4125 0
2733 0.7375 0.4125 0
2734 0.75 0.4125 0
2735 0.7625 0.4125 0
2736 0.775 0.4125 0
2737 0.7875 0.4125 0
2738 0.8 0.4125 0
2739 0.8125 0.4125 0
2740 0.825 0.4125 0
2741 0.8375 0.4125 0
2742 0.85 0.4125 0
2743 0.8625 0.4125 0
2744 0.875 0.4125 0
2745 0.8875 0.4125 0
2746 0.9 0.4125 0
2747 0.9125 0.4125 0
2748 0.925 0.4125 0
2749 0.9375 0.4125 0
2750 0.95 0.4125 0
2751 0.9625 0.4125 0
2752 0.975 0.4125 0
2753 0.9875 0.4125 0
2754 1 0.4125 0
2755 0 0.425 0
2756 0.0125 0.425 0
2757 0.025 0.425 0
2758 0.0375 0.425 0
2759 0.05 0.425 0
2760 0.0625 0.425 0
2761 0.075 0.425 0
2762 0.08749999999999999 0.425 0
2763 0.1 0.425 0
2764 0.1125 0.425 0
2765 0.125 0.425 0
2766 0.1375 0.425 0
2767 0.15 0.425 0
2768 0.1625 0.425 0
2769 0.175 0.425 0
2770 0.1875 0.425 0
2771 0.2 0.425 0
2772 0.2125 0.425 0
2773 0.225 0.425 0
2774 0.2375 0.425 0
2775 0.25 0.425 0
2776 0.2625 0.425 0
2777 0.275 0.425 0
2778 0.2875 0.425 0
2779 0.3 0.425 0
2780 0.3125 0.425 0
2781 0.325 0.425 0
2782 0.3375 0.425 0
2783 0.35 0.425 0
2784 0.3625 0.425 0
2785 0.375 0.425 0
2786 0.3875 0.425 0
2787 0.4 0.425 0
2788 0.4125 0.425 0
2789 0.425 0.425 0
2790 0.4375 0.425 0
2791 0.45 0.425 0
2792 0.4625 0.425 0
2793 0.475 0.425 0
2794 0.4875 0.425 0
2795 0.5 0.425 0
2796 0.5125 0.425 0
2797 0.525 0.425 0
2798 0.5375 0.425 0
2799 0.55 0.425 0
2800 0.5625 0.425 0
2801 0.575 0.425 0
2802 0.5875 0.425 0
2803 0.6 0.425 0
2804 0.6125 0.425 0
2805 0.625 0.425 0
2806 0.6375 0.425 0
2807 0.65 0.425 0
2808 0.6625 0.425 0
2809 0.675 0.425 0
2810 0.6875 0.425 0
2811 0.7 0.425 0
2812 0.7125 0.425 0
2813 0.725 0.425 0
2814 0.7375 0.425 0
2815 0.75 0.425 0
2816 0.7625 0.425 0
2817 0.775 0.425 0
2818 0.7875 0.425 0
2819 0.8 0.425 0
2820 0.8125 0.425 0
2821 0.825 0.425 0
2822 0.8375 0.425 0
2823 0.85 0.425 0
2824 0.8625 0.425 0
2825 0.875 0.425 0
2826 0.8875 0.425 0
2827 0.9 0.425 0
2828 0.9125 0.425 0
2829 0.925 0.425 0
2830 0.9375 0.425 0
2831 0.95 0.425 0
2832 0.9625 0.425 0
2833 0.975 0.425 0
2834 0.9875 0.425 0
2835 1 0.425 0
2836 0 0.4375 0
2837 0.0125 0.4375 0
2838 0.025 0.4375 0
2839 0.0375 0.4375 0
2840 0.05 0.4375 0
2841 0.0625 0.4375 0
2842 0.075 0.4375 0
2843 0.08749999999999999 0.4375 0
2844 0.1 0.4375 0
2845 0.1125 0.4375 0
2846 0.125 0.4375 0
2847 0.1375 0.4375 0
2848 0.15 0.4375 0
2849 0.1625 0.4375 0
2850 0.175 0.4375 0
2851 0.1875 0.4375 0
2852 0.2 0.4375 0
2853 0.2125 0.4375 0
2854 0.225 0.4375 0
2855 0.2375 0.4375 0
2856 0.25 0.4375 0
2857 0.2625 0.4375 0
2858 0.275 0.4375 0
2859 0.2875 0.4375 0
2860 0.3 0.4375 0
2861 0.3125 0.4375 0
2862 0.325 0.4375 0
2863 0.3375 0.4375 0
2864 0.35 0.4375 0
2865 0.3625 0.4375 0
2866 0.375 0.4375 0
2867 0.3875 0.4375 0
2868 0.4 0.4375 0
2869 0.4125 0.4375 0
2870 0.425 0.4375 0
2871 0.4375 0.4375 0
2872 0.45 0.4375 0
2873 0.4625 0.4375 0
2874 0.475 0.4375 0
2875 0.4875 0.4375 0
2876 0.5 0.4375 0
2877 0.5125 0.4375 0
2878 0.525 0.4375 0
2879 0.5375 0.4375 0
2880 0.55 0.4375 0
2881 0.5625 0.4375 0
2882 0.575 0.4375 0
2883 0.5875 0.4375 0
2884 0.6 0.4375 0
2885 0.6125 0.4375 0
2886 0.625 0.4375 0
2887 0.6375 0.4375 0
2888 0.65 0.4375 0
2889 0.6625 0.4375 0
2890 0.675 0.4375 0
2891 0.6875 0.4375 0
2892 0.7 0.4375 0
2893 0.7125 0.4375 0
2894 0.725 0.4375 0
2895 0.7375 0.4375 0
2896 0.75 0.4375 0
2897 0.7625 0.4375 0
2898 0.775 0.4375 0
2899 0.7875 0.4375 0
2900 0.8 0.4375 0
2901 0.8125 0.4375 0
2902 0.825 0.4375 0
2903 0.8375 0.4375 0
2904 0.85 0.4375 0
2905 0.8625 0.4375 0
2906 0.875 0.4375 0
2907 0.8875 0.4375 0
2908 0.9 0.4375 0
2909 0.9125 0.4375 0
2910 0.925 0.4375 0
2911 0.9375 0.4375 0
2912 0.95 0.4375 0
2913 0.9625 0.4375 0
2914 0.975 0.4375 0
2915 0.9875 0.4375 0
2916 1 0.4375 0
2917 0 0.45 0
2918 0.0125 0.45 0
2919 0.025 0.45 0
2920 0.0375 0.45 0
2921 0.05 0.45 0
2922 0.0625 0.45 0
2923 0.075 0.45 0
2924 0.08749999999999999 0.45 0
2925 0.1 0.45 0
2926 0.1125 0.45 0
2927 0.125 0.45 0
2928 0.1375 0.45 0
2929 0.15 0.45 0
2930 0.1625 0.45 0
2931 0.175 0.45 0
2932 0.1875 0.45 0
2933 0.2 0.45 0
2934 0.2125 0.45 0
2935 0.225 0.45 0
2936 0.2375 0.45 0
2937 0.25 0.45 0
2938 0.2625 0.45 0
2939 0.275 0.45 0
2940 0.2875 0.45 0
2941 0.3 0.45 0
2942 0.3125 0.45 0
2943 0.325 0.45 0
2944 0.3375 0.45 0
2945 0.35 0.45 0
2946 0.3625 0.45 0
2947 0.375 0.45 0
2948 0.3875 0.45 0
2949 0.4 0.45 0
2950 0.4125 0.45 0
2951 0.425 0.45 0
2952 0.4375 0.45 0
2953 0.45 0.45 0
2954 0.4625 0.45 0
2955 0.475 0.45 0
2956 0.4875 0.45 0
2957 0.5 0.45 0
2958 0.5125 0.45 0
2959 0.525 0.45 0
2960 0.5375 0.45 0
2961 0.55 0.45 0
2962 0.5625 0.45 0
2963 0.575 0.45 0
2964 0.5875 0.45 0
2965 0.6 0.45 0
2966 0.6125 0.45 0
2967 0.625 0.45 0
2968 0.6375 0.45 0
2969 0.65 0.45 0
2970 0.6625 0.45 0
2971 0.675 0.45 0
2972 0.6875 0.45 0
2973 0.7 0.45 0
2974 0.7125 0.45 0
2975 0.725 0.45 0
2976 0.7375 0.45 0
2977 0.75 0.45 0
2978 0.7625 0.45 0
2979 0.775 0.45 0
2980 0.7875 0.45 0
2981 0.8 0.45 0
2982 0.8125 0.45 0
2983 0.825 0.45 0
2984 0.8375 0.45 0
2985 0.85 0.45 0
2986 0.8625 0.45 0
2987 0.875 0.45 0
2988 0.8875 0.45 0
2989 0.9 0.45 0
2990 0.9125 0.45 0
2991 0.925 0.45 0
2992 0.9375 0.45 0
2993 0.95 0.45 0
2994 0.9625 0.45 0
2995 0.975 0.45 0
2996 0.9875 0.45 0
2997 1 0.45 0
2998 0 0.4625 0
2999 0.0125 0.4625 0
3000 0.025 0.4625 0
3001 0.0375 0.4625 0
3002 0.05 0.4625 0
3003 0.0625 0.4625 0
3004 0.075 0.4625 0
3005 0.08749999999999999 0.4625 0
3006 0.1 0.4625 0
3007 0.1125 0.4625 0
3008 0.125 0.4625 0
3009 0.1375 0.4625 0
3010 0.15 0.4625 0
3011 0.1625 0.4625 0
3012 0.175 0.4625 0
3013 0.1875 0.4625 0
3014 0.2 0.4625 0
3015 0.2125 0.4625 0
3016 0.225 0.4625 0
3017 0.2375 0.4625 0
3018 0.25 0.4625 0
3019 0.2625 0.4625 0
3020 0.275 0.4625 0
3021 0.2875 0.4625 0
3022 0.3 0.4625 0
3023 0.3125 0.4625 0
3024 0.325 0.4625 0
3025 0.3375 0.4625 0
3026 0.35 0.4625 0
3027 0.3625 0.4625 0
3028 0.375 0.4625 0
3029 0.3875 0.4625 0
3030 0.4 0.4625 0
3031 0.4125 0.4625 0
3032 0.425 0.4625 0
3033 0.4375 0.4625 0
3034 0.45 0.4625 0
3035 0.4625 0.4625 0
3036 0.475 0.4625 0
3037 0.4875 0.4625 0
3038 0.5 0.4625 0
3039 0.5125 0.4625 0
3040 0.525 0.4625 0
3041 0.5375 0.4625 0
3042 0.55 0.4625 0
3043 0.5625 0.4625 0
3044 0.575 0.4625 0
3045 0.5875 0.4625 0
3046 0.6 0.4625 0
3047 0.6125 0.4625 0
3048 0.625 0.4625 0
3049 0.6375 0.4625 0
3050 0.65 0.4625 0
3051 0.6625 0.4625 0
3052 0.675 0.4625 0
3053 0.6875 0.4625 0
3054 0.7 0.4625 0
3055 0.7125 0.4625 0
3056 0.725 0.4625 0
3057 0.7375 0.4625 0
3058 0.75 0.4625 0
3059 0.7625 0.4625 0
3060 0.775 0.4625 0
3061 0.7875 0.4625 0
3062 0.8 0.4625 0
3063 0.8125 0.4625 0
3064 0.825 0.4625 0
3065 0.8375 0.4625 0
3066 0.85 0.4625 0
3067 0.8625 0.4625 0
3068 0.875 0.4625 0
3069 0.8875 0.4625 0
3070 0.9 0.4625 0
3071 0.9125 0.4625 0
3072 0.925 0.4625 0
3073 0.9375 0.4625 0
3074 0.95 0.4625 0
3075 0.9625 0.4625 0
3076 0.975 0.4625 0
3077 0.9875 0.4625 0
3078 1 0.4625 0
3079 0 0.475 0
3080 0.0125 0.475 0
3081 0.025 0.475 0
3082 0.0375 0.475 0
3083 0.05 0.475 0
3084 0.0625 0.475 0
3085 0.075 0.475 0
3086 0.08749999999999999 0.475 0
3087 0.1 0.475 0
3088 0.1125 0.475 0
3089 0.125 0.475 0
3090 0.1375 0.475 0
3091 0.15 0.475 0
3092 0.1625 0.475 0
3093 0.175 0.475 0
3094 0.1875 0.475 0
3095 0.2 0.475 0
3096 0.2125 0.475 0
3097 0.225 0.475 0
3098 0.2375 0.475 0
3099 0.25 0.475 0
3100 0.2625 0.475 0
3101 0.275 0.475 0
3102 0.2875 0.475 0
3103 0.3 0.475 0
3104 0.3125 0.475 0
3105 0.325 0.475 0
3106 0.3375 0.475 0
3107 0.35 0.475 0
3108 0.3625 0.475 0
3109 0.375 0.475 0
3110 0.3875 0.475 0
3111 0.4 0.475 0
3112 0.4125 0.475 0
3113 0.425 0.475 0
3114 0.4375 0.475 0
3115 0.45 0.475 0
3116 0.4625 0.475 0
3117 0.475 0.475 0
3118 0.4875 0.475 0
3119 0.5 0.475 0
3120 0.5125 0.475 0
3121 0.525 0.475 0
3122 0.5375 0.475 0
3123 0.55 0.475 0
3124 0.5625 0.475 0
3125 0.575 0.475 0
3126 0.5875 0.475 0
3127 0.6 0.475 0
3128 0.6125 0.475 0
3129 0.625 0.475 0
3130 0.6375 0.475 0
3131 0.65 0.475 0
3132 0.6625 0.475 0
3133 0.675 0.475 0
3134 0.6875 0.475 0
3135 0.7 0.475 0
3136 0.7125 0.475 0
3137 0.725 0.475 0
3138 0.7375 0.475 0
3139 0.75 0.475 0
3140 0.7625 0.475 0
3141 0.775 0.475 0
3142 0.7875 0.475 0
3143 0.8 0.475 0
3144 0.8125 0.475 0
3145 0.825 0.475 0
3146 0.8375 0.475 0
3147 0.85 0.475 0
3148 0.8625 0.475 0
3149 0.875 0.475 0
3150 0.8875 0.475 0
3151 0.9 0.475 0
3152 0.9125 0.475 0
3153 0.925 0.475 0
3154 0.9375 0.475 0
3155 0.95 0.475 0
3156 0.9625 0.475 0
3157 0.975 0.475 0
3158 0.9875 0.475 0
3159 1 0.475 0
3160 0 0.4875 0
3161 0.0125 0.4875 0
3162 0.025 0.4875 0
3163 0.0375 0.4875 0
3164 0.05 0.4875 0
3165 0.0625 0.4875 0
3166 0.075 0.4875 0
3167 0.08749999999999999 0.4875 0
3168 0.1 0.4875 0
3169 0.1125 0.4875 0
3170 0.125 0.4875 0
3171 0.1375 0.4875 0
3172 0.15 0.4875 0
3173 0.1625 0.4875 0
3174 0.175 0.4875 0
3175 0.1875 0.4875 0
3176 0.2 0.4875 0
3177 0.2125 0.4875 0
3178 0.225 0.4875 0
3179 0.2375 0.4875 0
3180 0.25 0.4875 0
3181 0.2625 0.4875 0
3182 0.275 0.4875 0
3183 0.2875 0.4875 0
3184 0.3 0.4875 0
3185 0.3125 0.4875 0
3186 0.325 0.4875 0
3187 0.3375 0.4875 0
3188 0.35 0.4875 0
3189 0.3625 0.4875 0
3190 0.375 0.4875 0
3191 0.3875 0.4875 0
3192 0.4 0.4875 0
3193 0.4125 0.4875 0
3194 0.425 0.4875 0
3195 0.4375 0.4875 0
3196 0.45 0.4875 0
3197 0.4625 0.4875 0
3198 0.475 0.4875 0
3199 0.4875 0.4875 0
3200 0.5 0.4875 0
3201 0.5125 0.4875 0
3202 0.525 0.4875 0
3203 0.5375 0.4875 0
3204 0.55 0.4875 0
3205 0.5625 0.4875 0
3206 0.575 0.4875 0
3207 0.5875 0.4875 0
3208 0.6 0.4875 0
3209 0.6125 0.4875 0
3210 0.625 0.4875 0
3211 0.6375 0.4875 0
3212 0.65 0.4875 0
3213 0.6625 0.4875 0
3214 0.675 0.4875 0
3215 0.6875 0.4875 0
3216 0.7 0.4875 0
3217 0.7125 0.4875 0
3218 0.725 0.4875 0
3219 0.7375 0.4875 0
3220 0.75 0.4875 0
3221 0.7625 0.4875 0
3222 0.775 0.4875 0
3223 0.7875 0.4875 0
3224 0.8 0.4875 0
3225 0.8125 0.4875 0
3226 0.825 0.4875 0
3227 0.8375 0.4875 0
3228 0.85 0.4875 0
3229 0.8625 0.4875 0
3230 0.875 0.4875 0
3231 0.8875 0.4875 0
3232 0.9 0.4875 0
3233 0.9125 0.4875 0
3234 0.925 0.4875 0
3235 0.9375 0.4875 0
3236 0.95 0.4875 0
3237 0.9625 0.4875 0
3238 0.975 0.4875 0
3239 0.9875 0.4875 0
3240 1 0.4875 0
3241 0 0.5 0
3242 0.0125 0.5 0
3243 0.025 0.5 0
3244 0.0375 0.5 0
3245 0.05 0.5 0
3246 0.0625 0.5 0
3247 0.075 0.5 0
3248 0.08749999999999999 0.5 0
3249 0.1 0.5 0
3250 0.1125 0.5 0
3251 0.125 0.5 0
3252 0.1375 0.5 0
3253 0.15 0.5 0
3254 0.1625 0.5 0
3255 0.175 0.5 0
3256 0.1875 0.5 0
3257 0.2 0.5 0
3258 0.2125 0.5 0
3259 0.225 0.5 0
3260 0.2375 0.5 0
3261 0.25 0.5 0
3262 0.2625 0.5 0
3263 0.275 0.5 0
3264 0.2875 0.5 0
3265 0.3 0.5 0
3266 0.3125 0.5 0
3267 0.325 0.5 0
3268 0.3375 0.5 0
3269 0.35 0.5 0
3270 0.3625 0.5 0
3271 0.375 0.5 0
3272 0.3875 0.5 0
3273 0.4 0.5 0
3274 0.4125 0.5 0
3275 0.425 0.5 0
3276 0.4375 0.5 0
3277 0.45 0.5 0
3278 0.4625 0.5 0
3279 0.475 0.5 0
3280 0.4875 0.5 0
3281 0.5 0.5 0
3282 0.5125 0.5 0
3283 0.525 0.5 0
3284 0.5375 0.5 0
3285 0.55 0.5 0
3286 0.5625 0.5 0
3287 0.575 0.5 0
3288 0.5875 0.5 0
3289 0.6 0.5 0
3290 0.6125 0.5 0
3291 0.625 0.5 0
3292 0.6375 0.5 0
3293 0.65 0.5 0
3294 0.6625 0.5 0
3295 0.675 0.5 0
3296 0.6875 0.5 0
3297 0.7 0.5 0
3298 0.7125 0.5 0
3299 0.725 0.5 0
3300 0.7375 0.5 0
3301 0.75 0.5 0
3302 0.7625 0.5 0
3303 0.775 0.5 0
3304 0.7875 0.5 0
3305 0.8 0.5 0
3306 0.8125 0.5 0
3307 0.825 0.5 0
3308 0.8375 0.5 0
3309 0.85 0.5 0
3310 0.8625 0.5 0
3311 0.875 0.5 0
3312 0.8875 0.5 0
3313 0.9 0.5 0
3314 0.9125 0.5 0
3315 0.925 0.5 0
3316 0.9375 0.5 0
3317 0.95 0.5 0
3318 0.9625 0.5 0
3319 0.975 0.5 0
3320 0.9875 0.5 0
3321 1 0.5 0
3322 0 0.5125 0
3323 0.0125 0.5125 0
3324 0.025 0.5125 0
3325 0.0375 0.5125 0
3326 0.05 0.5125 0
3327 0.0625 0.5125 0
3328 0.075 0.5125 0
3329 0.08749999999999999 0.5125 0
3330 0.1 0.5125 0
3331 0.1125 0.5125 0
3332 0.125 0.5125 0
3333 0.1375 0.5125 0
3334 0.15 0.5125 0
3335 0.1625 0.5125 0
3336 0.175 0.5125 0
3337 0.1875 0.5125 0
3338 0.2 0.5125 0
3339 0.2125 0.5125 0
3340 0.225 0.5125 0
3341 0.2375 0.5125 0
3342 0.25 0.5125 0
3343 0.2625 0.5125 0
3344 0.275 0.5125 0
3345 0.2875 0.5125 0
3346 0.3 0.5125 0
3347 0.3125 0.5125 0
3348 0.325 0.5125 0
3349 0.3375 0.5125 0
3350 0.35 0.5125 0
3351 0.3625 0.5125 0
3352 0.375 0.5125 0
3353 0.3875 0.5125 0
3354 0.4 0.5125 0
3355 0.4125 0.5125 0
3356 0.425 0.5125 0
3357 0.4375 0.5125 0
3358 0.45 0.5125 0
3359 0.4625 0.5125 0
3360 0.475 0.5125 0
3361 0.4875 0.5125 0
3362 0.5 0.5125 0
3363 0.5125 0.5125 0
3364 0.525 0.5125 0
3365 0.5375 0.5125 0
3366 0.55 0.5125 0
3367 0.5625 0.5125 0
3368 0.575 0.5125 0
3369 0.5875 0.5125 0
3370 0.6 0.5125 0
3371 0.6125 0.5125 0
3372 0.625 0.5125 0
3373 0.6375 0.5125 0
3374 0.65 0.5125 0
3375 0.6625 0.5125 0
3376 0.675 0.5125 0
3377 0.6875 0.5125 0
3378 0.7 0.5125 0
3379 0.7125 0.5125 0
3380 0.725 0.5125 0
3381 0.7375 0.5125 0
3382 0.75 0.5125 0
3383 0.7625 0.5125 0
3384 0.775 0.5125 0
3385 0.7875 0.5125 0
3386 0.8 0.5125 0
3387 0.8125 0.5125 0
3388 0.825 0.5125 0
3389 0.8375 0.5125 0
3390 0.85 0.5125 0
3391 0.8625 0.5125 0
3392 0.875 0.5125 0
3393 0.8875 0.5125 0
3394 0.9 0.5125 0
3395 0.9125 0.5125 0
3396 0.925 0.5125 0
3397 0.9375 0.5125 0
3398 0.95 0.5125 0
3399 0.9625 0.5125 0
3400 0.975 0.5125 0
3401 0.9875 0.5125 0
3402 1 0.5125 0
3403 0 0.525 0
3404 0.0125 0.525 0
3405 0.025 0.525 0
3406 0.0375 0.525 0
3407 0.05 0.525 0
3408 0.0625 0.525 0
3409 0.075 0.525 0
3410 0.08749999999999999 0.525 0
3411 0.1 0.525 0
3412 0.1125 0.525 0
3413 0.125 0.525 0
3414 0.1375 0.525 0
3415 0.15 0.525 0
3416 0.1625 0.525 0
3417 0.175 0.525 0
3418 0.1875 0.525 0
3419 0.2 0.525 0
3420 0.2125 0.525 0
3421 0.225 0.525 0
3422 0.2375 0.525 0
3423 0.25 0.525 0
3424 0.2625 0.525 0
3425 0.275 0.525 0
3426 0.2875 0.525 0
3427 0.3 0.525 0
3428 0.3125 0.525 0
3429 0.325 0.525 0
3430 0.3375 0.525 0
3431 0.35 0.525 0
3432 0.3625 0.525 0
3433 0.375 0.525 0
3434 0.3875 0.525 0
3435 0.4 0.525 0
3436 0.4125 0.525 0
3437 0.425 0.525 0
3438 0.4375 0.525 0
3439 0.45 0.525 0
3440 0.4625 0.525 0
3441 0.475 0.525 0
3442 0.4875 0.525 0
3443 0.5 0.525 0
3444 0.5125 0.525 0
3445 0.525 0.525 0
3446 0.5375 0.525 0
3447 0.55 0.525 0
3448 0.5625 0.525 0
3449 0.575 0.525 0
3450 0.5875 0.525 0
3451 0.6 0.525 0
3452 0.6125 0.525 0
3453 0.625 0.525 0
3454 0.6375 0.525 0
3455 0.65 0.525 0
3456 0.6625 0.525 0
3457 0.675 0.525 0
3458 0.6875 0.525 0
3459 0.7 0.525 0
3460 0.7125 0.525 0
3461 0.725 0.525 0
3462 0.7375 0.525 0
3463 0.75 0.525 0
3464 0.7625 0.525 0
3465 0.775 0.525 0
3466 0.7875 0.525 0
3467 0.8 0.525 0
3468 0.8125 0.525 0
3469 0.825 0.525 0
3470 0.8375 0.525 0
3471 0.85 0.525 0
3472 0.8625 0.525 0
3473 0.875 0.525 0
3474 0.8875 0.525 0
3475 0.9 0.525 0
3476 0.9125 0.525 0
3477 0.925 0.525 0
3478 0.9375 0.525 0
3479 0.95 0.525 0
3480 0.9625 0.525 0
3481 0.975 0.525 0
3482 0.9875 0.525 0
3483 1 0.525 0
3484 0 0.5375 0
3485 0.0125 0.5375 0
3486 0.025 0.5375 0
3487 0.0375 0.5375 0
3488 0.05 0.5375 0
3489 0.0625 0.5375 0
3490 0.075 0.5375 0
3491 0.08749999999999999 0.5375 0
3492 0.1 0.5375 0
3493 0.1125 0.5375 0
3494 0.125 0.5375 0
3495 0.1375 0.5375 0
3496 0.15 0.5375 0
3497 0.1625 0.5375 0
3498 0.175 0.5375 0
3499 0.1875 0.5375 0
3500 0.2 0.5375 0
3501 0.2125 0.5375 0
3502 0.225 0.5375 0
3503 0.2375 0.5375 0
3504 0.25 0.5375 0
3505 0.2625 0.5375 0
3506 0.275 0.5375 0
3507 0.2875 0.5375 0
3508 0.3 0.5375 0
3509 0.3125 0.5375 0
3510 0.325 0.5375 0
3511 0.3375 0.5375 0
3512 0.35 0.5375 0
3513 0.3625 0.5375 0
3514 0.375 0.5375 0
3515 0.3875 0.5375 0
3516 0.4 0.5375 0
3517 0.4125 0.5375 0
3518 0.425 0.5375 0
3519 0.4375 0.5375 0
3520 0.45 0.5375 0
3521 0.4625 0.5375 0
3522 0.475 0.5375 0
3523 0.4875 0.5375 0
3524 0.5 0.5375 0
3525 0.5125 0.5375 0
3526 0.525 0.5375 0
3527 0.5375 0.5375 0
3528 0.55 0.5375 0
3529 0.5625 0.5375 0
3530 0.575 0.5375 0
3531 0.5875 0.5375 0
3532 0.6 0.5375 0
3533 0.6125 0.5375 0
3534 0.625 0.5375 0
3535 0.6375 0.5375 0
3536 0.65 0.5375 0
3537 0.6625 0.5375 0
3538 0.675 0.5375 0
3539 0.6875 0.5375 0
3540 0.7 0.5375 0
3541 0.7125 0.5375 0
3542 0.725 0.5375 0
3543 0.7375 0.5375 0
3544 0.75 0.5375 0
3545 0.7625 0.5375 0
3546 0.775 0.5375 0
3547 0.7875 0.5375 0
3548 0.8 0.5375 0
3549 0.8125 0.5375 0
3550 0.825 0.5375 0
3551 0.8375 0.5375 0
3552 0.85 0.5375 0
3553 0.8625 0.5375 0
3554 0.875 0.5375 0
3555 0.8875 0.5375 0
3556 0.9 0.5375 0
3557 0.9125 0.5375 0
3558 0.925 0.5375 0
3559 0.9375 0.5375 0
3560 0.95 0.5375 0
3561 0.9625 0.5375 0
3562 0.975 0.5375 0
3563 0.9875 0.5375 0
3564 1 0.5375 0
3565 0 0.55 0
3566 0.0125 0.55 0
3567 0.025 0.55 0
3568 0.0375 0.55 0
3569 0.05 0.55 0
3570 0.0625 0.55 0
3571 0.075 0.55 0
3572 0.08749999999999999 0.55 0
3573 0.1 0.55 0
3574 0.1125 0.55 0
3575 0.125 0.55 0
3576 0.1375 0.55 0
3577 0.15 0.55 0
3578 0.1625 0.55 0
3579 0.175 0.55 0
3580 0.1875 0.55 0
3581 0.2 0.55 0
3582 0.2125 0.55 0
3583 0.225 0.55 0
3584 0.2375 0.55 0
3585 0.25 0.55 0
3586 0.2625 0.55 0
3587 0.275 0.55 0
3588 0.2875 0.55 0
3589 0.3 0.55 0
3590 0.3125 0.55 0
3591 0.325 0.55 0
3592 0.3375 0.55 0
3593 0.35 0.55 0
3594 0.3625 0.55 0
3595 0.375 0.55 0
3596 0.3875 0.55 0
3597 0.4 0.55 0
3598 0.4125 0.55 0
3599 0.425 0.55 0
3600 0.4375 0.55 0
3601 0.45 0.55 0
3602 0.4625 0.55 0
3603 0.475 0.55 0
3604 0.4875 0.55 0
3605 0.5 0.55 0
3606 0.5125 0.55 0
3607 0.525 0.55 0
3608 0.5375 0.55 0
3609 0.55 0.55 0
3610 0.5625 0.55 0
3611 0.575 0.55 0
3612 0.5875 0.55 0
3613 0.6 0.55 0
3614 0.6125 0.55 0
3615 0.625 0.55 0
3616 0.6375 0.55 0
3617 0.65 0.55 0
3618 0.6625 0.55 0
3619 0.675 0.55 0
3620 0.6875 0.55 0
3621 0.7 0.55 0
3622 0.7125 0.55 0
3623 0.725 0.55 0
3624 0.7375 0.55 0
3625 0.75 0.55 0
3626 0.7625 0.55 0
3627 0.775 0.55 0
3628 0.7875 0.55 0
3629 0.8 0.55 0
3630 0.8125 0.55 0
3631 0.825 0.55 0
3632 0.8375 0.55 0
3633 0.85 0.55 0
3634 0.8625 0.55 0
3635 0.875 0.55 0
3636 0.8875 0.55 0
3637 0.9 0.55 0
3638 0.9125 0.55 0
3639 0.925 0.55 0
3640 0.9375 0.55 0
3641 0.95 0.55 0
3642 0.9625 0.55 0
3643 0.975 0.55 0
3644 0.9875 0.55 0
3645 1 0.55 0
3646 0 0.5625 0
3647 0.0125 0.5625 0
3648 0.025 0.5625 0
3649 0.0375 0.5625 0
3650 0.05 0.5625 0
3651 0.0625 0.5625 0
3652 0.075 0.5625 0
3653 0.08749999999999999 0.5625 0
3654 0.1 0.5625 0
3655 0.1125 0.5625 0
3656 0.125 0.5625 0
3657 0.1375 0.5625 0
3658 0.15 0.5625 0
3659 0.1625 0.5625 0
3660 0.175 0.5625 0
3661 0.1875 0.5625 0
3662 0.2 0.5625 0
3663 0.2125 0.5625 0
3664 0.225 0.5625 0
3665 0.2375 0.5625 0
3666 0.25 0.5625 0
3667 0.2625 0.5625 0
3668 0.275 0.5625 0
3669 0.2875 0.5625 0
3670 0.3 0.5625 0
3671 0.3125 0.5625 0
3672 0.325 0.5625 0
3673 0.3375 0.5625 0
3674 0.35 0.5625 0
3675 0.3625 0.5625 0
3676 0.375 0.5625 0
3677 0.3875 0.5625 0
3678 0.4 0.5625 0
3679 0.4125 0.5625 0
3680 0.425 0.5625 0
3681 0.4375 0.5625 0
3682 0.45 0.5625 0
3683 0.4625 0.5625 0
3684 0.475 0.5625 0
3685 0.4875 0.5625 0
3686 0.5 0.5625 0
3687 0.5125 0.5625 0
3688 0.525 0.5625 0
3689 0.5375 0.5625 0
3690 0.55 0.5625 0
3691 0.5625 0.5625 0
3692 0.575 0.5625 0
3693 0.5875 0.5625 0
3694 0.6 0.5625 0
3695 0.6125 0.5625 0
3696 0.625 0.5625 0
3697 0.6375 0.5625 0
3698 0.65 0.5625 0
3699 0.6625 0.5625 0
3700 0.675 0.5625 0
3701 0.6875 0.5625 0
3702 0.7 0.5625 0
3703 0.7125 0.5625 0
3704 0.725 0.5625 0
3705 0.7375 0.5625 0
3706 0.75 0.5625 0
3707 0.7625 0.5625 0
3708 0.775 0.5625 0
3709 0.7875 0.5625 0
3710 0.8 0.5625 0
3711 0.8125 0.5625 0
3712 0.825 0.5625 0
3713 0.8375 0.5625 0
3714 0.85 0.5625 0
3715 0.8625 0.5625 0
3716 0.875 0.5625 0
3717 0.8875 0.5625 0
3718 0.9 0.5625 0
3719 0.9125 0.5625 0
3720 0.925 0.5625 0
3721 0.9375 0.5625 0
3722 0.95 0.5625 0
3723 0.9625 0.5625 0
3724 0.975 0.5625 0
3725 0.9875 0.5625 0
3726 1 0.5625 0
3727 0 0.575 0
3728 0.0125 0.575 0
3729 0.025 0.575 0
3730 0.0375 0.575 0
3731 0.05 0.575 0
3732 0.0625 0.575 0
3733 0.075 0.575 0
3734 0.08749999999999999 0.575 0
3735 0.1 0.575 0
3736 0.1125 0.575 0
3737 0.125 0.575 0
3738 0.1375 0.575 0
3739 0.15 0.575 0
3740 0.1625 0.575 0
3741 0.175 0.575 0
3742 0.1875 0.575 0
3743 0.2 0.575 0
3744 0.2125 0.575 0
3745 0.225 0.575 0
3746 0.2375 0.575 0
3747 0.25 0.575 0
3748 0.2625 0.575 0
3749 0.275 0.575 0
3750 0.2875 0.575 0
3751 0.3 0.575 0
3752 0.3125 0.575 0
3753 0.325 0.575 0
3754 0.3375 0.575 0
3755 0.35 0.575 0
3756 0.3625 0.575 0
3757 0.375 0.575 0
3758 0.3875 0.575 0
3759 0.4 0.575 0
3760 0.4125 0.575 0
3761 0.425 0.575 0
3762 0.4375 0.575 0
3763 0.45 0.575 0
3764 0.4625 0.575 0
3765 0.475 0.575 0
3766 0.4875 0.575 0
3767 0.5 0.575 0
3768 0.5125 0.575 0
3769 0.525 0.575 0
3770 0.5375 0.575 0
3771 0.55 0.575 0
3772 0.5625 0.575 0
3773 0.575 0.575 0
3774 0.5875 0.575 0
3775 0.6 0.575 0
3776 0.6125 0.575 0
3777 0.625 0.575 0
3778 0.6375 0.575 0
3779 0.65 0.575 0
3780 0.6625 0.575 0
3781 0.675 0.575 0
3782 0.6875 0.575 0
3783 0.7 0.575 0
3784 0.7125 0.575 0
3785 0.725 0.575 0
3786 0.7375 0.575 0
3787 0.75 0.575 0
3788 0.7625 0.575 0
3789 0.775 0.575 0
3790 0.7875 0.575 0
3791 0.8 0.575 0
3792 0.8125 0.575 0
3793 0.825 0.575 0
3794 0.8375 0.575 0
3795 0.85 0.575 0
3796 0.8625 0.575 0
3797 0.875 0.575 0
3798 0.8875 0.575 0
3799 0.9 0.575 0
3800 0.9125 0.575 0
3801 0.925 0.575 0
3802 0.9375 0.575 0
3803 0.95 0.575 0
3804 0.9625 0.575 0
3805 0.975 0.575 0
3806 0.9875 0.575 0
3807 1 0.575 0
3808 0 0.5875 0
3809 0.0125 0.5875 0
3810 0.025 0.5875 0
3811 0.0375 0.5875 0
3812 0.05 0.5875 0
3813 0.0625 0.5875 0
3814 0.075 0.5875 0
3815 0.08749999999999999 0.5875 0
3816 0.1 0.5875 0
3817 0.1125 0.5875 0
3818 0.125 0.5875 0
3819 0.1375 0.5875 0
3820 0.15 0.5875 0
3821 0.1625 0.5875 0
3822 0.175 0.5875 0
3823 0.1875 0.5875 0
3824 0.2 0.5875 0
3825 0.2125 0.5875 0
3826 0.225 0.5875 0
3827 0.2375 0.5875 0
3828 0.25 0.5875 0
3829 0.2625 0.5875 0
3830 0.275 0.5875 0
3831 0.2875 0.5875 0
3832 0.3 0.5875 0
3833 0.3125 0.5875 0
3834 0.325 0.5875 0
3835 0.3375 0.5875 0
3836 0.35 0.5875 0
3837 0.3625 0.5875 0
3838 0.375 0.5875 0
3839 0.3875 0.5875 0
3840 0.4 0.5875 0
3841 0.4125 0.5875 0
3842 0.425 0.5875 0
3843 0.4375 0.5875 0
3844 0.45 0.5875 0
3845 0.4625 0.5875 0
3846 0.475 0.5875 0
3847 0.4875 0.5875 0
3848 0.5 0.5875 0
3849 0.5125 0.5875 0
3850 0.525 0.5875 0
3851 0.5375 0.5875 0
3852 0.55 0.5875 0
3853 0.5625 0.5875 0
3854 0.575 0.5875 0
3855 0.5875 0.5875 0
3856 0.6 0.5875 0
3857 0.6125 0.5875 0
3858 0.625 0.5875 0
3859 0.6375 0.5875 0
3860 0.65 0.5875 0
3861 0.6625 0.5875 0
3862 0.675 0.5875 0
3863 0.6875 0.5875 0
3864 0.7 0.5875 0
3865 0.7125 0.5875 0
3866 0.725 0.5875 0
3867 0.7375 0.5875 0
3868 0.75 0.5875 0
3869 0.7625 0.5875 0
3870 0.775 0.5875 0
3871 0.7875 0.5875 0
3872 0.8 0.5875 0
3873 0.8125 0.5875 0
3874 0.825 0.5875 0
3875 0.8375 0.5875 0
3876 0.85 0.5875 0
3877 0.8625 0.5875 0
3878 0.875 0.5875 0
3879 0.8875 0.5875 0
3880 0.9 0.5875 0
3881 0.9125 0.5875 0
3882 0.925 0.5875 0
3883 0.9375 0.5875 0
3884 0.95 0.5875 0
3885 0.9625 0.5875 0
3886 0.975 0.5875 0
3887 0.9875 0.5875 0
3888 1 0.5875 0
3889 0 0.6 0
3890 0.0125 0.6 0
3891 0.025 0.6 0
3892 0.0375 0.6 0
3893 0.05 0.6 0
3894 0.0625 0.6 0
3895 0.075 0.6 0
3896 0.08749999999999999 0.6 0
3897 0.1 0.6 0
3898 0.1125 0.6 0
3899 0.125 0.6 0
3900 0.1375 0.6 0
3901 0.15 0.6 0
3902 0.1625 0.6 0
3903 0.175 0.6 0
3904 0.1875 0.6 0
3905 0.2 0.6 0
3906 0.2125 0.6 0
3907 0.225 0.6 0
3908 0.2375 0.6 0
3909 0.25 0.6 0
3910 0.2625 0.6 0
3911 0.275 0.6 0
3912 0.2875 0.6 0
3913 0.3 0.6 0
3914 0.3125 0.6 0
3915 0.325 0.6 0
3916 0.3375 0.6 0
3917 0.35 0.6 0
3918 0.3625 0.6 0
3919 0.375 0.6 0
3920 0.3875 0.6 0
3921 0.4 0.6 0
3922 0.4125 0.6 0
3923 0.425 0.6 0
3924 0.4375 0.6 0
3925 0.45 0.6 0
3926 0.4625 0.6 0
3927 0.475 0.6 0
3928 0.4875 0.6 0
3929 0.5 0.6 0
3930 0.5125 0.6 0
3931 0.525 0.6 0
3932 0.5375 0.6 0
3933 0.55 0.6 0
3934 0.5625 0.6 0
3935 0.575 0.6 0
3936 0.5875 0.6 0
3937 0.6 0.6 0
3938 0.6125 0.6 0
3939 0.625 0.6 0
3940 0.6375 0.6 0
3941 0.65 0.6 0
3942 0.6625 0.6 0
3943 0.675 0.6 0
3944 0.6875 0.6 0
3945 0.7 0.6 0
3946 0.7125 0.6 0
3947 0.725 0.6 0
3948 0.7375 0.6 0
3949 0.75 0.6 0
3950 0.7625 0.6 0
3951 0.775 0.6 0
3952 0.7875 0.6 0
3953 0.8 0.6 0
3954 0.8125 0.6 0
3955 0.825 0.6 0
3956 0.8375 0.6 0
3957 0.85 0.6 0
3958 0.8625 0.6 0
3959 0.875 0.6 0
3960 0.8875 0.6 0
3961 0.9 0.6 0
3962 0.9125 0.6 0
3963 0.925 0.6 0
3964 0.9375 0.6 0
3965 0.95 0.6 0
3966 0.9625 0.6 0
3967 0.975 0.6 0
3968 0.9875 0.6 0
3969 1 0.6 0
3970 0 0.6125 0
3971 0.0125 0.6125 0
3972 0.025 0.6125 0
3973 0.0375 0.6125 0
3974 0.05 0.6125 0
3975 0.0625 0.6125 0
3976 0.075 0.6125 0
3977 0.08749999999999999 0.6125 0
3978 0.1 0.6125 0
3979 0.1125 0.6125 0
3980 0.125 0.6125 0
3981 0.1375 0.6125 0
3982 0.15 0.6125 0
3983 0.1625 0.6125 0
3984 0.175 0.6125 0
3985 0.1875 0.6125 0
3986 0.2 0.6125 0
3987 0.2125 0.6125 0
3988 0.225 0.6125 0
3989 0.2375 0.6125 0
3990 0.25 0.6125 0
3991 0.2625 0.6125 0
3992 0.275 0.6125 0
3993 0.2875 0.6125 0
3994 0.3 0.6125 0
3995 0.3125 0.6125 0
3996 0.325 0.6125 0
3997 0.3375 0.6125 0
3998 0.35 0.6125 0
3999 0.3625 0.6125 0
4000 0.375 0.6125 0
4001 0.3875 0.6125 0
4002 0.4 0.6125 0
4003 0.4125 0.6125 0
4004 0.425 0.6125 0
4005 0.4375 0.6125 0
4006 0.45 0.6125 0
4007 0.4625 0.6125 0
4008 0.475 0.6125 0
4009 0.4875 0.6125 0
4010 0.5 0.6125 0
4011 0.5125 0.6125 0
4012 0.525 0.6125 0
4013 0.5375 0.6125 0
4014 0.55 0.6125 0
4015 0.5625 0.6125 0
4016 0.575 0.6125 0
4017 0.5875 0.6125 0
4018 0.6 0.6125 0
4019 0.6125 0.6125 0
4020 0.625 0.6125 0
4021 0.6375 0.6125 0
4022 0.65 0.6125 0
4023 0.6625 0.6125 0
4024 0.675 0.6125 0
4025 0.6875 0.6125 0
4026 0.7 0.6125 0
4027 0.7125 0.6125 0
4028 0.725 0.6125 0
4029 0.7375 0.6125 0
4030 0.75 0.6125 0
4031 0.7625 0.6125 0
4032 0.775 0.6125 0
4033 0.7875 0.6125 0
4034 0.8 0.6125 0
4035 0.8125 0.6125 0
4036 0.825 0.6125 0
4037 0.8375 0.6125 0
4038 0.85 0.6125 0
4039 0.8625 0.6125 0
4040 0.875 0.6125 0
4041 0.8875 0.6125 0
4042 0.9 0.6125 0
4043 0.9125 0.6125 0
4044 0.925 0.6125 0
4045 0.9375 0.6125 0
4046 0.95 0.6125 0
4047 0.9625 0.6125 0
4048 0.975 0.6125 0
4049 0.9875 0.6125 0
4050 1 0.6125 0
4051 0 0.625 0
4052 0.0125 0.625 0
4053 0.025 0.625 0
4054 0.0375 0.625 0
4055 0.05 0.625 0
4056 0.0625 0.625 0
4057 0.075 0.625 0
4058 0.08749999999999999 0.625 0
4059 0.1 0.625 0
4060 0.1125 0.625 0
4061 0.125 0.625 0
4062 0.1375 0.625 0
4063 0.15 0.625 0
4064 0.1625 0.625 0
4065 0.175 0.625 0
4066 0.1875 0.625 0
4067 0.2 0.625 0
4068 0.2125 0.625 0
4069 0.225 0.625 0
4070 0.2375 0.625 0
4071 0.25 0.625 0
4072 0.2625 0.625 0
4073 0.275 0.625 0
4074 0.2875 0.625 0
4075 0.3 0.625 0
4076 0.3125 0.625 0
4077 0.325 0.625 0
4078 0.3375 0.625 0
4079 0.35 0.625 0
4080 0.3625 0.625 0
4081 0.375 0.625 0
4082 0.3875 0.625 0
4083 0.4 0.625 0
4084 0.4125 0.625 0
4085 0.425 0.625 0
4086 0.4375 0.625 0
4087 0.45 0.625 0
4088 0.4625 0.625 0
4089 0.475 0.625 0
4090 0.4875 0.625 0
4091 0.5 0.625 0
4092 0.5125 0.625 0
4093 0.525 0.625 0
4094 0.5375 0.625 0
4095 0.55 0.625 0
4096 0.5625 0.625 0
4097 0.575 0.625 0
4098 0.5875 0.625 0
4099 0.6 0.625 0
4100 0.6125 0.625 0
4101 0.625 0.625 0
4102 0.6375 0.625 0
4103 0.65 0.625 0
4104 0.6625 0.625 0
4105 0.675 0.625 0
4106 0.6875 0.625 0
4107 0.7 0.625 0
4108 0.7125 0.625 0
4109 0.725 0.625 0
4110 0.7375 0.625 0
4111 0.75 0.625 0
4112 0.7625 0.625 0
4113 0.775 0.625 0
4114 0.7875 0.625 0
4115 0.8 0.625 0
4116 0.8125 0.625 0
4117 0.825 0.625 0
4118 0.8375 0.625 0
4119 0.85 0.625 0
4120 0.8625 0.625 0
4121 0.875 0.625 0
4122 0.8875 0.625 0
4123 0.9 0.625 0
4124 0.9125 0.625 0
4125 0.925 0.625 0
4126 0.9375 0.625 0
4127 0.95 0.625 0
4128 0.9625 0.625 0
4129 0.975 0.625 0
4130 0.9875 0.625 0
4131 1 0.625 0
4132 0 0.6375 0
4133 0.0125 0.6375 0
4134 0.025 0.6375 0
4135 0.0375 0.6375 0
4136 0.05 0.6375 0
4137 0.0625 0.6375 0
4138 0.075 0.6375 0
4139 0.08749999999999999 0.6375 0
4140 0.1 0.6375 0
4141 0.1125 0.6375 0
4142 0.125 0.6375 0
4143 0.1375 0.6375 0
4144 0.15 0.6375 0
4145 0.1625 0.6375 0
4146 0.175 0.6375 0
4147 0.1875 0.6375 0
4148 0.2 0.6375 0
4149 0.2125 0.6375 0
4150 0.225 0.6375 0
4151 0.2375 0.6375 0
4152 0.25 0.6375 0
4153 0.2625 0.6375 0
4154 0.275 0.6375 0
4155 0.2875 0.6375 0
4156 0.3 0.6375 0
4157 0.3125 0.6375 0
4158 0.325 0.6375 0
4159 0.3375 0.6375 0
4160 0.35 0.6375 0
4161 0.3625 0.6375 0
4162 0.375 0.6375 0
4163 0.3875 0.6375 0
4164 0.4 0.6375 0
4165 0.4125 0.6375 0
4166 0.425 0.6375 0
4167 0.4375 0.6375 0
4168 0.45 0.6375 0
4169 0.4625 0.6375 0
4170 0.475 0.6375 0
4171 0.4875 0.6375 0
4172 0.5 0.6375 0
4173 0.5125 0.6375 0
4174 0.525 0.6375 0
4175 0.5375 0.6375 0
4176 0.55 0.6375 0
4177 0.5625 0.6375 0
4178 0.575 0.6375 0
4179 0.5875 0.6375 0
4180 0.6 0.6375 0
4181 0.6125 0.6375 0
4182 0.625 0.6375 0
4183 0.6375 0.6375 0
4184 0.65 0.6375 0
4185 0.6625 0.6375 0
4186 0.675 0.6375 0
4187 0.6875 0.6375 0
4188 0.7 0.6375 0
4189 0.7125 0.6375 0
4190 0.725 0.6375 0
4191 0.7375 0.6375 0
4192 0.75 0.6375 0
4193 0.7625 0.6375 0
4194 0.775 0.6375 0
4195 0.7875 0.6375 0
4196 0.8 0.6375 0
4197 0.8125 0.6375 0
4198 0.825 0.6375 0
4199 0.8375 0.6375 0
4200 0.85 0.6375 0
4201 0.8625 0.6375 0
4202 0.875 0.6375 0
4203 0.8875 0.6375 0
4204 0.9 0.6375 0
4205 0.9125 0.6375 0
4206 0.925 0.6375 0
4207 0.9375 0.6375 0
4208 0.95 0.6375 0
4209 0.9625 0.6375 0
4210 0.975 0.6375 0
4211 0.9875 0.6375 0
4212 1 0.6375 0
4213 0 0.65 0
4214 0.0125 0.65 0
4215 0.025 0.65 0
4216 0.0375 0.65 0
4217 0.05 0.65 0
4218 0.0625 0.65 0
4219 0.075 0.65 0
4220 0.08749999999999999 0.65 0
4221 0.1 0.65 0
4222 0.1125 0.65 0
4223 0.125 0.65 0
4224 0.1375 0.65 0
4225 0.15 0.65 0
4226 0.1625 0.65 0
4227 0.175 0.65 0
4228 0.1875 0.65 0
4229 0.2 0.65 0
4230 0.2125 0.65 0
4231 0.225 0.65 0
4232 0.2375 0.65 0
4233 0.25 0.65 0
4234 0.2625 0.65 0
4235 0.275 0.65 0
4236 0.2875 0.65 0
4237 0.3 0.65 0
4238 0.3125 0.65 0
4239 0.325 0.65 0
4240 0.3375 0.65 0
4241 0.35 0.65 0
4242 0.3625 0.65 0
4243 0.375 0.65 0
4244 0.3875 0.65 0
4245 0.4 0.65 0
4246 0.4125 0.65 0
4247 0.425 0.65 0
4248 0.4375 0.65 0
4249 0.45 0.65 0
4250 0.4625 0.65 0
4251 0.475 0.65 0
4252 0.4875 0.65 0
4253 0.5 0.65 0
4254 0.5125 0.65 0
4255 0.525 0.65 0
4256 0.5375 0.65 0
4257 0.55 0.65 0
4258 0.5625 0.65 0
4259 0.575 0.65 0
4260 0.5875 0.65 0
4261 0.6 0.65 0
4262 0.6125 0.65 0
4263 0.625 0.65 0
4264 0.6375 0.65 0
4265 0.65 0.65 0
4266 0.6625 0.65 0
4267 0.675 0.65 0
4268 0.6875 0.65 0
4269 0.7 0.65 0
4270 0.7125 0.65 0
4271 0.725 0.65 0
4272 0.7375 0.65 0
4273 0.75 0.65 0
4274 0.7625 0.65 0
4275 0.775 0.65 0
4276 0.7875 0.65 0
4277 0.8 0.65 0
4278 0.8125 0.65 0
4279 0.825 0.65 0
4280 0.8375 0.65 0
4281 0.85 0.65 0
4282 0.8625 0.65 0
4283 0.875 0.65 0
4284 0.8875 0.65 0
4285 0.9 0.65 0
4286 0.9125 0.65 0
4287 0.925 0.65 0
4288 0.9375 0.65 0
4289 0.95 0.65 0
4290 0.9625 0.65 0
4291 0.975 0.65 0
4292 0.9875 0.65 0
4293 1 0.65 0
4294 0 0.6625 0
4295 0.0125 0.6625 0
4296 0.025 0.6625 0
4297 0.0375 0.6625 0
4298 0.05 0.6625 0
4299 0.0625 0.6625 0
4300 0.075 0.6625 0
4301 0.08749999999999999 0.6625 0
4302 0.1 0.6625 0
4303 0.1125 0.6625 0
4304 0.125 0.6625 0
4305 0.1375 0.6625 0
4306 0.15 0.6625 0
4307 0.1625 0.6625 0
4308 0.175 0.6625 0
4309 0.1875 0.6625 0
4310 0.2 0.6625 0
4311 0.2125 0.6625 0
4312 0.225 0.6625 0
4313 0.2375 0.6625 0
4314 0.25 0.6625 0
4315 0.2625 0.6625 0
4316 0.275 0.6625 0
4317 0.2875 0.6625 0
4318 0.3 0.6625 0
4319 0.3125 0.6625 0
4320 0.325 0.6625 0
4321 0.3375 0.6625 0
4322 0.35 0.6625 0
4323 0.3625 0.6625 0
4324 0.375 0.6625 0
4325 0.3875 0.6625 0
4326 0.4 0.6625 0
4327 0.4125 0.6625 0
4328 0.425 0.6625 0
4329 0.4375 0.6625 0
4330 0.45 0.6625 0
4331 0.4625 0.6625 0
4332 0.475 0.6625 0
4333 0.4875 0.6625 0
4334 0.5 0.6625 0
4335 0.5125 0.6625 0
4336 0.525 0.6625 0
4337 0.5375 0.6625 0
4338 0.55 0.6625 0
4339 0.5625 0.6625 0
4340 0.575 0.6625 0
4341 0.5875 0.6625 0
4342 0.6 0.6625 0
4343 0.6125 0.6625 0
4344 0.625 0.6625 0
4345 0.6375 0.6625 0
4346 0.65 0.6625 0
4347 0.6625 0.6625 0
4348 0.675 0.6625 0
4349 0.6875 0.6625 0
4350 0.7 0.6625 0
4351 0.7125 0.6625 0
4352 0.725 0.6625 0
4353 0.7375 0.6625 0
4354 0.75 0.6625 0
4355 0.7625 0.6625 0
4356 0.775 0.6625 0
4357 0.7875 0.6625 0
4358 0.8 0.6625 0
4359 0.8125 0.6625 0
4360 0.825 0.6625 0
4361 0.8375 0.6625 0
4362 0.85 0.6625 0
4363 0.8625 0.6625 0
4364 0.875 0.6625 0
4365 0.8875 0.6625 0
4366 0.9 0.6625 0
4367 0.9125 0.6625 0
4368 0.925 0.6625 0
4369 0.9375 0.6625 0
4370 0.95 0.6625 0
4371 0.9625 0.6625 0
4372 0.975 0.6625 0
4373 0.9875 0.6625 0
4374 1 0.6625 0
4375 0 0.675 0
4376 0.0125 0.675 0
4377 0.025 0.675 0
4378 0.0375 0.675 0
4379 0.05 0.675 0
4380 0.0625 0.675 0
4381 0.075 0.675 0
4382 0.08749999999999999 0.675 0
4383 0.1 0.675 0
4384 0.1125 0.675 0
4385 0.125 0.675 0
4386 0.1375 0.675 0
4387 0.15 0.675 0
4388 0.1625 0.675 0
4389 0.175 0.675 0
4390 0.1875 0.675 0
4391 0.2 0.675 0
4392 0.2125 0.675 0
4393 0.225 0.675 0
4394 0.2375 0.675 0
4395 0.25 0.675 0
4396 0.2625 0.675 0
4397 0.275 0.675 0
4398 0.2875 0.675 0
4399 0.3 0.675 0
4400 0.3125 0.675 0
4401 0.325 0.675 0
4402 0.3375 0.675 0
4403 0.35 0.675 0
4404 0.3625 0.675 0
4405 0.375 0.675 0
4406 0.3875 0.675 0
4407 0.4 0.675 0
4408 0.4125 0.675 0
4409 0.425 0.675 0
4410 0.4375 0.675 0
4411 0.45 0.675 0
4412 0.4625 0.675 0
4413 0.475 0.675 0
4414 0.4875 0.675 0
4415 0.5 0.675 0
4416 0.5125 0.675 0
4417 0.525 0.675 0
4418 0.5375 0.675 0
4419 0.55 0.675 0
4420 0.5625 0.675 0
4421 0.575 0.675 0
4422 0.5875 0.675 0
4423 0.6 0.675 0
4424 0.6125 0.675 0
4425 0.625 0.675 0
4426 0.6375 0.675 0
4427 0.65 0.675 0
4428 0.6625 0.675 0
4429 0.675 0.675 0
4430 0.6875 0.675 0
4431 0.7 0.675 0
4432 0.7125 0.675 0
4433 0.725 0.675 0
4434 0.7375 0.675 0
4435 0.75 0.675 0
4436 0.7625 0.675 0
4437 0.775 0.675 0
4438 0.7875 0.675 0
4439 0.8 0.675 0
4440 0.8125 0.675 0
4441 0.825 0.675 0
4442 0.8375 0.675 0
4443 0.85 0.675 0
4444 0.8625 0.675 0
4445 0.875 0.675 0
4446 0.8875 0.675 0
4447 0.9 0.675 0
4448 0.9125 0.675 0
4449 0.925 0.675 0
4450 0.9375 0.675 0
4451 0.95 0.675 0
4452 0.9625 0.675 0
4453 0.975 0.675 0
4454 0.9875 0.675 0
4455 1 0.675 0
4456 0 0.6875 0
4457 0.0125 0.6875 0
4458 0.025 0.6875 0
4459 0.0375 0.6875 0
4460 0.05 0.6875 0
4461 0.0625 0.6875 0
4462 0.075 0.6875 0
4463 0.08749999999999999 0.6875 0
4464 0.1 0.6875 0
4465 0.1125 0.6875 0
4466 0.125 0.6875 0
4467 0.1375 0.6875 0
4468 0.15 0.6875 0
4469 0.1625 0.6875 0
4470 0.175 0.6875 0
4471 0.1875 0.6875 0
4472 0.2 0.6875 0
4473 0.2125 0.6875 0
4474 0.225 0.6875 0
4475 0.2375 0.6875 0
4476 0.25 0.6875 0
4477 0.2625 0.6875 0
4478 0.275 0.6875 0
4479 0.2875 0.6875 0
4480 0.3 0.6875 0
4481 0.3125 0.6875 0
4482 0.325 0.6875 0
4483 0.3375 0.6875 0
4484 0.35 0.6875 0
4485 0.3625 0.6875 0
4486 0.375 0.6875 0
4487 0.3875 0.6875 0
4488 0.4 0.6875 0
4489 0.4125 0.6875 0
4490 0.425 0.6875 0
4491 0.4375 0.6875 0
4492 0.45 0.6875 0
4493 0.4625 0.6875 0
4494 0.475 0.6875 0
4495 0.4875 0.6875 0
4496 0.5 0.6875 0
4497 0.5125 0.6875 0
4498 0.525 0.6875 0
4499 0.5375 0.6875 0
4500 0.55 0.6875 0
4501 0.5625 0.6875 0
4502 0.575 0.6875 0
4503 0.5875 0.6875 0
4504 0.6 0.6875 0
4505 0.6125 0.6875 0
4506 0.625 0.6875 0
4507 0.6375 0.6875 0
4508 0.65 0.6875 0
4509 0.6625 0.6875 0
4510 0.675 0.6875 0
4511 0.6875 0.6875 0
4512 0.7 0.6875 0
4513 0.7125 0.6875 0
4514 0.725 0.6875 0
4515 0.7375 0.6875 0
4516 0.75 0.6875 0
4517 0.7625 0.6875 0
4518 0.775 0.6875 0
4519 0.7875 0.6875 0
4520 0.8 0.6875 0
4521 0.8125 0.6875 0
4522 0.825 0.6875 0
4523 0.8375 0.6875 0
4524 0.85 0.6875 0
4525 0.8625 0.6875 0
4526 0.875 0.6875 0
4527 0.8875 0.6875 0
4528 0.9 0.6875 0
4529 0.9125 0.6875 0
4530 0.925 0.6875 0
4531 0.9375 0.6875 0
4532 0.95 0.6875 0
4533 0.9625 0.6875 0
4534 0.975 0.6875 0
4535 0.9875 0.6875 0
4536 1 0.6875 0
4537 0 0.7 0
4538 0.0125 0.7 0
4539 0.025 0.7 0
4540 0.0375 0.7 0
4541 0.05 0.7 0
4542 0.0625 0.7 0
4543 0.075 0.7 0
4544 0.08749999999999999 0.7 0
4545 0.1 0.7 0
4546 0.1125 0.7 0
4547 0.125 0.7 0
4548 0.1375 0.7 0
4549 0.15 0.7 0
4550 0.1625 0.7 0
4551 0.175 0.7 0
4552 0.1875 0.7 0
4553 0.2 0.7 0
4554 0.2125 0.7 0
4555 0.225 0.7 0
4556 0.2375 0.7 0
4557 0.25 0.7 0
4558 0.2625 0.7 0
4559 0.275 0.7 0
4560 0.2875 0.7 0
4561 0.3 0.7 0
4562 0.3125 0.7 0
4563 0.325 0.7 0
4564 0.3375 0.7 0
4565 0.35 0.7 0
4566 0.3625 0.7 0
4567 0.375 0.7 0
4568 0.3875 0.7 0
4569 0.4 0.7 0
4570 0.4125 0.7 0
4571 0.425 0.7 0
4572 0.4375 0.7 0
4573 0.45 0.7 0
4574 0.4625 0.7 0
4575 0.475 0.7 0
4576 0.4875 0.7 0
4577 0.5 0.7 0
4578 0.5125 0.7 0
4579 0.525 0.7 0
4580 0.5375 0.7 0
4581 0.55 0.7 0
4582 0.5625 0.7 0
4583 0.575 0.7 0
4584 0.5875 0.7 0
4585 0.6 0.7 0
4586 0.6125 0.7 0
4587 0.625 0.7 0
4588 0.6375 0.7 0
4589 0.65 0.7 0
4590 0.6625 0.7 0
4591 0.675 0.7 0
4592 0.6875 0.7 0
4593 0.7 0.7 0
4594 0.7125 0.7 0
4595 0.725 0.7 0
4596 0.7375 0.7 0
4597 0.75 0.7 0
4598 0.7625 0.7 0
4599 0.775 0.7 0
4600 0.7875 0.7 0
4601 0.8 0.7 0
4602 0.8125 0.7 0
4603 0.825 0.7 0
4604 0.8375 0.7 0
4605 0.85 0.7 0
4606 0.8625 0.7 0
4607 0.875 0.7 0
4608 0.8875 0.7 0
4609 0.9 0.7 0
4610 0.9125 0.7 0
4611 0.925 0.7 0
4612 0.9375 0.7 0
4613 0.95 0.7 0
4614 0.9625 0.7 0
4615 0.975 0.7 0
4616 0.9875 0.7 0
4617 1 0.7 0
4618 0 0.7125 0
4619 0.0125 0.7125 0
4620 0.025 0.7125 0
4621 0.0375 0.7125 0
4622 0.05 0.7125 0
4623 0.0625 0.7125 0
4624 0.075 0.7125 0
4625 0.08749999999999999 0.7125 0
4626 0.1 0.7125 0
4627 0.1125 0.7125 0
4628 0.125 0.7125 0
4629 0.1375 0.7125 0
4630 0.15 0.7125 0
4631 0.1625 0.7125 0
4632 0.175 0.7125 0
4633 0.1875 0.7125 0
4634 0.2 0.7125 0
4635 0.2125 0.7125 0
4636 0.225 0.7125 0
4637 0.2375 0.7125 0
4638 0.25 0.7125 0
4639 0.2625 0.7125 0
4640 0.275 0.7125 0
4641 0.2875 0.7125 0
4642 0.3 0.7125 0
4643 0.3125 0.7125 0
4644 0.325 0.7125 0
4645 0.3375 0.7125 0
4646 0.35 0.7125 0
4647 0.3625 0.7125 0
4648 0.375 0.7125 0
4649 0.3875 0.7125 0
4650 0.4 0.7125 0
4651 0.4125 0.7125 0
4652 0.425 0.7125 0
4653 0.4375 0.7125 0
4654 0.45 0.7125 0
4655 0.4625 0.7125 0
4656 0.475 0.7125 0
4657 0.4875 0.7125 0
4658 0.5 0.7125 0
4659 0.5125 0.7125 0
4660 0.525 0.7125 0
4661 0.5375 0.7125 0
4662 0.55 0.7125 0
4663 0.5625 0.7125 0
4664 0.575 0.7125 0
4665 0.5875 0.7125 0
4666 0.6 0.7125 0
4667 0.6125 0.7125 0
4668 0.625 0.7125 0
4669 0.6375 0.7125 0
4670 0.65 0.7125 0
4671 0.6625 0.7125 0
4672 0.675 0.7125 0
4673 0.6875 0.7125 0
4674 0.7 0.7125 0
4675 0.7125 0.7125 0
4676 0.725 0.7125 0
4677 0.7375 0.7125 0
4678 0.75 0.7125 0
4679 0.7625 0.7125 0
4680 0.775 0.7125 0
4681 0.7875 0.7125 0
4682 0.8 0.7125 0
4683 0.8125 0.7125 0
4684 0.825 0.7125 0
4685 0.8375 0.7125 0
4686 0.85 0.7125 0
4687 0.8625 0.7125 0
4688 0.875 0.7125 0
4689 0.8875 0.7125 0
4690 0.9 0.7125 0
4691 0.9125 0.7125 0
4692 0.925 0.7125 0
4693 0.9375 0.7125 0
4694 0.95 0.7125 0
4695 0.9625 0.7125 0
4696 0.975 0.7125 0
4697 0.9875 0.7125 0
4698 1 0.7125 0
4699 0 0.725 0
4700 0.0125 0.725 0
4701 0.025 0.725 0
4702 0.0375 0.725 0
4703 0.05 0.725 0
4704 0.0625 0.725 0
4705 0.075 0.725 0
4706 0.08749999999999999 0.725 0
4707 0.1 0.725 0
4708 0.1125 0.725 0
4709 0.125 0.725 0
4710 0.1375 0.725 0
4711 0.15 0.725 0
4712 0.1625 0.725 0
4713 0.175 0.725 0
4714 0.1875 0.725 0
4715 0.2 0.725 0
4716 0.2125 0.725 0
4717 0.225 0.725 0
4718 0.2375 0.725 0
4719 0.25 0.725 0
4720 0.2625 0.725 0
4721 0.275 0.725 0
4722 0.2875 0.725 0
4723 0.3 0.725 0
4724 0.3125 0.725 0
4725 0.325 0.725 0
4726 0.3375 0.725 0
4727 0.35 0.725 0
4728 0.3625 0.725 0
4729 0.375 0.725 0
4730 0.3875 0.725 0
4731 0.4 0.725 0
4732 0.4125 0.725 0
4733 0.425 0.725 0
4734 0.4375 0.725 0
4735 0.45 0.725 0
4736 0.4625 0.725 0
4737 0.475 0.725 0
4738 0.4875 0.725 0
4739 0.5 0.725 0
4740 0.5125 0.725 0
4741 0.525 0.725 0
4742 0.5375 0.725 0
4743 0.55 0.725 0
4744 0.5625 0.725 0
4745 0.575 0.725 0
4746 0.5875 0.725 0
4747 0.6 0.725 0
4748 0.6125 0.725 0
4749 0.625 0.725 0
4750 0.6375 0.725 0
4751 0.65 0.725 0
4752 0.6625 0.725 0
4753 0.675 0.725 0
4754 0.6875 0.725 0
4755 0.7 0.725 0
4756 0.7125 0.725 0
4757 0.725 0.725 0
4758 0.7375 0.725 0
4759 0.75 0.725 0
4760 0.7625 0.725 0
4761 0.775 0.725 0
4762 0.7875 0.725 0
4763 0.8 0.725 0
4764 0.8125 0.725 0
4765 0.825 0.725 0
4766 0.8375 0.725 0
4767 0.85 0.725 0
4768 0.8625 0.725 0
4769 0.875 0.725 0
4770 0.8875 0.725 0
4771 0.9 0.725 0
4772 0.9125 0.725 0
4773 0.925 0.725 0
4774 0.9375 0.725 0
4775 0.95 0.725 0
4776 0.9625 0.725 0
4777 0.975 0.725 0
4778 0.9875 0.725 0
4779 1 0.725 0
4780 0 0.7375 0
4781 0.0125 0.7375 0
4782 0.025 0.7375 0
4783 0.0375 0.7375 0
4784 0.05 0.7375 0
4785 0.0625 0.7375 0
4786 0.075 0.7375 0
4787 0.08749999999999999 0.7375 0
4788 0.1 0.7375 0
4789 0.1125 0.7375 0
4790 0.125 0.7375 0
4791 0.1375 0.7375 0
4792 0.15 0.7375 0
4793 0.1625 0.7375 0
4794 0.175 0.7375 0
4795 0.1875 0.7375 0
4796 0.2 0.7375 0
4797 0.2125 0.7375 0
4798 0.225 0.7375 0
4799 0.2375 0.7375 0
4800 0.25 0.7375 0
4801 0.2625 0.7375 0
4802 0.275 0.7375 0
4803 0.2875 0.7375 0
4804 0.3 0.7375 0
4805 0.3125 0.7375 0
4806 0.325 0.7375 0
4807 0.3375 0.7375 0
4808 0.35 0.7375 0
4809 0.3625 0.7375 0
4810 0.375 0.7375 0
4811 0.3875 0.7375 0
4812 0.4 0.7375 0
4813 0.4125 0.7375 0
4814 0.425 0.7375 0
4815 0.4375 0.7375 0
4816 0.45 0.7375 0
4817 0.4625 0.7375 0
4818 0.475 0.7375 0
4819 0.4875 0.7375 0
4820 0.5 0.7375 0
4821 0.5125 0.7375 0
4822 0.525 0.7375 0
4823 0.5375 0.7375 0
4824 0.55 0.7375 0
4825 0.5625 0.7375 0
4826 0.575 0.7375 0
4827 0.5875 0.7375 0
4828 0.6 0.7375 0
4829 0.6125 0.7375 0
4830 0.625 0.7375 0
4831 0.6375 0.7375 0
4832 0.65 0.7375 0
4833 0.6625 0.7375 0
4834 0.675 0.7375 0
4835 0.6875 0.7375 0
4836 0.7 0.7375 0
4837 0.7125 0.7375 0
4838 0.725 0.7375 0
4839 0.7375 0.7375 0
4840 0.75 0.7375 0
4841 0.7625 0.7375 0
4842 0.775 0.7375 0
4843 0.7875 0.7375 0
4844 0.8 0.7375 0
4845 0.8125 0.7375 0
4846 0.825 0.7375 0
4847 0.8375 0.7375 0
4848 0.85 0.7375 0
4849 0.8625 0.7375 0
4850 0.875 0.7375 0
4851 0.8875 0.7375 0
4852 0.9 0.7375 0
4853 0.9125 0.7375 0
4854 0.925 0.7375 0
4855 0.9375 0.7375 0
4856 0.95 0.7375 0
4857 0.9625 0.7375 0
4858 0.975 0.7375 0
4859 0.9875 0.7375 0
4860 1 0.7375 0
4861 0 0.75 0
4862 0.0125 0.75 0
4863 0.025 0.75 0
4864 0.0375 0.75 0
4865 0.05 0.75 0
4866 0.0625 0.75 0
4867 0.075 0.75 0
4868 0.08749999999999999 0.75 0
4869 0.1 0.75 0
4870 0.1125 0.75 0
4871 0.125 0.75 0
4872 0.1375 0.75 0
4873 0.15 0.75 0
4874 0.1625 0.75 0
4875 0.175 0.75 0
4876 0.1875 0.75 0
4877 0.2 0.75 0
4878 0.2125 0.75 0
4879 0.225 0.75 0
4880 0.2375 0.75 0
4881 0.25 0.75 0
4882 0.2625 0.75 0
4883 0.275 0.75 0
4884 0.2875 0.75 0
4885 0.3 0.75 0
4886 0.3125 0.75 0
4887 0.325 0.75 0
4888 0.3375 0.75 0
4889 0.35 0.75 0
4890 0.3625 0.75 0
4891 0.375 0.75 0
4892 0.3875 0.75 0
4893 0.4 0.75 0
4894 0.4125 0.75 0
4895 0.425 0.75 0
4896 0.4375 0.75 0
4897 0.45 0.75 0
4898 0.4625 0.75 0
4899 0.475 0.75 0
4900 0.4875 0.75 0
4901 0.5 0.75 0
4902 0.5125 0.75 0
4903 0.525 0.75 0
4904 0.5375 0.75 0
4905 0.55 0.75 0
4906 0.5625 0.75 0
4907 0.575 0.75 0
4908 0.5875 0.75 0
4909 0.6 0.75 0
4910 0.6125 0.75 0
4911 0.625 0.75 0
4912 0.6375 0.75 0
4913 0.65 0.75 0
4914 0.6625 0.75 0
4915 0.675 0.75 0
4916 0.6875 0.75 0
4917 0.7 0.75 0
4918 0.7125 0.75 0
4919 0.725 0.75 0
4920 0.7375 0.75 0
4921 0.75 0.75 0
4922 0.7625 0.75 0
4923 0.775 0.75 0
4924 0.7875 0.75 0
4925 0.8 0.75 0
4926 0.8125 0.75 0
4927 0.825 0.75 0
4928 0.8375 0.75 0
4929 0.85 0.75 0
4930 0.8625 0.75 0
4931 0.875 0.75 0
4932 0.8875 0.75 0
4933 0.9 0.75 0
4934 0.9125 0.75 0
4935 0.925 0.75 0
4936 0.9375 0.75 0
4937 0.95 0.75 0
4938 0.9625 0.75 0
4939 0.975 0.75 0
4940 0.9875 0.75 0
4941 1 0.75 0
4942 0 0.7625 0
4943 0.0125 0.7625 0
4944 0.025 0.7625 0
4945 0.0375 0.7625 0
4946 0.05 0.7625 0
4947 0.0625 0.7625 0
4948 0.075 0.7625 0
4949 0.08749999999999999 0.7625 0
4950 0.1 0.7625 0
4951 0.1125 0.7625 0
4952 0.125 0.7625 0
4953 0.1375 0.7625 0
4954 0.15 0.7625 0
4955 0.1625 0.7625 0
4956 0.175 0.7625 0
4957 0.1875 0.7625 0
4958 0.2 0.7625 0
4959 0.2125 0.7625 0
4960 0.225 0.7625 0
4961 0.2375 0.7625 0
4962 0.25 0.7625 0
4963 0.2625 0.7625 0
4964 0.275 0.7625 0
4965 0.2875 0.7625 0
4966 0.3 0.7625 0
4967 0.3125 0.7625 0
4968 0.325 0.7625 0
4969 0.3375 0.7625 0
4970 0.35 0.7625 0
4971 0.3625 0.7625 0
4972 0.375 0.7625 0
4973 0.3875 0.7625 0
4974 0.4 0.7625 0
4975 0.4125 0.7625 0
4976 0.425 0.7625 0
4977 0.4375 0.7625 0
4978 0.45 0.7625 0
4979 0.4625 0.7625 0
4980 0.475 0.7625 0
4981 0.4875 0.7625 0
4982 0.5 0.7625 0
4983 0.5125 0.7625 0
4984 0.525 0.7625 0
4985 0.5375 0.7625 0
4986 0.55 0.7625 0
4987 0.5625 0.7625 0
4988 0.575 0.7625 0
4989 0.5875 0.7625 0
4990 0.6 0.7625 0
4991 0.6125 0.7625 0
4992 0.625 0.7625 0
4993 0.6375 0.7625 0
4994 0.65 0.7625 0
4995 0.6625 0.7625 0
4996 0.675 0.7625 0
4997 0.6875 0.7625 0
4998 0.7 0.7625 0
4999 0.7125 0.7625 0
5000 0.725 0.7625 0
5001 0.7375 0.7625 0
5002 0.75 0.7625 0
5003 0.7625 0.7625 0
5004 0.775 0.7625 0
5005 0.7875 0.7625 0
5006 0.8 0.7625 0
5007 0.8125 0.7625 0
5008 0.825 0.7625 0
5009 0.8375 0.7625 0
5010 0.85 0.7625 0
5011 0.8625 0.7625 0
5012 0.875 0.7625 0
5013 0.8875 0.7625 0
5014 0.9 0.7625 0
5015 0.9125 0.7625 0
5016 0.925 0.7625 0
5017 0.9375 0.7625 0
5018 0.95 0.7625 0
5019 0.9625 0.7625 0
5020 0.975 0.7625 0
5021 0.9875 0.7625 0
5022 1 0.7625 0
5023 0 0.775 0
5024 0.0125 0.775 0
5025 0.025 0.775 0
5026 0.0375 0.775 0
5027 0.05 0.775 0
5028 0.0625 0.775 0
5029 0.075 0.775 0
5030 0.08749999999999999 0.775 0
5031 0.1 0.775 0
5032 0.1125 0.775 0
5033 0.125 0.775 0
5034 0.1375 0.775 0
5035 0.15 0.775 0
5036 0.1625 0.775 0
5037 0.175 0.775 0
5038 0.1875 0.775 0
5039 0.2 0.775 0
5040 0.2125 0.775 0
5041 0.225 0.775 0
5042 0.2375 0.775 0
5043 0.25 0.775 0
5044 0.2625 0.775 0
5045 0.275 0.775 0
5046 0.2875 0.775 0
5047 0.3 0.775 0
5048 0.3125 0.775 0
5049 0.325 0.775 0
5050 0.3375 0.775 0
5051 0.35 0.775 0
5052 0.3625 0.775 0
5053 0.375 0.775 0
5054 0.3875 0.775 0
5055 0.4 0.775 0
5056 0.4125 0.775 0
5057 0.425 0.775 0
5058 0.4375 0.775 0
5059 0.45 0.775 0
5060 0.4625 0.775 0
5061 0.475 0.775 0
5062 0.4875 0.775 0
5063 0.5 0.775 0
5064 0.5125 0.775 0
5065 0.525 0.775 0
5066 0.5375 0.775 0
5067 0.55 0.775 0
5068 0.5625 0.775 0
5069 0.575 0.775 0
5070 0.5875 0.775 0
5071 0.6 0.775 0
5072 0.6125 0.775 0
5073 0.625 0.775 0
5074 0.6375 0.775 0
5075 0.65 0.775 0
5076 0.6625 0.775 0
5077 0.675 0.775 0
5078 0.6875 0.775 0
5079 0.7 0.775 0
5080 0.7125 0.775 0
5081 0.725 0.775 0
5082 0.7375 0.775 0
5083 0.75 0.775 0
5084 0.7625 0.775 0
5085 0.775 0.775 0
5086 0.7875 0.775 0
5087 0.8 0.775 0
5088 0.8125 0.775 0
5089 0.825 0.775 0
5090 0.8375 0.775 0
5091 0.85 0.775 0
5092 0.8625 0.775 0
5093 0.875 0.775 0
5094 0.8875 0.775 0
5095 0.9 0.775 0
5096 0.9125 0.775 0
5097 0.925 0.775 0
5098 0.9375 0.775 0
5099 0.95 0.775 0
5100 0.9625 0.775 0
5101 0.975 0.775 0
5102 0.9875 0.775 0
5103 1 0.775 0
5104 0 0.7875 0
5105 0.0125 0.7875 0
5106 0.025 0.7875 0
5107 0.0375 0.7875 0
5108 0.05 0.7875 0
5109 0.0625 0.7875 0
5110 0.075 0.7875 0
5111 0.08749999999999999 0.7875 0
5112 0.1 0.7875 0
5113 0.1125 0.7875 0
5114 0.125 0.7875 0
5115 0.1375 0.7875 0
5116 0.15 0.7875 0
5117 0.1625 0.7875 0
5118 0.175 0.7875 0
5119 0.1875 0.7875 0
5120 0.2 0.7875 0
5121 0.2125 0.7875 0
5122 0.225 0.7875 0
5123 0.2375 0.7875 0
5124 0.25 0.7875 0
5125 0.2625 0.7875 0
5126 0.275 0.7875 0
5127 0.2875 0.7875 0
5128 0.3 0.7875 0
5129 0.3125 0.7875 0
5130 0.325 0.7875 0
5131 0.3375 0.7875 0
5132 0.35 0.7875 0
5133 0.3625 0.7875 0
5134 0.375 0.7875 0
5135 0.3875 0.7875 0
5136 0.4 0.7875 0
5137 0.4125 0.7875 0
5138 0.425 0.7875 0
5139 0.4375 0.7875 0
5140 0.45 0.7875 0
5141 0.4625 0.7875 0
5142 0.475 0.7875 0
5143 0.4875 0.7875 0
5144 0.5 0.7875 0
5145 0.5125 0.7875 0
5146 0.525 0.7875 0
5147 0.5375 0.7875 0
5148 0.55 0.7875 0
5149 0.5625 0.7875 0
5150 0.575 0.7875 0
5151 0.5875 0.7875 0
5152 0.6 0.7875 0
5153 0.6125 0.7875 0
5154 0.625 0.7875 0
5155 0.6375 0.7875 0
5156 0.65 0.7875 0
5157 0.6625 0.7875 0
5158 0.675 0.7875 0
5159 0.6875 0.7875 0
5160 0.7 0.7875 0
5161 0.7125 0.7875 0
5162 0.725 0.7875 0
5163 0.7375 0.7875 0
5164 0.75 0.7875 0
5165 0.7625 0.7875 0
5166 0.775 0.7875 0
5167 0.7875 0.7875 0
5168 0.8 0.7875 0
5169 0.8125 0.7875 0
5170 0.825 0.7875 0
5171 0.8375 0.7875 0
5172 0.85 0.7875 0
5173 0.8625 0.7875 0
5174 0.875 0.7875 0
5175 0.8875 0.7875 0
5176 0.9 0.7875 0
5177 0.9125 0.7875 0
5178 0.925 0.7875 0
5179 0.9375 0.7875 0
5180 0.95 0.7875 0
5181 0.9625 0.7875 0
5182 0.975 0.7875 0
5183 0.9875 0.7875 0
5184 1 0.7875 0
5185 0 0.8 0
5186 0.0125 0.8 0
5187 0.025 0.8 0
5188 0.0375 0.8 0
5189 0.05 0.8 0
5190 0.0625 0.8 0
5191 0.075 0.8 0
5192 0.08749999999999999 0.8 0
5193 0.1 0.8 0
5194 0.1125 0.8 0
5195 0.125 0.8 0
5196 0.1375 0.8 0
5197 0.15 0.8 0
5198 0.1625 0.8 0
5199 0.175 0.8 0
5200 0.1875 0.8 0
5201 0.2 0.8 0
5202 0.2125 0.8 0
5203 0.225 0.8 0
5204 0.2375 0.8 0
5205 0.25 0.8 0
5206 0.2625 0.8 0
5207 0.275 0.8 0
5208 0.2875 0.8 0
5209 0.3 0.8 0
5210 0.3125 0.8 0
5211 0.325 0.8 0
5212 0.3375 0.8 0
5213 0.35 0.8 0
5214 0.3625 0.8 0
5215 0.375 0.8 0
5216 0.3875 0.8 0
5217 0.4 0.8 0
5218 0.4125 0.8 0
5219 0.425 0.8 0
5220 0.4375 0.8 0
5221 0.45 0.8 0
5222 0.4625 0.8 0
5223 0.475 0.8 0
5224 0.4875 0.8 0
5225 0.5 0.8 0
5226 0.5125 0.8 0
5227 0.525 0.8 0
5228 0.5375 0.8 0
5229 0.55 0.8 0
5230 0.5625 0.8 0
5231 0.575 0.8 0
5232 0.5875 0.8 0
5233 0.6 0.8 0
5234 0.6125 0.8 0
5235 0.625 0.8 0
5236 0.6375 0.8 0
5237 0.65 0.8 0
5238 0.6625 0.8 0
5239 0.675 0.8 0
5240 0.6875 0.8 0
5241 0.7 0.8 0
5242 0.7125 0.8 0
5243 0.725 0.8 0
5244 0.7375 0.8 0
5245 0.75 0.8 0
5246 0.7625 0.8 0
5247 0.775 0.8 0
5248 0.7875 0.8 0
5249 0.8 0.8 0
5250 0.8125 0.8 0
5251 0.825 0.8 0
5252 0.8375 0.8 0
5253 0.85 0.8 0
5254 0.8625 0.8 0
5255 0.875 0.8 0
5256 0.8875 0.8 0
5257 0.9 0.8 0
5258 0.9125 0.8 0
5259 0.925 0.8 0
5260 0.9375 0.8 0
5261 0.95 0.8 0
5262 0.9625 0.8 0
5263 0.975 0.8 0
5264 0.9875 0.8 0
5265 1 0.8 0
5266 0 0.8125 0
5267 0.0125 0.8125 0
5268 0.025 0.8125 0
5269 0.0375 0.8125 0
5270 0.05 0.8125 0
5271 0.0625 0.8125 0
5272 0.075 0.8125 0
5273 0.08749999999999999 0.8125 0
5274 0.1 0.8125 0
5275 0.1125 0.8125 0
5276 0.125 0.8125 0
5277 0.1375 0.8125 0
5278 0.15 0.8125 0
5279 0.1625 0.8125 0
5280 0.175 0.8125 0
5281 0.1875 0.8125 0
5282 0.2 0.8125 0
5283 0.2125 0.8125 0
5284 0.225 0.8125 0
5285 0.2375 0.8125 0
5286 0.25 0.8125 0
5287 0.2625 0.8125 0
5288 0.275 0.8125 0
5289 0.2875 0.8125 0
5290 0.3 0.8125 0
5291 0.3125 0.8125 0
5292 0.325 0.8125 0
5293 0.3375 0.8125 0
5294 0.35 0.8125 0
5295 0.3625 0.8125 0
5296 0.375 0.8125 0
5297 0.3875 0.8125 0
5298 0.4 0.8125 0
5299 0.4125 0.8125 0
5300 0.425 0.8125 0
5301 0.4375 0.8125 0
5302 0.45 0.8125 0
5303 0.4625 0.8125 0
5304 0.475 0.8125 0
5305 0.4875 0.8125 0
5306 0.5 0.8125 0
5307 0.5125 0.8125 0
5308 0.525 0.8125 0
5309 0.5375 0.8125 0
5310 0.55 0.8125 0
5311 0.5625 0.8125 0
5312 0.575 0.8125 0
5313 0.5875 0.8125 0
5314 0.6 0.8125 0
5315 0.6125 0.8125 0
5316 0.625 0.8125 0
5317 0.6375 0.8125 0
5318 0.65 0.8125 0
5319 0.6625 0.8125 0
5320 0.675 0.8125 0
5321 0.6875 0.8125 0
5322 0.7 0.8125 0
5323 0.7125 0.8125 0
5324 0.725 0.8125 0
5325 0.7375 0.8125 0
5326 0.75 0.8125 0
5327 0.7625 0.8125 0
5328 0.775 0.8125 0
5329 0.7875 0.8125 0
5330 0.8 0.8125 0
5331 0.8125 0.8125 0
5332 0.825 0.8125 0
5333 0.8375 0.8125 0
5334 0.85 0.8125 0
5335 0.8625 0.8125 0
5336 0.875 0.8125 0
5337 0.8875 0.8125 0
5338 0.9 0.8125 0
5339 0.9125 0.8125 0
5340 0.925 0.8125 0
5341 0.9375 0.8125 0
5342 0.95 0.8125 0
5343 0.9625 0.8125 0
5344 0.975 0.8125 0
5345 0.9875 0.8125 0
5346 1 0.8125 0
5347 0 0.825 0
5348 0.0125 0.825 0
5349 0.025 0.825 0
5350 0.0375 0.825 0
5351 0.05 0.825 0
5352 0.0625 0.825 0
5353 0.075 0.825 0
5354 0.08749999999999999 0.825 0
5355 0.1 0.825 0
5356 0.1125 0.825 0
5357 0.125 0.825 0
5358 0.1375 0.825 0
5359 0.15 0.825 0
5360 0.1625 0.825 0
5361 0.175 0.825 0
5362 0.1875 0.825 0
5363 0.2 0.825 0
5364 0.2125 0.825 0
5365 0.225 0.825 0
5366 0.2375 0.825 0
5367 0.25 0.825 0
5368 0.2625 0.825 0
5369 0.275 0.825 0
5370 0.2875 0.825 0
5371 0.3 0.825 0
5372 0.3125 0.825 0
5373 0.325 0.825 0
5374 0.3375 0.825 0
5375 0.35 0.825 0
5376 0.3625 0.825 0
5377 0.375 0.825 0
5378 0.3875 0.825 0
5379 0.4 0.825 0
5380 0.4125 0.825 0
5381 0.425 0.825 0
5382 0.4375 0.825 0
5383 0.45 0.825 0
5384 0.4625 0.825 0
5385 0.475 0.825 0
5386 0.4875 0.825 0
5387 0.5 0.825 0
5388 0.5125 0.825 0
5389 0.525 0.825 0
5390 0.5375 0.825 0
5391 0.55 0.825 0
5392 0.5625 0.825 0
5393 0.575 0.825 0
5394 0.5875 0.825 0
5395 0.6 0.825 0
5396 0.6125 0.825 0
5397 0.625 0.825 0
5398 0.6375 0.825 0
5399 0.65 0.825 0
5400 0.6625 0.825 0
5401 0.675 0.825 0
5402 0.6875 0.825 0
5403 0.7 0.825 0
5404 0.7125 0.825 0
5405 0.725 0.825 0
5406 0.7375 0.825 0
5407 0.75 0.825 0
5408 0.7625 0.825 0
5409 0.775 0.825 0
5410 0.7875 0.825 0
5411 0.8 0.825 0
5412 0.8125 0.825 0
5413 0.825 0.825 0
5414 0.8375 0.825 0
5415 0.85 0.825 0
5416 0.8625 0.825 0
5417 0.875 0.825 0
5418 0.8875 0.825 0
5419 0.9 0.825 0
5420 0.9125 0.825 0
5421 0.925 0.825 0
5422 0.9375 0.825 0
5423 0.95 0.825 0
5424 0.9625 0.825 0
5425 0.975 0.825 0
5426 0.9875 0.825 0
5427 1 0.825 0
5428 0 0.8375 0
5429 0.0125 0.8375 0
5430 0.025 0.8375 0
5431 0.0375 0.8375 0
5432 0.05 0.8375 0
5433 0.0625 0.8375 0
5434 0.075 0.8375 0
5435 0.08749999999999999 0.8375 0
5436 0.1 0.8375 0
5437 0.1125 0.8375 0
5438 0.125 0.8375 0
5439 0.1375 0.8375 0
5440 0.15 0.8375 0
5441 0.1625 0.8375 0
5442 0.175 0.8375 0
5443 0.1875 0.8375 0
5444 0.2 0.8375 0
5445 0.2125 0.8375 0
5446 0.225 0.8375 0
5447 0.2375 0.8375 0
5448 0.25 0.8375 0
5449 0.2625 0.8375 0
5450 0.275 0.8375 0
5451 0.2875 0.8375 0
5452 0.3 0.8375 0
5453 0.3125 0.8375 0
5454 0.325 0.8375 0
5455 0.3375 0.8375 0
5456 0.35 0.8375 0
5457 0.3625 0.8375 0
5458 0.375 0.8375 0
5459 0.3875 0.8375 0
5460 0.4 0.8375 0
5461 0.4125 0.8375 0
5462 0.425 0.8375 0
5463 0.4375 0.8375 0
5464 0.45 0.8375 0
5465 0.4625 0.8375 0
5466 0.475 0.8375 0
5467 0.4875 0.8375 0
5468 0.5 0.8375 0
5469 0.5125 0.8375 0
5470 0.525 0.8375 0
5471 0.5375 0.8375 0
5472 0.55 0.8375 0
5473 0.5625 0.8375 0
5474 0.575 0.8375 0
5475 0.5875 0.8375 0
5476 0.6 0.8375 0
5477 0.6125 0.8375 0
5478 0.625 0.8375 0
5479 0.6375 0.8375 0
5480 0.65 0.8375 0
5481 0.6625 0.8375 0
5482 0.675 0.8375 0
5483 0.6875 0.8375 0
5484 0.7 0.8375 0
5485 0.7125 0.8375 0
5486 0.725 0.8375 0
5487 0.7375 0.8375 0
5488 0.75 0.8375 0
5489 0.7625 0.8375 0
5490 0.775 0.8375 0
5491 0.7875 0.8375 0
5492 0.8 0.8375 0
5493 0.8125 0.8375 0
5494 0.825 0.8375 0
5495 0.8375 0.8375 0
5496 0.85 0.8375 0
5497 0.8625 0.8375 0
5498 0.875 0.8375 0
5499 0.8875 0.8375 0
5500 0.9 0.8375 0
5501 0.9125 0.8375 0
5502 0.925 0.8375 0
5503 0.9375 0.8375 0
5504 0.95 0.8375 0
5505 0.9625 0.8375 0
5506 0.975 0.8375 0
5507 0.9875 0.8375 0
5508 1 0.8375 0
5509 0 0.85 0
5510 0.0125 0.85 0
5511 0.025 0.85 0
5512 0.0375 0.85 0
5513 0.05 0.85 0
5514 0.0625 0.85 0
5515 0.075 0.85 0
5516 0.08749999999999999 0.85 0
5517 0.1 0.85 0
5518 0.1125 0.85 0
5519 0.125 0.85 0
5520 0.1375 0.85 0
5521 0.15 0.85 0
5522 0.1625 0.85 0
5523 0.175 0.85 0
5524 0.1875 0.85 0
5525 0.2 0.85 0
5526 0.2125 0.85 0
5527 0.225 0.85 0
5528 0.2375 0.85 0
5529 0.25 0.85 0
5530 0.2625 0.85 0
5531 0.275 0.85 0
5532 0.2875 0.85 0
5533 0.3 0.85 0
5534 0.3125 0.85 0
5535 0.325 0.85 0
5536 0.3375 0.85 0
5537 0.35 0.85 0
5538 0.3625 0.85 0
5539 0.375 0.85 0
5540 0.3875 0.85 0
5541 0.4 0.85 0
5542 0.4125 0.85 0
5543 0.425 0.85 0
5544 0.4375 0.85 0
5545 0.45 0.85 0
5546 0.4625 0.85 0
5547 0.475 0.85 0
5548 0.4875 0.85 0
5549 0.5 0.85 0
5550 0.5125 0.85 0
5551 0.525 0.85 0
5552 0.5375 0.85 0
5553 0.55 0.85 0
5554 0.5625 0.85 0
5555 0.575 0.85 0
5556 0.5875 0.85 0
5557 0.6 0.85 0
5558 0.6125 0.85 0
5559 0.625 0.85 0
5560 0.6375 0.85 0
5561 0.65 0.85 0
5562 0.6625 0.85 0
5563 0.675 0.85 0
5564 0.6875 0.85 0
5565 0.7 0.85 0
5566 0.7125 0.85 0
5567 0.725 0.85 0
5568 0.7375 0.85 0
5569 0.75 0.85 0
5570 0.7625 0.85 0
5571 0.775 0.85 0
5572 0.7875 0.85 0
5573 0.8 0.85 0
5574 0.8125 0.85 0
5575 0.825 0.85 0
5576 0.8375 0.85 0
5577 0.85 0.85 0
5578 0.8625 0.85 0
5579 0.875 0.85 0
5580 0.8875 0.85 0
5581 0.9 0.85 0
5582 0.9125 0.85 0
5583 0.925 0.85 0
5584 0.9375 0.85 0
5585 0.95 0.85 0
5586 0.9625 0.85 0
5587 0.975 0.85 0
5588 0.9875 0.85 0
5589 1 0.85 0
5590 0 0.8625 0
5591 0.0125 0.8625 0
5592 0.025 0.8625 0
5593 0.0375 0.8625 0
5594 0.05 0.8625 0
5595 0.0625 0.8625 0
5596 0.075 0.8625 0
5597 0.08749999999999999 0.8625 0
5598 0.1 0.8625 0
5599 0.1125 0.8625 0
5600 0.125 0.8625 0
5601 0.1375 0.8625 0
5602 0.15 0.8625 0
5603 0.1625 0.8625 0
5604 0.175 0.8625 0
5605 0.1875 0.8625 0
5606 0.2 0.8625 0
5607 0.2125 0.8625 0
5608 0.225 0.8625 0
5609 0.2375 0.8625 0
5610 0.25 0.8625 0
5611 0.2625 0.8625 0
5612 0.275 0.8625 0
5613 0.2875 0.8625 0
5614 0.3 0.8625 0
5615 0.3125 0.8625 0
5616 0.325 0.8625 0
5617 0.3375 0.8625 0
5618 0.35 0.8625 0
5619 0.3625 0.8625 0
5620 0.375 0.8625 0
5621 0.3875 0.8625 0
5622 0.4 0.8625 0
5623 0.4125 0.8625 0
5624 0.425 0.8625 0
5625 0.4375 0.8625 0
5626 0.45 0.8625 0
5627 0.4625 0.8625 0
5628 0.475 0.8625 0
5629 0.4875 0.8625 0
5630 0.5 0.8625 0
5631 0.5125 0.8625 0
5632 0.525 0.8625 0
5633 0.5375 0.8625 0
5634 0.55 0.8625 0
5635 0.5625 0.8625 0
5636 0.575 0.8625 0
5637 0.5875 0.8625 0
5638 0.6 0.8625 0
5639 0.6125 0.8625 0
5640 0.625 0.8625 0
5641 0.6375 0.8625 0
5642 0.65 0.8625 0
5643 0.6625 0.8625 0
5644 0.675 0.8625 0
5645 0.6875 0.8625 0
5646 0.7 0.8625 0
5647 0.7125 0.8625 0
5648 0.725 0.8625 0
5649 0.7375 0.8625 0
5650 0.75 0.8625 0
5651 0.7625 0.8625 0
5652 0.775 0.8625 0
5653 0.7875 0.8625 0
5654 0.8 0.8625 0
5655 0.8125 0.8625 0
5656 0.825 0.8625 0
5657 0.8375 0.8625 0
5658 0.85 0.8625 0
5659 0.8625 0.8625 0
5660 0.875 0.8625 0
5661 0.8875 0.8625 0
5662 0.9 0.8625 0
5663 0.9125 0.8625 0
5664 0.925 0.8625 0
5665 0.9375 0.8625 0
5666 0.95 0.8625 0
5667 0.9625 0.8625 0
5668 0.975 0.8625 0
5669 0.9875 0.8625 0
5670 1 0.8625 0
5671 0 0.875 0
5672 0.0125 0.875 0
5673 0.025 0.875 0
5674 0.0375 0.875 0
5675 0.05 0.875 0
5676 0.0625 0.875 0
5677 0.075 0.875 0
5678 0.08749999999999999 0.875 0
5679 0.1 0.875 0
5680 0.1125 0.875 0
5681 0.125 0.875 0
5682 0.1375 0.875 0
5683 0.15 0.875 0
5684 0.1625 0.875 0
5685 0.175 0.875 0
5686 0.1875 0.875 0
5687 0.2 0.875 0
5688 0.2125 0.875 0
5689 0.225 0.875 0
5690 0.2375 0.875 0
5691 0.25 0.875 0
5692 0.2625 0.875 0
5693 0.275 0.875 0
5694 0.2875 0.875 0
5695 0.3 0.875 0
5696 0.3125 0.875 0
5697 0.325 0.875 0
5698 0.3375 0.875 0
5699 0.35 0.875 0
5700 0.3625 0.875 0
5701 0.375 0.875 0
5702 0.3875 0.875 0
5703 0.4 0.875 0
5704 0.4125 0.875 0
5705 0.425 0.875 0
5706 0.4375 0.875 0
5707 0.45 0.875 0
5708 0.4625 0.875 0
5709 0.475 0.875 0
5710 0.4875 0.875 0
5711 0.5 0.875 0
5712 0.5125 0.875 0
5713 0.525 0.875 0
5714 0.5375 0.875 0
5715 0.55 0.875 0
5716 0.5625 0.875 0
5717 0.575 0.875 0
5718 0.5875 0.875 0
5719 0.6 0.875 0
5720 0.6125 0.875 0
5721 0.625 0.875 0
5722 0.6375 0.875 0
5723 0.65 0.875 0
5724 0.6625 0.875 0
5725 0.675 0.875 0
5726 0.6875 0.875 0
5727 0.7 0.875 0
5728 0.7125 0.875 0
5729 0.725 0.875 0
5730 0.7375 0.875 0
5731 0.75 0.875 0
5732 0.7625 0.875 0
5733 0.775 0.875 0
5734 0.7875 0.875 0
5735 0.8 0.875 0
5736 0.8125 0.875 0
5737 0.825 0.875 0
5738 0.8375 0.875 0
5739 0.85 0.875 0
5740 0.8625 0.875 0
5741 0.875 0.875 0
5742 0.8875 0.875 0
5743 0.9 0.875 0
5744 0.9125 0.875 0
5745 0.925 0.875 0
5746 0.9375 0.875 0
5747 0.95 0.875 0
5748 0.9625 0.875 0
5749 0.975 0.875 0
5750 0.9875 0.875 0
5751 1 0.875 0
5752 0 0.8875 0
5753 0.0125 0.8875 0
5754 0.025 0.8875 0
5755 0.0375 0.8875 0
5756 0.05 0.8875 0
5757 0.0625 0.8875 0
5758 0.075 0.8875 0
5759 0.08749999999999999 0.8875 0
5760 0.1 0.8875 0
5761 0.1125 0.8875 0
5762 0.125 0.8875 0
5763 0.1375 0.8875 0
5764 0.15 0.8875 0
5765 0.1625 0.8875 0
5766 0.175 0.8875 0
5767 0.1875 0.8875 0
5768 0.2 0.8875 0
5769 0.2125 0.8875 0
5770 0.225 0.8875 0
5771 0.2375 0.8875 0
5772 0.25 0.8875 0
5773 0.2625 0.8875 0
5774 0.275 0.8875 0
5775 0.2875 0.8875 0
5776 0.3 0.8875 0
5777 0.3125 0.8875 0
5778 0.325 0.8875 0
5779 0.3375 0.8875 0
5780 0.35 0.8875 0
5781 0.3625 0.8875 0
5782 0.375 0.8875 0
5783 0.3875 0.8875 0
5784 0.4 0.8875 0
5785 0.4125 0.8875 0
5786 0.425 0.8875 0
5787 0.4375 0.8875 0
5788 0.45 0.8875 0
5789 0.4625 0.8875 0
5790 0.475 0.8875 0
5791 0.4875 0.8875 0
5792 0.5 0.8875 0
5793 0.5125 0.8875 0
5794 0.525 0.8875 0
5795 0.5375 0.8875 0
5796 0.55 0.8875 0
5797 0.5625 0.8875 0
5798 0.575 0.8875 0
5799 0.5875 0.8875 0
5800 0.6 0.8875 0
5801 0.6125 0.8875 0
5802 0.625 0.8875 0
5803 0.6375 0.8875 0
5804 0.65 0.8875 0
5805 0.6625 0.8875 0
5806 0.675 0.8875 0
5807 0.6875 0.8875 0
5808 0.7 0.8875 0
5809 0.7125 0.8875 0
5810 0.725 0.8875 0
5811 0.7375 0.8875 0
5812 0.75 0.8875 0
5813 0.7625 0.8875 0
5814 0.775 0.8875 0
5815 0.7875 0.8875 0
5816 0.8 0.8875 0
5817 0.8125 0.8875 0
5818 0.825 0.8875 0
5819 0.8375 0.8875 0
5820 0.85 0.8875 0
5821 0.8625 0.8875 0
5822 0.875 0.8875 0
5823 0.8875 0.8875 0
5824 0.9 0.8875 0
5825 0.9125 0.8875 0
5826 0.925 0.8875 0
5827 0.9375 0.8875 0
5828 0.95 0.8875 0
5829 0.9625 0.8875 0
5830 0.975 0.8875 0
5831 0.9875 0.8875 0
5832 1 0.8875 0
5833 0 0.9 0
5834 0.0125 0.9 0
5835 0.025 0.9 0
5836 0.0375 0.9 0
5837 0.05 0.9 0
5838 0.0625 0.9 0
5839 0.075 0.9 0
5840 0.08749999999999999 0.9 0
5841 0.1 0.9 0
5842 0.1125 0.9 0
5843 0.125 0.9 0
5844 0.1375 0.9 0
5845 0.15 0.9 0
5846 0.1625 0.9 0
5847 0.175 0.9 0
5848 0.1875 0.9 0
5849 0.2 0.9 0
5850 0.2125 0.9 0
5851 0.225 0.9 0
5852 0.2375 0.9 0
5853 0.25 0.9 0
5854 0.2625 0.9 0
5855 0.275 0.9 0
5856 0.2875 0.9 0
5857 0.3 0.9 0
5858 0.3125 0.9 0
5859 0.325 0.9 0
5860 0.3375 0.9 0
5861 0.35 0.9 0
5862 0.3625 0.9 0
5863 0.375 0.9 0
5864 0.3875 0.9 0
5865 0.4 0.9 0
5866 0.4125 0.9 0
5867 0.425 0.9 0
5868 0.4375 0.9 0
5869 0.45 0.9 0
5870 0.4625 0.9 0
5871 0.475 0.9 0
5872 0.4875 0.9 0
5873 0.5 0.9 0
5874 0.5125 0.9 0
5875 0.525 0.9 0
5876 0.5375 0.9 0
5877 0.55 0.9 0
5878 0.5625 0.9 0
5879 0.575 0.9 0
5880 0.5875 0.9 0
5881 0.6 0.9 0
5882 0.6125 0.9 0
5883 0.625 0.9 0
5884 0.6375 0.9 0
5885 0.65 0.9 0
5886 0.6625 0.9 0
5887 0.675 0.9 0
5888 0.6875 0.9 0
5889 0.7 0.9 0
5890 0.7125 0.9 0
5891 0.725 0.9 0
5892 0.7375 0.9 0
5893 0.75 0.9 0
5894 0.7625 0.9 0
5895 0.775 0.9 0
5896 0.7875 0.9 0
5897 0.8 0.9 0
5898 0.8125 0.9 0
5899 0.825 0.9 0
5900 0.8375 0.9 0
5901 0.85 0.9 0
5902 0.8625 0.9 0
5903 0.875 0.9 0
5904 0.8875 0.9 0
5905 0.9 0.9 0
5906 0.9125 0.9 0
5907 0.925 0.9 0
5908 0.9375 0.9 0
5909 0.95 0.9 0
5910 0.9625 0.9 0
5911 0.975 0.9 0
5912 0.9875 0.9 0
5913 1 0.9 0
5914 0 0.9125 0
5915 0.0125 0.9125 0
5916 0.025 0.9125 0
5917 0.0375 0.9125 0
5918 0.05 0.9125 0
5919 0.0625 0.9125 0
5920 0.075 0.9125 0
5921 0.08749999999999999 0.9125 0
5922 0.1 0.9125 0
5923 0.1125 0.9125 0
5924 0.125 0.9125 0
5925 0.1375 0.9125 0
5926 0.15 0.9125 0
5927 0.1625 0.9125 0
5928 0.175 0.9125 0
5929 0.1875 0.9125 0
5930 0.2 0.9125 0
5931 0.2125 0.9125 0
5932 0.225 0.9125 0
5933 0.2375 0.9125 0
5934 0.25 0.9125 0
5935 0.2625 0.9125 0
5936 0.275 0.9125 0
5937 0.2875 0.9125 0
5938 0.3 0.9125 0
5939 0.3125 0.9125 0
5940 0.325 0.9125 0
5941 0.3375 0.9125 0
5942 0.35 0.9125 0
5943 0.3625 0.9125 0
5944 0.375 0.9125 0
5945 0.3875 0.9125 0
5946 0.4 0.9125 0
5947 0.4125 0.9125 0
5948 0.425 0.9125 0
5949 0.4375 0.9125 0
5950 0.45 0.9125 0
5951 0.4625 0.9125 0
5952 0.475 0.9125 0
5953 0.4875 0.9125 0
5954 0.5 0.9125 0
5955 0.5125 0.9125 0
5956 0.525 0.9125 0
5957 0.5375 0.9125 0
5958 0.55 0.9125 0
5959 0.5625 0.9125 0
5960 0.575 0.9125 0
5961 0.5875 0.9125 0
5962 0.6 0.9125 0
5963 0.6125 0.9125 0
5964 0.625 0.9125 0
5965 0.6375 0.9125 0
5966 0.65 0.9125 0
5967 0.6625 0.9125 0
5968 0.675 0.9125 0
5969 0.6875 0.9125 0
5970 0.7 0.9125 0
5971 0.7125 0.9125 0
5972 0.725 0.9125 0
5973 0.7375 0.9125 0
5974 0.75 0.9125 0
5975 0.7625 0.9125 0
5976 0.775 0.9125 0
5977 0.7875 0.9125 0
5978 0.8 0.9125 0
5979 0.8125 0.9125 0
5980 0.825 0.9125 0
5981 0.8375 0.9125 0
5982 0.85 0.9125 0
5983 0.8625 0.9125 0
5984 0.875 0.9125 0
5985 0.8875 0.9125 0
5986 0.9 0.9125 0
5987 0.9125 0.9125 0
5988 0.925 0.9125 0
5989 0.9375 0.9125 0
5990 0.95 0.9125 0
5991 0.9625 0.9125 0
5992 0.975 0.9125 0
5993 0.9875 0.9125 0
5994 1 0.9125 0
5995 0 0.925 0
5996 0.0125 0.925 0
5997 0.025 0.925 0
5998 0.0375 0.925 0
5999 0.05 0.925 0
6000 0.0625 0.925 0
6001 0.075 0.925 0
6002 0.08749999999999999 0.925 0
6003 0.1 0.925 0
6004 0.1125 0.925 0
6005 0.125 0.925 0
6006 0.1375 0.925 0
6007 0.15 0.925 0
6008 0.1625 0.925 0
6009 0.175 0.925 0
6010 0.1875 0.925 0
6011 0.2 0.925 0
6012 0.2125 0.925 0
6013 0.225 0.925 0
6014 0.2375 0.925 0
6015 0.25 0.925 0
6016 0.2625 0.925 0
6017 0.275 0.925 0
6018 0.2875 0.925 0
6019 0.3 0.925 0
6020 0.3125 0.925 0
6021 0.325 0.925 0
6022 0.3375 0.925 0
6023 0.35 0.925 0
6024 0.3625 0.925 0
6025 0.375 0.925 0
6026 0.3875 0.925 0
6027 0.4 0.925 0
6028 0.4125 0.925 0
6029 0.425 0.925 0
6030 0.4375 0.925 0
6031 0.45 0.925 0
6032 0.4625 0.925 0
6033 0.475 0.925 0
6034 0.4875 0.925 0
6035 0.5 0.925 0
6036 0.5125 0.925 0
6037 0.525 0.925 0
6038 0.5375 0.925 0
6039 0.55 0.925 0
6040 0.5625 0.925 0
6041 0.575 0.925 0
6042 0.5875 0.925 0
6043 0.6 0.925 0
6044 0.6125 0.925 0
6045 0.625 0.925 0
6046 0.6375 0.925 0
6047 0.65 0.925 0
6048 0.6625 0.925 0
6049 0.675 0.925 0
6050 0.6875 0.925 0
6051 0.7 0.925 0
6052 0.7125 0.925 0
6053 0.725 0.925 0
6054 0.7375 0.925 0
6055 0.75 0.925 0
6056 0.7625 0.925 0
6057 0.775 0.925 0
6058 0.7875 0.925 0
6059 0.8 0.925 0
6060 0.8125 0.925 0
6061 0.825 0.925 0
6062 0.8375 0.925 0
6063 0.85 0.925 0
6064 0.8625 0.925 0
6065 0.875 0.925 0
6066 0.8875 0.925 0
6067 0.9 0.925 0
6068 0.9125 0.925 0
6069 0.925 0.925 0
6070 0.9375 0.925 0
6071 0.95 0.925 0
6072 0.9625 0.925 0
6073 0.975 0.925 0
6074 0.9875 0.925 0
6075 1 0.925 0
6076 0 0.9375 0
6077 0.0125 0.9375 0
6078 0.025 0.9375 0
6079 0.0375 0.9375 0
6080 0.05 0.9375 0
6081 0.0625 0.9375 0
6082 0.075 0.9375 0
6083 0.08749999999999999 0.9375 0
6084 0.1 0.9375 0
6085 0.1125 0.9375 0
6086 0.125 0.9375 0
6087 0.1375 0.9375 0
6088 0.15 0.9375 0
6089 0.1625 0.9375 0
6090 0.175 0.9375 0
6091 0.1875 0.9375 0
6092 0.2 0.9375 0
6093 0.2125 0.9375 0
6094 0.225 0.9375 0
6095 0.2375 0.9375 0
6096 0.25 0.9375 0
6097 0.2625 0.9375 0
6098 0.275 0.9375 0
6099 0.2875 0.9375 0
6100 0.3 0.9375 0
6101 0.3125 0.9375 0
6102 0.325 0.9375 0
6103 0.3375 0.9375 0
6104 0.35 0.9375 0
6105 0.3625 0.9375 0
6106 0.375 0.9375 0
6107 0.3875 0.9375 0
6108 0.4 0.9375 0
6109 0.4125 0.9375 0
6110 0.425 0.9375 0
6111 0.4375 0.9375 0
6112 0.45 0.9375 0
6113 0.4625 0.9375 0
6114 0.475 0.9375 0
6115 0.4875 0.9375 0
6116 0.5 0.9375 0
6117 0.5125 0.9375 0
6118 0.525 0.9375 0
6119 0.5375 0.9375 0
6120 0.55 0.9375 0
6121 0.5625 0.9375 0
6122 0.575 0.9375 0
6123 0.5875 0.9375 0
6124 0.6 0.9375 0
6125 0.6125 0.9375 0
6126 0.625 0.9375 0
6127 0.6375 0.9375 0
6128 0.65 0.9375 0
6129 0.6625 0.9375 0
6130 0.675 0.9375 0
6131 0.6875 0.9375 0
6132 0.7 0.9375 0
6133 0.7125 0.9375 0
6134 0.725 0.9375 0
6135 0.7375 0.9375 0
6136 0.75 0.9375 0
6137 0.7625 0.9375 0
6138 0.775 0.9375 0
6139 0.7875 0.9375 0
6140 0.8 0.9375 0
6141 0.8125 0.9375 0
6142 0.825 0.9375 0
6143 0.8375 0.9375 0
6144 0.85 0.9375 0
6145 0.8625 0.9375 0
6146 0.875 0.9375 0
6147 0.8875 0.9375 0
6148 0.9 0.9375 0
6149 0.9125 0.9375 0
6150 0.925 0.9375 0
6151 0.9375 0.9375 0
6152 0.95 0.9375 0
6153 0.9625 0.9375 0
6154 0.975 0.9375 0
6155 0.9875 0.9375 0
6156 1 0.9375 0
6157 0 0.95 0
6158 0.0125 0.95 0
6159 0.025 0.95 0
6160 0.0375 0.95 0
6161 0.05 0.95 0
6162 0.0625 0.95 0
6163 0.075 0.95 0
6164 0.08749999999999999 0.95 0
6165 0.1 0.95 0
6166 0.1125 0.95 0
6167 0.125 0.95 0
6168 0.1375 0.95 0
6169 0.15 0.95 0
6170 0.1625 0.95 0
6171 0.175 0.95 0
6172 0.1875 0.95 0
6173 0.2 0.95 0
6174 0.2125 0.95 0
6175 0.225 0.95 0
6176 0.2375 0.95 0
6177 0.25 0.95 0
6178 0.2625 0.95 0
6179 0.275 0.95 0
6180 0.2875 0.95 0
6181 0.3 0.95 0
6182 0.3125 0.95 0
6183 0.325 0.95 0
6184 0.3375 0.95 0
6185 0.35 0.95 0
6186 0.3625 0.95 0
6187 0.375 0.95 0
6188 0.3875 0.95 0
6189 0.4 0.95 0
6190 0.4125 0.95 0
6191 0.425 0.95 0
6192 0.4375 0.95 0
6193 0.45 0.95 0
6194 0.4625 0.95 0
6195 0.475 0.95 0
6196 0.4875 0.95 0
6197 0.5 0.95 0
6198 0.5125 0.95 0
6199 0.525 0.95 0
6200 0.5375 0.95 0
6201 0.55 0.95 0
6202 0.5625 0.95 0
6203 0.575 0.95 0
6204 0.5875 0.95 0
6205 0.6 0.95 0
6206 0.6125 0.95 0
6207 0.625 0.95 0
6208 0.6375 0.95 0
6209 0.65 0.95 0
6210 0.6625 0.95 0
6211 0.675 0.95 0
6212 0.6875 0.95 0
6213 0.7 0.95 0
6214 0.7125 0.95 0
6215 0.725 0.95 0
6216 0.7375 0.95 0
6217 0.75 0.95 0
6218 0.7625 0.95 0
6219 0.775 0.95 0
6220 0.7875 0.95 0
6221 0.8 0.95 0
6222 0.8125 0.95 0
6223 0.825 0.95 0
6224 0.8375 0.95 0
6225 0.85 0.95 0
6226 0.8625 0.95 0
6227 0.875 0.95 0
6228 0.8875 0.95 0
6229 0.9 0.95 0
6230 0.9125 0.95 0
6231 0.925 0.95 0
6232 0.9375 0.95 0
6233 0.95 0.95 0
6234 0.9625 0.95 0
6235 0.975 0.95 0
6236 0.9875 0.95 0
6237 1 0.95 0
6238 0 0.9625 0
6239 0.0125 0.9625 0
6240 0.025 0.9625 0
6241 0.0375 0.9625 0
6242 0.05 0.9625 0
6243 0.0625 0.9625 0
6244 0.075 0.9625 0
6245 0.08749999999999999 0.9625 0
6246 0.1 0.9625 0
6247 0.1125 0.9625 0
6248 0.125 0.9625 0
6249 0.1375 0.9625 0
6250 0.15 0.9625 0
6251 0.1625 0.9625 0
6252 0.175 0.9625 0
6253 0.1875 0.9625 0
6254 0.2 0.9625 0
6255 0.2125 0.9625 0
6256 0.225 0.9625 0
6257 0.2375 0.9625 0
6258 0.25 0.9625 0
6259 0.2625 0.9625 0
6260 0.275 0.9625 0
6261 0.2875 0.9625 0
6262 0.3 0.9625 0
6263 0.3125 0.9625 0
6264 0.325 0.9625 0
6265 0.3375 0.9625 0
6266 0.35 0.9625 0
6267 0.3625 0.9625 0
6268 0.375 0.9625 0
6269 0.3875 0.9625 0
6270 0.4 0.9625 0
6271 0.4125 0.9625 0
6272 0.425 0.9625 0
6273 0.4375 0.9625 0
6274 0.45 0.9625 0
6275 0.4625 0.9625 0
6276 0.475 0.9625 0
6277 0.4875 0.9625 0
6278 0.5 0.9625 0
6279 0.5125 0.9625 0
6280 0.525 0.9625 0
6281 0.5375 0.9625 0
6282 0.55 0.9625 0
6283 0.5625 0.9625 0
6284 0.575 0.9625 0
6285 0.5875 0.9625 0
6286 0.6 0.9625 0
6287 0.6125 0.9625 0
6288 0.625 0.9625 0
6289 0.6375 0.9625 0
6290 0.65 0.9625 0
6291 0.6625 0.9625 0
6292 0.675 0.9625 0
6293 0.6875 0.9625 0
6294 0.7 0.9625 0
6295 0.7125 0.9625 0
6296 0.725 0.9625 0
6297 0.7375 0.9625 0
6298 0.75 0.9625 0
6299 0.7625 0.9625 0
6300 0.775 0.9625 0
6301 0.7875 0.9625 0
6302 0.8 0.9625 0
6303 0.8125 0.9625 0
6304 0.825 0.9625 0
6305 0.8375 0.9625 0
6306 0.85 0.9625 0
6307 0.8625 0.9625 0
6308 0.875 0.9625 0
6309 0.8875 0.9625 0
6310 0.9 0.9625 0
6311 0.9125 0.9625 0
6312 0.925 0.9625 0
6313 0.9375 0.9625 0
6314 0.95 0.9625 0
6315 0.9625 0.9625 0
6316 0.975 0.9625 0
6317 0.9875 0.9625 0
6318 1 0.9625 0
6319 0 0.975 0
6320 0.0125 0.975 0
6321 0.025 0.975 0
6322 0.0375 0.975 0
6323 0.05 0.975 0
6324 0.0625 0.975 0
6325 0.075 0.975 0
6326 0.08749999999999999 0.975 0
6327 0.1 0.975 0
6328 0.1125 0.975 0
6329 0.125 0.975 0
6330 0.1375 0.975 0
6331 0.15 0.975 0
6332 0.1625 0.975 0
6333 0.175 0.975 0
6334 0.1875 0.975 0
6335 0.2 0.975 0
6336 0.2125 0.975 0
6337 0.225 0.975 0
6338 0.2375 0.975 0
6339 0.25 0.975 0
6340 0.2625 0.975 0
6341 0.275 0.975 0
6342 0.2875 0.975 0
6343 0.3 0.975 0
6344 0.3125 0.975 0
6345 0.325 0.975 0
6346 0.3375 0.975 0
6347 0.35 0.975 0
6348 0.3625 0.975 0
6349 0.375 0.975 0
6350 0.3875 0.975 0
6351 0.4 0.975 0
6352 0.4125 0.975 0
6353 0.425 0.975 0
6354 0.4375 0.975 0
6355 0.45 0.975 0
6356 0.4625 0.975 0
6357 0.475 0.975 0
6358 0.4875 0.975 0
6359 0.5 0.975 0
6360 0.5125 0.975 0
6361 0.525 0.975 0
6362 0.5375 0.975 0
6363 0.55 0.975 0
6364 0.5625 0.975 0
6365 0.575 0.975 0
6366 0.5875 0.975 0
6367 0.6 0.975 0
6368 0.6125 0.975 0
6369 0.625 0.975 0
6370 0.6375 0.975 0
6371 0.65 0.975 0
6372 0.6625 0.975 0
6373 0.675 0.975 0
6374 0.6875 0.975 0
6375 0.7 0.975 0
6376 0.7125 0.975 0
6377 0.725 0.975 0
6378 0.7375 0.975 0
6379 0.75 0.975 0
6380 0.7625 0.975 0
6381 0.775 0.975 0
6382 0.7875 0.975 0
6383 0.8 0.975 0
6384 0.8125 0.975 0
6385 0.825 0.975 0
6386 0.8375 0.975 0
6387 0.85 0.975 0
6388 0.8625 0.975 0
6389 0.875 0.975 0
6390 0.8875 0.975 0
6391 0.9 0.975 0
6392 0.9125 0.975 0
6393 0.925 0.975 0
6394 0.9375 0.975 0
6395 0.95 0.975 0
6396 0.9625 0.975 0
6397 0.975 0.975 0
6398 0.9875 0.975 0
6399 1 0.975 0
6400 0 0.9875 0
6401 0.0125 0.9875 0
6402 0.025 0.9875 0
6403 0.0375 0.9875 0
6404 0.05 0.9875 0
6405 0.0625 0.9875 0
6406 0.075 0.9875 0
6407 0.08749999999999999 0.9875 0
6408 0.1 0.9875 0
6409 0.1125 0.9875 0
6410 0.125 0.9875 0
6411 0.1375 0.9875 0
6412 0.15 0.9875 0
6413 0.1625 0.9875 0
6414 0.175 0.9875 0
6415 0.1875 0.9875 0
6416 0.2 0.9875 0
6417 0.2125 0.9875 0
6418 0.225 0.9875 0
6419 0.2375 0.9875 0
6420 0.25 0.9875 0
6421 0.2625 0.9875 0
6422 0.275 0.9875 0
6423 0.2875 0.9875 0
6424 0.3 0.9875 0
6425 0.3125 0.9875 0
6426 0.325 0.9875 0
6427 0.3375 0.9875 0
6428 0.35 0.9875 0
6429 0.3625 0.9875 0
6430 0.375 0.9875 0
6431 0.3875 0.9875 0
6432 0.4 0.9875 0
6433 0.4125 0.9875 0
6434 0.425 0.9875 0
6435 0.4375 0.9875 0
6436 0.45 0.9875 0
6437 0.4625 0.9875 0
6438 0.475 0.9875 0
6439 0.4875 0.9875 0
6440 0.5 0.9875 0
6441 0.5125 0.9875 0
6442 0.525 0.9875 0
6443 0.5375 0.9875 0
6444 0.55 0.9875 0
6445 0.5625 0.9875 0
6446 0.575 0.9875 0
6447 0.5875 0.9875 0
6448 0.6 0.9875 0
6449 0.6125 0.9875 0
6450 0.625 0.9875 0
6451 0.6375 0.9875 0
6452 0.65 0.9875 0
6453 0.6625 0.9875 0
6454 0.675 0.9875 0
6455 0.6875 0.9875 0
6456 0.7 0.9875 0
6457 0.7125 0.9875 0
6458 0.725 0.9875 0
6459 0.7375 0.9875 0
6460 0.75 0.9875 0
6461 0.7625 0.9875 0
6462 0.775 0.9875 0
6463 0.7875 0.9875 0
6464 0.8 0.9875 0
6465 0.8125 0.9875 0
6466 0.825 0.9875 0
6467 0.8375 0.9875 0
6468 0.85 0.9875 0
6469 0.8625 0.9875 0
6470 0.875 0.9875 0
6471 0.8875 0.9875 0
6472 0.9 0.9875 0
6473 0.9125 0.9875 0
6474 0.925 0.9875 0
6475 0.9375 0.9875 0
6476 0.95 0.9875 0
6477 0.9625 0.9875 0
6478 0.975 0.9875 0
6479 0.9875 0.9875 0
6480 1 0.9875 0
6481 0 1 0
6482 0.0125 1 0
6483 0.025 1 0
6484 0.0375 1 0
6485 0.05 1 0
6486 0.0625 1 0
6487 0.075 1 0
6488 0.08749999999999999 1 0
6489 0.1 1 0
6490 0.1125 1 0
6491 0.125 1 0
6492 0.1375 1 0
6493 0.15 1 0
6494 0.1625 1 0
6495 0.175 1 0
6496 0.1875 1 0
6497 0.2 1 0
6498 0.2125 1 0
6499 0.225 1 0
6500 0.2375 1 0
6501 0.25 1 0
6502 0.2625 1 0
6503 0.275 1 0
6504 0.2875 1 0
6505 0.3 1 0
6506 0.3125 1 0
6507 0.325 1 0
6508 0.3375 1 0
6509 0.35 1 0
6510 0.3625 1 0
6511 0.375 1 0
6512 0.3875 1 0
6513 0.4 1 0
6514 0.4125 1 0
6515 0.425 1 0
6516 0.4375 1 0
6517 0.45 1 0
6518 0.4625 1 0
6519 0.475 1 0
6520 0.4875 1 0
6521 0.5 1 0
6522 0.5125 1 0
6523 0.525 1 0
6524 0.5375 1 0
6525 0.55 1 0
6526 0.5625 1 0
6527 0.575 1 0
6528 0.5875 1 0
6529 0.6 1 0
6530 0.6125 1 0
6531 0.625 1 0
6532 0.6375 1 0
6533 0.65 1 0
6534 0.6625 1 0
6535 0.675 1 0
6536 0.6875 1 0
6537 0.7 1 0
6538 0.7125 1 0
6539 0.725 1 0
6540 0.7375 1 0
6541 0.75 1 0
6542 0.7625 1 0
6543 0.775 1 0
6544 0.7875 1 0
6545 0.8 1 0
6546 0.8125 1 0
6547 0.825 1 0
6548 0.8375 1 0
6549 0.85 1 0
6550 0.8625 1 0
6551 0.875 1 0
6552 0.8875 1 0
6553 0.9 1 0
6554 0.9125 1 0
6555 0.925 1 0
6556 0.9375 1 0
6557 0.95 1 0
6558 0.9625 1 0
6559 0.975 1 0
6560 0.9875 1 0
6561 1 1 0
6562 0 1.0125 0
6563 0.0125 1.0125 0
6564 0.025 1.0125 0
6565 0.0375 1.0125 0
6566 0.05 1.0125 0
6567 0.0625 1.0125 0
6568 0.075 1.0125 0
6569 0.08749999999999999 1.0125 0
6570 0.1 1.0125 0
6571 0.1125 1.0125 0
6572 0.125 1.0125 0
6573 0.1375 1.0125 0
6574 0.15 1.0125 0
6575 0.1625 1.0125 0
6576 0.175 1.0125 0
6577 0.1875 1.0125 0
6578 0.2 1.0125 0
6579 0.2125 1.0125 0
6580 0.225 1.0125 0
6581 0.2375 1.0125 0
6582 0.25 1.0125 0
6583 0.2625 1.0125 0
6584 0.275 1.0125 0
6585 0.2875 1.0125 0
6586 0.3 1.0125 0
6587 0.3125 1.0125 0
6588 0.325 1.0125 0
6589 0.3375 1.0125 0
6590 0.35 1.0125 0
6591 0.3625 1.0125 0
6592 0.375 1.0125 0
6593 0.3875 1.0125 0
6594 0.4 1.0125 0
6595 0.4125 1.0125 0
6596 0.425 1.0125 0
6597 0.4375 1.0125 0
6598 0.45 1.0125 0
6599 0.4625 1.0125 0
6600 0.475 1.0125 0
6601 0.4875 1.0125 0
6602 0.5 1.0125 0
6603 0.5125 1.0125 0
6604 0.525 1.0125 0
6605 0.5375 1.0125 0
6606 0.55 1.0125 0
6607 0.5625 1.0125 0
6608 0.575 1.0125 0
6609 0.5875 1.0125 0
6610 0.6 1.0125 0
6611 0.6125 1.0125 0
6612 0.625 1.0125 0
6613 0.6375 1.0125 0
6614 0.65 1.0125 0
6615 0.6625 1.0125 0
6616 0.675 1.0125 0
6617 0.6875 1.0125 0
6618 0.7 1.0125 0
6619 0.7125 1.0125 0
6620 0.725 1.0125 0
6621 0.7375 1.0125 0
6622 0.75 1.0125 0
6623 0.7625 1.0125 0
6624 0.775 1.0125 0
6625 0.7875 1.0125 0
6626 0.8 1.0125 0
6627 0.8125 1.0125 0
6628 0.825 1.0125 0
6629 0.8375 1.0125 0
6630 0.85 1.0125 0
6631 0.8625 1.0125 0
6632 0.875 1.0125 0
6633 0.8875 1.0125 0
6634 0.9 1.0125 0
6635 0.9125 1.0125 0
6636 0.925 1.0125 0
6637 0.9375 1.0125 0
6638 0.95 1.0125 0
6639 0.9625 1.0125 0
6640 0.975 1.0125 0
6641 0.9875 1.0125 0
6642 1 1.0125 0
6643 0 1.025 0
6644 0.0125 1.025 0
6645 0.025 1.025 0
6646 0.0375 1.025 0
6647 0.05 1.025 0
6648 0.0625 1.025 0
6649 0.075 1.025 0
6650 0.08749999999999999 1.025 0
6651 0.1 1.025 0
6652 0.1125 1.025 0
6653 0.125 1.025 0
6654 0.1375 1.025 0
6655 0.15 1.025 0
6656 0.1625 1.025 0
6657 0.175 1.025 0
6658 0.1875 1.025 0
6659 0.2 1.025 0
6660 0.2125 1.025 0
6661 0.225 1.025 0
6662 0.2375 1.025 0
6663 0.25 1.025 0
6664 0.2625 1.025 0
6665 0.275 1.025 0
6666 0.2875 1.025 0
6667 0.3 1.025 0
6668 0.3125 1.025 0
6669 0.325 1.025 0
6670 0.3375 1.025 0
6671 0.35 1.025 0
6672 0.3625 1.025 0
6673 0.375 1.025 0
6674 0.3875 1.025 0
6675 0.4 1.025 0
6676 0.4125 1.025 0
6677 0.425 1.025 0
6678 0.4375 1.025 0
6679 0.45 1.025 0
6680 0.4625 1.025 0
6681 0.475 1.025 0
6682 0.4875 1.025 0
6683 0.5 1.025 0
6684 0.5125 1.025 0
6685 0.525 1.025 0
6686 0.5375 1.025 0
6687 0.55 1.025 0
6688 0.5625 1.025 0
6689 0.575 1.025 0
6690 0.5875 1.025 0
6691 0.6 1.025 0
6692 0.6125 1.025 0
6693 0.625 1.025 0
6694 0.6375 1.025 0
6695 0.65 1.025 0
6696 0.6625 1.025 0
6697 0.675 1.025 0
6698 0.6875 1.025 0
6699 0.7 1.025 0
6700 0.7125 1.025 0
6701 0.725 1.025 0
6702 0.7375 1.025 0
6703 0.75 1.025 0
6704 0.7625 1.025 0
6705 0.775 1.025 0
6706 0.7875 1.025 0
6707 0.8 1.025 0
6708 0.8125 1.025 0
6709 0.825 1.025 0
6710 0.8375 1.025 0
6711 0.85 1.025 0
6712 0.8625 1.025 0
6713 0.875 1.025 0
6714 0.8875 1.025 0
6715 0.9 1.025 0
6716 0.9125 1.025 0
6717 0.925 1.025 0
6718 0.9375 1.025 0
6719 0.95 1.025 0
6720 0.9625 1.025 0
6721 0.975 1.025 0
6722 0.9875 1.025 0
6723 1 1.025 0
6724 0 1.0375 0
6725 0.0125 1.0375 0
6726 0.025 1.0375 0
6727 0.0375 1.0375 0
6728 0.05 1.0375 0
6729 0.0625 1.0375 0
6730 0.075 1.0375 0
6731 0.08749999999999999 1.0375 0
6732 0.1 1.0375 0
6733 0.1125 1.0375 0
6734 0.125 1.0375 0
6735 0.1375 1.0375 0
6736 0.15 1.0375 0
6737 0.1625 1.0375 0
6738 0.175 1.0375 0
6739 0.1875 1.0375 0
6740 0.2 1.0375 0
6741 0.2125 1.0375 0
6742 0.225 1.0375 0
6743 0.2375 1.0375 0
6744 0.25 1.0375 0
6745 0.2625 1.0375 0
6746 0.275 1.0375 0
6747 0.2875 1.0375 0
6748 0.3 1.0375 0
6749 0.3125 1.0375 0
6750 0.325 1.0375 0
6751 0.3375 1.0375 0
6752 0.35 1.0375 0
6753 0.3625 1.0375 0
6754 0.375 1.0375 0
6755 0.3875 1.0375 0
6756 0.4 1.0375 0
6757 0.4125 1.0375 0
6758 0.425 1.0375 0
6759 0.4375 1.0375 0
6760 0.45 1.0375 0
6761 0.4625 1.0375 0
6762 0.475 1.0375 0
6763 0.4875 1.0375 0
6764 0.5 1.0375 0
6765 0.5125 1.0375 0
6766 0.525 1.0375 0
6767 0.5375 1.0375 0
6768 0.55 1.0375 0
6769 0.5625 1.0375 0
6770 0.575 1.0375 0
6771 0.5875 1.0375 0
6772 0.6 1.0375 0
6773 0.6125 1.0375 0
6774 0.625 1.0375 0
6775 0.6375 1.0375 0
6776 0.65 1.0375 0
6777 0.6625 1.0375 0
6778 0.675 1.0375 0
6779 0.6875 1.0375 0
6780 0.7 1.0375 0
6781 0.7125 1.0375 0
6782 0.725 1.0375 0
6783 0.7375 1.0375 0
6784 0.75 1.0375 0
6785 0.7625 1.0375 0
6786 0.775 1.0375 0
6787 0.7875 1.0375 0
6788 0.8 1.0375 0
6789 0.8125 1.0375 0
6790 0.825 1.0375 0
6791 0.8375 1.0375 0
6792 0.85 1.0375 0
6793 0.8625 1.0375 0
6794 0.875 1.0375 0
6795 0.8875 1.0375 0
6796 0.9 1.0375 0
6797 0.9125 1.0375 0
6798 0.925 1.0375 0
6799 0.9375 1.0375 0
6800 0.95 1.0375 0
6801 0.9625 1.0375 0
6802 0.975 1.0375 0
6803 0.9875 1.0375 0
6804 1 1.0375 0
6805 0 1.05 0
6806 0.0125 1.05 0
6807 0.025 1.05 0
6808 0.0375 1.05 0
6809 0.05 1.05 0
6810 0.0625 1.05 0
6811 0.075 1.05 0
6812 0.08749999999999999 1.05 0
6813 0.1 1.05 0
6814 0.1125 1.05 0
6815 0.125 1.05 0
6816 0.1375 1.05 0
6817 0.15 1.05 0
6818 0.1625 1.05 0
6819 0.175 1.05 0
6820 0.1875 1.05 0
6821 0.2 1.05 0
6822 0.2125 1.05 0
6823 0.225 1.05 0
6824 0.2375 1.05 0
6825 0.25 1.05 0
6826 0.2625 1.05 0
6827 0.275 1.05 0
6828 0.2875 1.05 0
6829 0.3 1.05 0
6830 0.3125 1.05 0
6831 0.325 1.05 0
6832 0.3375 1.05 0
6833 0.35 1.05 0
6834 0.3625 1.05 0
6835 0.375 1.05 0
6836 0.3875 1.05 0
6837 0.4 1.05 0
6838 0.4125 1.05 0
6839 0.425 1.05 0
6840 0.4375 1.05 0
6841 0.45 1.05 0
6842 0.4625 1.05 0
6843 0.475 1.05 0
6844 0.4875 1.05 0
6845 0.5 1.05 0
6846 0.5125 1.05 0
6847 0.525 1.05 0
6848 0.5375 1.05 0
6849 0.55 1.05 0
6850 0.5625 1.05 0
6851 0.575 1.05 0
6852 0.5875 1.05 0
6853 0.6 1.05 0
6854 0.6125 1.05 0
6855 0.625 1.05 0
6856 0.6375 1.05 0
6857 0.65 1.05 0
6858 0.6625 1.05 0
6859 0.675 1.05 0
6860 0.6875 1.05 0
6861 0.7 1.05 0
6862 0.7125 1.05 0
6863 0.725 1.05 0
6864 0.7375 1.05 0
6865 0.75 1.05 0
6866 0.7625 1.05 0
6867 0.775 1.05 0
6868 0.7875 1.05 0
6869 0.8 1.05 0
6870 0.8125 1.05 0
6871 0.825 1.05 0
6872 0.8375 1.05 0
6873 0.85 1.05 0
6874 0.8625 1.05 0
6875 0.875 1.05 0
6876 0.8875 1.05 0
6877 0.9 1.05 0
6878 0.9125 1.05 0
6879 0.925 1.05 0
6880 0.9375 1.05 0
6881 0.95 1.05 0
6882 0.9625 1.05 0
6883 0.975 1.05 0
6884 0.9875 1.05 0
6885 1 1.05 0
6886 0 1.0625 0
6887 0.0125 1.0625 0
6888 0.025 1.0625 0
6889 0.0375 1.0625 0
6890 0.05 1.0625 0
6891 0.0625 1.0625 0
6892 0.075 1.0625 0
6893 0.08749999999999999 1.0625 0
6894 0.1 1.0625 0
6895 0.1125 1.0625 0
6896 0.125 1.0625 0
6897 0.1375 1.0625 0
6898 0.15 1.0625 0
6899 0.1625 1.0625 0
6900 0.175 1.0625 0
6901 0.1875 1.0625 0
6902 0.2 1.0625 0
6903 0.2125 1.0625 0
6904 0.225 1.0625 0
6905 0.2375 1.0625 0
6906 0.25 1.0625 0
6907 0.2625 1.0625 0
6908 0.275 1.0625 0
6909 0.2875 1.0625 0
6910 0.3 1.0625 0
6911 0.3125 1.0625 0
6912 0.325 1.0625 0
6913 0.3375 1.0625 0
6914 0.35 1.0625 0
6915 0.3625 1.0625 0
6916 0.375 1.0625 0
6917 0.3875 1.0625 0
6918 0.4 1.0625 0
6919 0.4125 1.0625 0
6920 0.425 1.0625 0
6921 0.4375 1.0625 0
6922 0.45 1.0625 0
6923 0.4625 1.0625 0
6924 0.475 1.0625 0
6925 0.4875 1.0625 0
6926 0.5 1.0625 0
6927 0.5125 1.0625 0
6928 0.525 1.0625 0
6929 0.5375 1.0625 0
6930 0.55 1.0625 0
6931 0.5625 1.0625 0
6932 0.575 1.0625 0
6933 0.5875 1.0625 0
6934 0.6 1.0625 0
6935 0.6125 1.0625 0
6936 0.625 1.0625 0
6937 0.6375 1.0625 0
6938 0.65 1.0625 0
6939 0.6625 1.0625 0
6940 0.675 1.0625 0
6941 0.6875 1.0625 0
6942 0.7 1.0625 0
6943 0.7125 1.0625 0
6944 0.725 1.0625 0
6945 0.7375 1.0625 0
6946 0.75 1.0625 0
6947 0.7625 1.0625 0
6948 0.775 1.0625 0
6949 0.7875 1.0625 0
6950 0.8 1.0625 0
6951 0.8125 1.0625 0
6952 0.825 1.0625 0
6953 0.8375 1.0625 0
6954 0.85 1.0625 0
6955 0.8625 1.0625 0
6956 0.875 1.0625 0
6957 0.8875 1.0625 0
6958 0.9 1.0625 0
6959 0.9125 1.0625 0
6960 0.925 1.0625 0
6961 0.9375 1.0625 0
6962 0.95 1.0625 0
6963 0.9625 1.0625 0
6964 0.975 1.0625 0
6965 0.9875 1.0625 0
6966 1 1.0625 0
6967 0 1.075 0
6968 0.0125 1.075 0
6969 0.025 1.075 0
6970 0.0375 1.075 0
6971 0.05 1.075 0
6972 0.0625 1.075 0
6973 0.075 1.075 0
6974 0.08749999999999999 1.075 0
6975 0.1 1.075 0
6976 0.1125 1.075 0
6977 0.125 1.075 0
6978 0.1375 1.075 0
6979 0.15 1.075 0
6980 0.1625 1.075 0
6981 0.175 1.075 0
6982 0.1875 1.075 0
6983 0.2 1.075 0
6984 0.2125 1.075 0
6985 0.225 1.075 0
6986 0.2375 1.075 0
6987 0.25 1.075 0
6988 0.2625 1.075 0
6989 0.275 1.075 0
6990 0.2875 1.075 0
6991 0.3 1.075 0
6992 0.3125 1.075 0
6993 0.325 1.075 0
6994 0.3375 1.075 0
6995 0.35 1.075 0
6996 0.3625 1.075 0
6997 0.375 1.075 0
6998 0.3875 1.075 0
6999 0.4 1.075 0
7000 0.4125 1.075 0
7001 0.425 1.075 0
7002 0.4375 1.075 0
7003 0.45 1.075 0
7004 0.4625 1.075 0
7005 0.475 1.075 0
7006 0.4875 1.075 0
7007 0.5 1.075 0
7008 0.5125 1.075 0
7009 0.525 1.075 0
7010 0.5375 1.075 0
7011 0.55 1.075 0
7012 0.5625 1.075 0
7013 0.575 1.075 0
7014 0.5875 1.075 0
7015 0.6 1.075 0
7016 0.6125 1.075 0
7017 0.625 1.075 0
7018 0.6375 1.075 0
7019 0.65 1.075 0
7020 0.6625 1.075 0
7021 0.675 1.075 0
7022 0.6875 1.075 0
7023 0.7 1.075 0
7024 0.7125 1.075 0
7025 0.725 1.075 0
7026 0.7375 1.075 0
7027 0.75 1.075 0
7028 0.7625 1.075 0
7029 0.775 1.075 0
7030 0.7875 1.075 0
7031 0.8 1.075 0
7032 0.8125 1.075 0
7033 0.825 1.075 0
7034 0.8375 1.075 0
7035 0.85 1.075 0
7036 0.8625 1.075 0
7037 0.875 1.075 0
7038 0.8875 1.075 0
7039 0.9 1.075 0
7040 0.9125 1.075 0
7041 0.925 1.075 0
7042 0.9375 1.075 0
7043 0.95 1.075 0
7044 0.9625 1.075 0
7045 0.975 1.075 0
7046 0.9875 1.075 0
7047 1 1.075 0
7048 0 1.0875 0
7049 0.0125 1.0875 0
7050 0.025 1.0875 0
7051 0.0375 1.0875 0
7052 0.05 1.0875 0
7053 0.0625 1.0875 0
7054 0.075 1.0875 0
7055 0.08749999999999999 1.0875 0
7056 0.1 1.0875 0
7057 0.1125 1.0875 0
7058 0.125 1.0875 0
7059 0.1375 1.0875 0
7060 0.15 1.0875 0
7061 0.1625 1.0875 0
7062 0.175 1.0875 0
7063 0.1875 1.0875 0
7064 0.2 1.0875 0
7065 0.2125 1.0875 0
7066 0.225 1.0875 0
7067 0.2375 1.0875 0
7068 0.25 1.0875 0
7069 0.2625 1.0875 0
7070 0.275 1.0875 0
7071 0.2875 1.0875 0
7072 0.3 1.0875 0
7073 0.3125 1.0875 0
7074 0.325 1.0875 0
7075 0.3375 1.0875 0
7076 0.35 1.0875 0
7077 0.3625 1.0875 0
7078 0.375 1.0875 0
7079 0.3875 1.0875 0
7080 0.4 1.0875 0
7081 0.4125 1.0875 0
7082 0.425 1.0875 0
7083 0.4375 1.0875 0
7084 0.45 1.0875 0
7085 0.4625 1.0875 0
7086 0.475 1.0875 0
7087 0.4875 1.0875 0
7088 0.5 1.0875 0
7089 0.5125 1.0875 0
7090 0.525 1.0875 0
7091 0.5375 1.0875 0
7092 0.55 1.0875 0
7093 0.5625 1.0875 0
7094 0.575 1.0875 0
7095 0.5875 1.0875 0
7096 0.6 1.0875 0
7097 0.6125 1.0875 0
7098 0.625 1.0875 0
7099 0.6375 1.0875 0
7100 0.65 1.0875 0
7101 0.6625 1.0875 0
7102 0.675 1.0875 0
7103 0.6875 1.0875 0
7104 0.7 1.0875 0
7105 0.7125 1.0875 0
7106 0.725 1.0875 0
7107 0.7375 1.0875 0
7108 0.75 1.0875 0
7109 0.7625 1.0875 0
7110 0.775 1.0875 0
7111 0.7875 1.0875 0
7112 0.8 1.0875 0
7113 0.8125 1.0875 0
7114 0.825 1.0875 0
7115 0.8375 1.0875 0
7116 0.85 1.0875 0
7117 0.8625 1.0875 0
7118 0.875 1.0875 0
7119 0.8875 1.0875 0
7120 0.9 1.0875 0
7121 0.9125 1.0875 0
7122 0.925 1.0875 0
7123 0.9375 1.0875 0
7124 0.95 1.0875 0
7125 0.9625 1.0875 0
7126 0.975 1.0875 0
7127 0.9875 1.0875 0
7128 1 1.0875 0
7129 0 1.1 0
7130 0.0125 1.1 0
7131 0.025 1.1 0
7132 0.0375 1.1 0
7133 0.05 1.1 0
7134 0.0625 1.1 0
7135 0.075 1.1 0
7136 0.08749999999999999 1.1 0
7137 0.1 1.1 0
7138 0.1125 1.1 0
7139 0.125 1.1 0
7140 0.1375 1.1 0
7141 0.15 1.1 0
7142 0.1625 1.1 0
7143 0.175 1.1 0
7144 0.1875 1.1 0
7145 0.2 1.1 0
7146 0.2125 1.1 0
7147 0.225 1.1 0
7148 0.2375 1.1 0
7149 0.25 1.1 0
7150 0.2625 1.1 0
7151 0.275 1.1 0
7152 0.2875 1.1 0
7153 0.3 1.1 0
7154 0.3125 1.1 0
7155 0.325 1.1 0
7156 0.3375 1.1 0
7157 0.35 1.1 0
7158 0.3625 1.1 0
7159 0.375 1.1 0
7160 0.3875 1.1 0
7161 0.4 1.1 0
7162 0.4125 1.1 0
7163 0.425 1.1 0
7164 0.4375 1.1 0
7165 0.45 1.1 0
7166 0.4625 1.1 0
7167 0.475 1.1 0
7168 0.4875 1.1 0
7169 0.5 1.1 0
7170 0.5125 1.1 0
7171 0.525 1.1 0
7172 0.5375 1.1 0
7173 0.55 1.1 0
7174 0.5625 1.1 0
7175 0.575 1.1 0
7176 0.5875 1.1 0
7177 0.6 1.1 0
7178 0.6125 1.1 0
7179 0.625 1.1 0
7180 0.6375 1.1 0
7181 0.65 1.1 0
7182 0.6625 1.1 0
7183 0.675 1.1 0
7184 0.6875 1.1 0
7185 0.7 1.1 0
7186 0.7125 1.1 0
7187 0.725 1.1 0
7188 0.7375 1.1 0
7189 0.75 1.1 0
7190 0.7625 1.1 0
7191 0.775 1.1 0
7192 0.7875 1.1 0
7193 0.8 1.1 0
7194 0.8125 1.1 0
7195 0.825 1.1 0
7196 0.8375 1.1 0
7197 0.85 1.1 0
7198 0.8625 1.1 0
7199 0.875 1.1 0
7200 0.8875 1.1 0
7201 0.9 1.1 0
7202 0.9125 1.1 0
7203 0.925 1.1 0
7204 0.9375 1.1 0
7205 0.95 1.1 0
7206 0.9625 1.1 0
7207 0.975 1.1 0
7208 0.9875 1.1 0
7209 1 1.1 0
7210 0 1.1125 0
7211 0.0125 1.1125 0
7212 0.025 1.1125 0
7213 0.0375 1.1125 0
7214 0.05 1.1125 0
7215 0.0625 1.1125 0
7216 0.075 1.1125 0
7217 0.08749999999999999 1.1125 0
7218 0.1 1.1125 0
7219 0.1125 1.1125 0
7220 0.125 1.1125 0
7221 0.1375 1.1125 0
7222 0.15 1.1125 0
7223 0.1625 1.1125 0
7224 0.175 1.1125 0
7225 0.1875 1.1125 0
7226 0.2 1.1125 0
7227 0.2125 1.1125 0
7228 0.225 1.1125 0
7229 0.2375 1.1125 0
7230 0.25 1.1125 0
7231 0.2625 1.1125 0
7232 0.275 1.1125 0
7233 0.2875 1.1125 0
7234 0.3 1.1125 0
7235 0.3125 1.1125 0
7236 0.325 1.1125 0
7237 0.3375 1.1125 0
7238 0.35 1.1125 0
7239 0.3625 1.1125 0
7240 0.375 1.1125 0
7241 0.3875 1.1125 0
7242 0.4 1.1125 0
7243 0.4125 1.1125 0
7244 0.425 1.1125 0
7245 0.4375 1.1125 0
7246 0.45 1.1125 0
7247 0.4625 1.1125 0
7248 0.475 1.1125 0
7249 0.4875 1.1125 0
7250 0.5 1.1125 0
7251 0.5125 1.1125 0
7252 0.525 1.1125 0
7253 0.5375 1.1125 0
7254 0.55 1.1125 0
7255 0.5625 1.1125 0
7256 0.575 1.1125 0
7257 0.5875 1.1125 0
7258 0.6 1.1125 0
7259 0.6125 1.1125 0
7260 0.625 1.1125 0
7261 0.6375 1.1125 0
7262 0.65 1.1125 0
7263 0.6625 1.1125 0
7264 0.675 1.1125 0
7265 0.6875 1.1125 0
7266 0.7 1.1125 0
7267 0.7125 1.1125 0
7268 0.725 1.1125 0
7269 0.7375 1.1125 0
7270 0.75 1.1125 0
7271 0.7625 1.1125 0
7272 0.775 1.1125 0
7273 0.7875 1.1125 0
7274 0.8 1.1125 0
7275 0.8125 1.1125 0
7276 0.825 1.1125 0
7277 0.8375 1.1125 0
7278 0.85 1.1125 0
7279 0.8625 1.1125 0
7280 0.875 1.1125 0
7281 0.8875 1.1125 0
7282 0.9 1.1125 0
7283 0.9125 1.1125 0
7284 0.925 1.1125 0
7285 0.9375 1.1125 0
7286 0.95 1.1125 0
7287 0.9625 1.1125 0
7288 0.975 1.1125 0
7289 0.9875 1.1125 0
7290 1 1.1125 0
7291 0 1.125 0
7292 0.0125 1.125 0
7293 0.025 1.125 0
7294 0.0375 1.125 0
7295 0.05 1.125 0
7296 0.0625 1.125 0
7297 0.075 1.125 0
7298 0.08749999999999999 1.125 0
7299 0.1 1.125 0
7300 0.1125 1.125 0
7301 0.125 1.125 0
7302 0.1375 1.125 0
7303 0.15 1.125 0
7304 0.1625 1.125 0
7305 0.175 1.125 0
7306 0.1875 1.125 0
7307 0.2 1.125 0
7308 0.2125 1.125 0
7309 0.225 1.125 0
7310 0.2375 1.125 0
7311 0.25 1.125 0
7312 0.2625 1.125 0
7313 0.275 1.125 0
7314 0.2875 1.125 0
7315 0.3 1.125 0
7316 0.3125 1.125 0
7317 0.325 1.125 0
7318 0.3375 1.125 0
7319 0.35 1.125 0
7320 0.3625 1.125 0
7321 0.375 1.125 0
7322 0.3875 1.125 0
7323 0.4 1.125 0
7324 0.4125 1.125 0
7325 0.425 1.125 0
7326 0.4375 1.125 0
7327 0.45 1.125 0
7328 0.4625 1.125 0
7329 0.475 1.125 0
7330 0.4875 1.125 0
7331 0.5 1.125 0
7332 0.5125 1.125 0
7333 0.525 1.125 0
7334 0.5375 1.125 0
7335 0.55 1.125 0
7336 0.5625 1.125 0
7337 0.575 1.125 0
7338 0.5875 1.125 0
7339 0.6 1.125 0
7340 0.6125 1.125 0
7341 0.625 1.125 0
7342 0.6375 1.125 0
7343 0.65 1.125 0
7344 0.6625 1.125 0
7345 0.675 1.125 0
7346 0.6875 1.125 0
7347 0.7 1.125 0
7348 0.7125 1.125 0
7349 0.725 1.125 0
7350 0.7375 1.125 0
7351 0.75 1.125 0
7352 0.7625 1.125 0
7353 0.775 1.125 0
7354 0.7875 1.125 0
7355 0.8 1.125 0
7356 0.8125 1.125 0
7357 0.825 1.125 0
7358 0.8375 1.125 0
7359 0.85 1.125 0
7360 0.8625 1.125 0
7361 0.875 1.125 0
7362 0.8875 1.125 0
7363 0.9 1.125 0
7364 0.9125 1.125 0
7365 0.925 1.125 0
7366 0.9375 1.125 0
7367 0.95 1.125 0
7368 0.9625 1.125 0
7369 0.975 1.125 0
7370 0.9875 1.125 0
7371 1 1.125 0
7372 0 1.1375 0
7373 0.0125 1.1375 0
7374 0.025 1.1375 0
7375 0.0375 1.1375 0
7376 0.05 1.1375 0
7377 0.0625 1.1375 0
7378 0.075 1.1375 0
7379 0.08749999999999999 1.1375 0
7380 0.1 1.1375 0
7381 0.1125 1.1375 0
7382 0.125 1.1375 0
7383 0.1375 1.1375 0
7384 0.15 1.1375 0
7385 0.1625 1.1375 0
7386 0.175 1.1375 0
7387 0.1875 1.1375 0
7388 0.2 1.1375 0
7389 0.2125 1.1375 0
7390 0.225 1.1375 0
7391 0.2375 1.1375 0
7392 0.25 1.1375 0
7393 0.2625 1.1375 0
7394 0.275 1.1375 0
7395 0.2875 1.1375 0
7396 0.3 1.1375 0
7397 0.3125 1.1375 0
7398 0.325 1.1375 0
7399 0.3375 1.1375 0
7400 0.35 1.1375 0
7401 0.3625 1.1375 0
7402 0.375 1.1375 0
7403 0.3875 1.1375 0
7404 0.4 1.1375 0
7405 0.4125 1.1375 0
7406 0.425 1.1375 0
7407 0.4375 1.1375 0
7408 0.45 1.1375 0
7409 0.4625 1.1375 0
7410 0.475 1.1375 0
7411 0.4875 1.1375 0
7412 0.5 1.1375 0
7413 0.5125 1.1375 0
7414 0.525 1.1375 0
7415 0.5375 1.1375 0
7416 0.55 1.1375 0
7417 0.5625 1.1375 0
7418 0.575 1.1375 0
7419 0.5875 1.1375 0
7420 0.6 1.1375 0
7421 0.6125 1.1375 0
7422 0.625 1.1375 0
7423 0.6375 1.1375 0
7424 0.65 1.1375 0
7425 0.6625 1.1375 0
7426 0.675 1.1375 0
7427 0.6875 1.1375 0
7428 0.7 1.1375 0
7429 0.7125 1.1375 0
7430 0.725 1.1375 0
7431 0.7375 1.1375 0
7432 0.75 1.1375 0
7433 0.7625 1.1375 0
7434 0.775 1.1375 0
7435 0.7875 1.1375 0
7436 0.8 1.1375 0
7437 0.8125 1.1375 0
7438 0.825 1.1375 0
7439 0.8375 1.1375 0
7440 0.85 1.1375 0
7441 0.8625 1.1375 0
7442 0.875 1.1375 0
7443 0.8875 1.1375 0
7444 0.9 1.1375 0
7445 0.9125 1.1375 0
7446 0.925 1.1375 0
7447 0.9375 1.1375 0
7448 0.95 1.1375 0
7449 0.9625 1.1375 0
7450 0.975 1.1375 0
7451 0.9875 1.1375 0
7452 1 1.1375 0
7453 0 1.15 0
7454 0.0125 1.15 0
7455 0.025 1.15 0
7456 0.0375 1.15 0
7457 0.05 1.15 0
7458 0.0625 1.15 0
7459 0.075 1.15 0
7460 0.08749999999999999 1.15 0
7461 0.1 1.15 0
7462 0.1125 1.15 0
7463 0.125 1.15 0
7464 0.1375 1.15 0
7465 0.15 1.15 0
7466 0.1625 1.15 0
7467 0.175 1.15 0
7468 0.1875 1.15 0
7469 0.2 1.15 0
7470 0.2125 1.15 0
7471 0.225 1.15 0
7472 0.2375 1.15 0
7473 0.25 1.15 0
7474 0.2625 1.15 0
7475 0.275 1.15 0
7476 0.2875 1.15 0
7477 0.3 1.15 0
7478 0.3125 1.15 0
7479 0.325 1.15 0
7480 0.3375 1.15 0
7481 0.35 1.15 0
7482 0.3625 1.15 0
7483 0.375 1.15 0
7484 0.3875 1.15 0
7485 0.4 1.15 0
7486 0.4125 1.15 0
7487 0.425 1.15 0
7488 0.4375 1.15 0
7489 0.45 1.15 0
7490 0.4625 1.15 0
7491 0.475 1.15 0
7492 0.4875 1.15 0
7493 0.5 1.15 0
7494 0.5125 1.15 0
7495 0.525 1.15 0
7496 0.5375 1.15 0
7497 0.55 1.15 0
7498 0.5625 1.15 0
7499 0.575 1.15 0
7500 0.5875 1.15 0
7501 0.6 1.15 0
7502 0.6125 1.15 0
7503 0.625 1.15 0
7504 0.6375 1.15 0
7505 0.65 1.15 0
7506 0.6625 1.15 0
7507 0.675 1.15 0
7508 0.6875 1.15 0
7509 0.7 1.15 0
7510 0.7125 1.15 0
7511 0.725 1.15 0
7512 0.7375 1.15 0
7513 0.75 1.15 0
7514 0.7625 1.15 0
7515 0.775 1.15 0
7516 0.7875 1.15 0
7517 0.8 1.15 0
7518 0.8125 1.15 0
7519 0.825 1.15 0
7520 0.8375 1.15 0
7521 0.85 1.15 0
7522 0.8625 1.15 0
7523 0.875 1.15 0
7524 0.8875 1.15 0
7525 0.9 1.15 0
7526 0.9125 1.15 0
7527 0.925 1.15 0
7528 0.9375 1.15 0
7529 0.95 1.15 0
7530 0.9625 1.15 0
7531 0.975 1.15 0
7532 0.9875 1.15 0
7533 1 1.15 0
7534 0 1.1625 0
7535 0.0125 1.1625 0
7536 0.025 1.1625 0
7537 0.0375 1.1625 0
7538 0.05 1.1625 0
7539 0.0625 1.1625 0
7540 0.075 1.1625 0
7541 0.08749999999999999 1.1625 0
7542 0.1 1.1625 0
7543 0.1125 1.1625 0
7544 0.125 1.1625 0
7545 0.1375 1.1625 0
7546 0.15 1.1625 0
7547 0.1625 1.1625 0
7548 0.175 1.1625 0
7549 0.1875 1.1625 0
7550 0.2 1.1625 0
7551 0.2125 1.1625 0
7552 0.225 1.1625 0
7553 0.2375 1.1625 0
7554 0.25 1.1625 0
7555 0.2625 1.1625 0
7556 0.275 1.1625 0
7557 0.2875 1.1625 0
7558 0.3 1.1625 0
7559 0.3125 1.1625 0
7560 0.325 1.1625 0
7561 0.3375 1.1625 0
7562 0.35 1.1625 0
7563 0.3625 1.1625 0
7564 0.375 1.1625 0
7565 0.3875 1.1625 0
7566 0.4 1.1625 0
7567 0.4125 1.1625 0
7568 0.425 1.1625 0
7569 0.4375 1.1625 0
7570 0.45 1.1625 0
7571 0.4625 1.1625 0
7572 0.475 1.1625 0
7573 0.4875 1.1625 0
7574 0.5 1.1625 0
7575 0.5125 1.1625 0
7576 0.525 1.1625 0
7577 0.5375 1.1625 0
7578 0.55 1.1625 0
7579 0.5625 1.1625 0
7580 0.575 1.1625 0
7581 0.5875 1.1625 0
7582 0.6 1.1625 0
7583 0.6125 1.1625 0
7584 0.625 1.1625 0
7585 0.6375 1.1625 0
7586 0.65 1.1625 0
7587 0.6625 1.1625 0
7588 0.675 1.1625 0
7589 0.6875 1.1625 0
7590 0.7 1.1625 0
7591 0.7125 1.1625 0
7592 0.725 1.1625 0
7593 0.7375 1.1625 0
7594 0.75 1.1625 0
7595 0.7625 1.1625 0
7596 0.775 1.1625 0
7597 0.7875 1.1625 0
7598 0.8 1.1625 0
7599 0.8125 1.1625 0
7600 0.825 1.1625 0
7601 0.8375 1.1625 0
7602 0.85 1.1625 0
7603 0.8625 1.1625 0
7604 0.875 1.1625 0
7605 0.8875 1.1625 0
7606 0.9 1.1625 0
7607 0.9125 1.1625 0
7608 0.925 1.1625 0
7609 0.9375 1.1625 0
7610 0.95 1.1625 0
7611 0.9625 1.1625 0
7612 0.975 1.1625 0
7613 0.9875 1.1625 0
7614 1 1.1625 0
7615 0 1.175 0
7616 0.0125 1.175 0
7617 0.025 1.175 0
7618 0.0375 1.175 0
7619 0.05 1.175 0
7620 0.0625 1.175 0
7621 0.075 1.175 0
7622 0.08749999999999999 1.175 0
7623 0.1 1.175 0
7624 0.1125 1.175 0
7625 0.125 1.175 0
7626 0.1375 1.175 0
7627 0.15 1.175 0
7628 0.1625 1.175 0
7629 0.175 1.175 0
7630 0.1875 1.175 0
7631 0.2 1.175 0
7632 0.2125 1.175 0
7633 0.225 1.175 0
7634 0.2375 1.175 0
7635 0.25 1.175 0
7636 0.2625 1.175 0
7637 0.275 1.175 0
7638 0.2875 1.175 0
7639 0.3 1.175 0
7640 0.3125 1.175 0
7641 0.325 1.175 0
7642 0.3375 1.175 0
7643 0.35 1.175 0
7644 0.3625 1.175 0
7645 0.375 1.175 0
7646 0.3875 1.175 0
7647 0.4 1.175 0
7648 0.4125 1.175 0
7649 0.425 1.175 0
7650 0.4375 1.175 0
7651 0.45 1.175 0
7652 0.4625 1.175 0
7653 0.475 1.175 0
7654 0.4875 1.175 0
7655 0.5 1.175 0
7656 0.5125 1.175 0
7657 0.525 1.175 0
7658 0.5375 1.175 0
7659 0.55 1.175 0
7660 0.5625 1.175 0
7661 0.575 1.175 0
7662 0.5875 1.175 0
7663 0.6 1.175 0
7664 0.6125 1.175 0
7665 0.625 1.175 0
7666 0.6375 1.175 0
7667 0.65 1.175 0
7668 0.6625 1.175 0
7669 0.675 1.175 0
7670 0.6875 1.175 0
7671 0.7 1.175 0
7672 0.7125 1.175 0
7673 0.725 1.175 0
7674 0.7375 1.175 0
7675 0.75 1.175 0
7676 0.7625 1.175 0
7677 0.775 1.175 0
7678 0.7875 1.175 0
7679 0.8 1.175 0
7680 0.8125 1.175 0
7681 0.825 1.175 0
7682 0.8375 1.175 0
7683 0.85 1.175 0
7684 0.8625 1.175 0
7685 0.875 1.175 0
7686 0.8875 1.175 0
7687 0.9 1.175 0
7688 0.9125 1.175 0
7689 0.925 1.175 0
7690 0.9375 1.175 0
7691 0.95 1.175 0
7692 0.9625 1.175 0
7693 0.975 1.175 0
7694 0.9875 1.175 0
7695 1 1.175 0
7696 0 1.1875 0
7697 0.0125 1.1875 0
7698 0.025 1.1875 0
7699 0.0375 1.1875 0
7700 0.05 1.1875 0
7701 0.0625 1.1875 0
7702 0.075 1.1875 0
7703 0.08749999999999999 1.1875 0
7704 0.1 1.1875 0
7705 0.1125 1.1875 0
7706 0.125 1.1875 0
7707 0.1375 1.1875 0
7708 0.15 1.1875 0
7709 0.1625 1.1875 0
7710 0.175 1.1875 0
7711 0.1875 1.1875 0
7712 0.2 1.1875 0
7713 0.2125 1.1875 0
7714 0.225 1.1875 0
7715 0.2375 1.1875 0
7716 0.25 1.1875 0
7717 0.2625 1.1875 0
7718 0.275 1.1875 0
7719 0.2875 1.1875 0
7720 0.3 1.1875 0
7721 0.3125 1.1875 0
7722 0.325 1.1875 0
7723 0.3375 1.1875 0
7724 0.35 1.1875 0
7725 0.3625 1.1875 0
7726 0.375 1.1875 0
7727 0.3875 1.1875 0
7728 0.4 1.1875 0
7729 0.4125 1.1875 0
7730 0.425 1.1875 0
7731 0.4375 1.1875 0
7732 0.45 1.1875 0
7733 0.4625 1.1875 0
7734 0.475 1.1875 0
7735 0.4875 1.1875 0
7736 0.5 1.1875 0
7737 0.5125 1.1875 0
7738 0.525 1.1875 0
7739 0.5375 1.1875 0
7740 0.55 1.1875 0
7741 0.5625 1.1875 0
7742 0.575 1.1875 0
7743 0.5875 1.1875 0
7744 0.6 1.1875 0
7745 0.6125 1.1875 0
7746 0.625 1.1875 0
7747 0.6375 1.1875 0
7748 0.65 1.1875 0
7749 0.6625 1.1875 0
7750 0.675 1.1875 0
7751 0.6875 1.1875 0
7752 0.7 1.1875 0
7753 0.7125 1.1875 0
7754 0.725 1.1875 0
7755 0.7375 1.1875 0
7756 0.75 1.1875 0
7757 0.7625 1.1875 0
7758 0.775 1.1875 0
7759 0.7875 1.1875 0
7760 0.8 1.1875 0
7761 0.8125 1.1875 0
7762 0.825 1.1875 0
7763 0.8375 1.1875 0
7764 0.85 1.1875 0
7765 0.8625 1.1875 0
7766 0.875 1.1875 0
7767 0.8875 1.1875 0
7768 0.9 1.1875 0
7769 0.9125 1.1875 0
7770 0.925 1.1875 0
7771 0.9375 1.1875 0
7772 0.95 1.1875 0
7773 0.9625 1.1875 0
7774 0.975 1.1875 0
7775 0.9875 1.1875 0
7776 1 1.1875 0
7777 0 1.2 0
7778 0.0125 1.2 0
7779 0.025 1.2 0
7780 0.0375 1.2 0
7781 0.05 1.2 0
7782 0.0625 1.2 0
7783 0.075 1.2 0
7784 0.08749999999999999 1.2 0
7785 0.1 1.2 0
7786 0.1125 1.2 0
7787 0.125 1.2 0
7788 0.1375 1.2 0
7789 0.15 1.2 0
7790 0.1625 1.2 0
7791 0.175 1.2 0
7792 0.1875 1.2 0
7793 0.2 1.2 0
7794 0.2125 1.2 0
7795 0.225 1.2 0
7796 0.2375 1.2 0
7797 0.25 1.2 0
7798 0.2625 1.2 0
7799 0.275 1.2 0
7800 0.2875 1.2 0
7801 0.3 1.2 0
7802 0.3125 1.2 0
7803 0.325 1.2 0
7804 0.3375 1.2 0
7805 0.35 1.2 0
7806 0.3625 1.2 0
7807 0.375 1.2 0
7808 0.3875 1.2 0
7809 0.4 1.2 0
7810 0.4125 1.2 0
7811 0.425 1.2 0
7812 0.4375 1.2 0
7813 0.45 1.2 0
7814 0.4625 1.2 0
7815 0.475 1.2 0
7816 0.4875 1.2 0
7817 0.5 1.2 0
7818 0.5125 1.2 0
7819 0.525 1.2 0
7820 0.5375 1.2 0
7821 0.55 1.2 0
7822 0.5625 1.2 0
7823 0.575 1.2 0
7824 0.5875 1.2 0
7825 0.6 1.2 0
7826 0.6125 1.2 0
7827 0.625 1.2 0
7828 0.6375 1.2 0
7829 0.65 1.2 0
7830 0.6625 1.2 0
7831 0.675 1.2 0
7832 0.6875 1.2 0
7833 0.7 1.2 0
7834 0.7125 1.2 0
7835 0.725 1.2 0
7836 0.7375 1.2 0
7837 0.75 1.2 0
7838 0.7625 1.2 0
7839 0.775 1.2 0
7840 0.7875 1.2 0
7841 0.8 1.2 0
7842 0.8125 1.2 0
7843 0.825 1.2 0
7844 0.8375 1.2 0
7845 0.85 1.2 0
7846 0.8625 1.2 0
7847 0.875 1.2 0
7848 0.8875 1.2 0
7849 0.9 1.2 0
7850 0.9125 1.2 0
7851 0.925 1.2 0
7852 0.9375 1.2 0
7853 0.95 1.2 0
7854 0.9625 1.2 0
7855 0.975 1.2 0
7856 0.9875 1.2 0
7857 1 1.2 0
7858 0 1.2125 0
7859 0.0125 1.2125 0
7860 0.025 1.2125 0
7861 0.0375 1.2125 0
7862 0.05 1.2125 0
7863 0.0625 1.2125 0
7864 0.075 1.2125 0
7865 0.08749999999999999 1.2125 0
7866 0.1 1.2125 0
7867 0.1125 1.2125 0
7868 0.125 1.2125 0
7869 0.1375 1.2125 0
7870 0.15 1.2125 0
7871 0.1625 1.2125 0
7872 0.175 1.2125 0
7873 0.1875 1.2125 0
7874 0.2 1.2125 0
7875 0.2125 1.2125 0
7876 0.225 1.2125 0
7877 0.2375 1.2125 0
7878 0.25 1.2125 0
7879 0.2625 1.2125 0
7880 0.275 1.2125 0
7881 0.2875 1.2125 0
7882 0.3 1.2125 0
7883 0.3125 1.2125 0
7884 0.325 1.2125 0
7885 0.3375 1.2125 0
7886 0.35 1.2125 0
7887 0.3625 1.2125 0
7888 0.375 1.2125 0
7889 0.3875 1.2125 0
7890 0.4 1.2125 0
7891 0.4125 1.2125 0
7892 0.425 1.2125 0
7893 0.4375 1.2125 0
7894 0.45 1.2125 0
7895 0.4625 1.2125 0
7896 0.475 1.2125 0
7897 0.4875 1.2125 0
7898 0.5 1.2125 0
7899 0.5125 1.2125 0
7900 0.525 1.2125 0
7901 0.5375 1.2125 0
7902 0.55 1.2125 0
7903 0.5625 1.2125 0
7904 0.575 1.2125 0
7905 0.5875 1.2125 0
7906 0.6 1.2125 0
7907 0.6125 1.2125 0
7908 0.625 1.2125 0
7909 0.6375 1.2125 0
7910 0.65 1.2125 0
7911 0.6625 1.2125 0
7912 0.675 1.2125 0
7913 0.6875 1.2125 0
7914 0.7 1.2125 0
7915 0.7125 1.2125 0
7916 0.725 1.2125 0
7917 0.7375 1.2125 0
7918 0.75 1.2125 0
7919 0.7625 1.2125 0
7920 0.775 1.2125 0
7921 0.7875 1.2125 0
7922 0.8 1.2125 0
7923 0.8125 1.2125 0
7924 0.825 1.2125 0
7925 0.8375 1.2125 0
7926 0.85 1.2125 0
7927 0.8625 1.2125 0
7928 0.875 1.2125 0
7929 0.8875 1.2125 0
7930 0.9 1.2125 0
7931 0.9125 1.2125 0
7932 0.925 1.2125 0
7933 0.9375 1.2125 0
7934 0.95 1.2125 0
7935 0.9625 1.2125 0
7936 0.975 1.2125 0
7937 0.9875 1.2125 0
7938 1 1.2125 0
7939 0 1.225 0
7940 0.0125 1.225 0
7941 0.025 1.225 0
7942 0.0375 1.225 0
7943 0.05 1.225 0
7944 0.0625 1.225 0
7945 0.075 1.225 0
7946 0.08749999999999999 1.225 0
7947 0.1 1.225 0
7948 0.1125 1.225 0
7949 0.125 1.225 0
7950 0.1375 1.225 0
7951 0.15 1.225 0
7952 0.1625 1.225 0
7953 0.175 1.225 0
7954 0.1875 1.225 0
7955 0.2 1.225 0
7956 0.2125 1.225 0
7957 0.225 1.225 0
7958 0.2375 1.225 0
7959 0.25 1.225 0
7960 0.2625 1.225 0
7961 0.275 1.225 0
7962 0.2875 1.225 0
7963 0.3 1.225 0
7964 0.3125 1.225 0
7965 0.325 1.225 0
7966 0.3375 1.225 0
7967 0.35 1.225 0
7968 0.3625 1.225 0
7969 0.375 1.225 0
7970 0.3875 1.225 0
7971 0.4 1.225 0
7972 0.4125 1.225 0
7973 0.425 1.225 0
7974 0.4375 1.225 0
7975 0.45 1.225 0
7976 0.4625 1.225 0
7977 0.475 1.225 0
7978 0.4875 1.225 0
7979 0.5 1.225 0
7980 0.5125 1.225 0
7981 0.525 1.225 0
7982 0.5375 1.225 0
7983 0.55 1.225 0
7984 0.5625 1.225 0
7985 0.575 1.225 0
7986 0.5875 1.225 0
7987 0.6 1.225 0
7988 0.6125 1.225 0
7989 0.625 1.225 0
7990 0.6375 1.225 0
7991 0.65 1.225 0
7992 0.6625 1.225 0
7993 0.675 1.225 0
7994 0.6875 1.225 0
7995 0.7 1.225 0
7996 0.7125 1.225 0
7997 0.725 1.225 0
7998 0.7375 1.225 0
7999 0.75 1.225 0
8000 0.7625 1.225 0
8001 0.775 1.225 0
8002 0.7875 1.225 0
8003 0.8 1.225 0
8004 0.8125 1.225 0
8005 0.825 1.225 0
8006 0.8375 1.225 0
8007 0.85 1.225 0
8008 0.8625 1.225 0
8009 0.875 1.225 0
8010 0.8875 1.225 0
8011 0.9 1.225 0
8012 0.9125 1.225 0
8013 0.925 1.225 0
8014 0.9375 1.225 0
8015 0.95 1.225 0
8016 0.9625 1.225 0
8017 0.975 1.225 0
8018 0.9875 1.225 0
8019 1 1.225 0
8020 0 1.2375 0
8021 0.0125 1.2375 0
8022 0.025 1.2375 0
8023 0.0375 1.2375 0
8024 0.05 1.2375 0
8025 0.0625 1.2375 0
8026 0.075 1.2375 0
8027 0.08749999999999999 1.2375 0
8028 0.1 1.2375 0
8029 0.1125 1.2375 0
8030 0.125 1.2375 0
8031 0.1375 1.2375 0
8032 0.15 1.2375 0
8033 0.1625 1.2375 0
8034 0.175 1.2375 0
8035 0.1875 1.2375 0
8036 0.2 1.2375 0
8037 0.2125 1.2375 0
8038 0.225 1.2375 0
8039 0.2375 1.2375 0
8040 0.25 1.2375 0
8041 0.2625 1.2375 0
8042 0.275 1.2375 0
8043 0.2875 1.2375 0
8044 0.3 1.2375 0
8045 0.3125 1.2375 0
8046 0.325 1.2375 0
8047 0.3375 1.2375 0
8048 0.35 1.2375 0
8049 0.3625 1.2375 0
8050 0.375 1.2375 0
8051 0.3875 1.2375 0
8052 0.4 1.2375 0
8053 0.4125 1.2375 0
8054 0.425 1.2375 0
8055 0.4375 1.2375 0
8056 0.45 1.2375 0
8057 0.4625 1.2375 0
8058 0.475 1.2375 0
8059 0.4875 1.2375 0
8060 0.5 1.2375 0
8061 0.5125 1.2375 0
8062 0.525 1.2375 0
8063 0.5375 1.2375 0
8064 0.55 1.2375 0
8065 0.5625 1.2375 0
8066 0.575 1.2375 0
8067 0.5875 1.2375 0
8068 0.6 1.2375 0
8069 0.6125 1.2375 0
8070 0.625 1.2375 0
8071 0.6375 1.2375 0
8072 0.65 1.2375 0
8073 0.6625 1.2375 0
8074 0.675 1.2375 0
8075 0.6875 1.2375 0
8076 0.7 1.2375 0
8077 0.7125 1.2375 0
8078 0.725 1.2375 0
8079 0.7375 1.2375 0
8080 0.75 1.2375 0
8081 0.7625 1.2375 0
8082 0.775 1.2375 0
8083 0.7875 1.2375 0
8084 0.8 1.2375 0
8085 0.8125 1.2375 0
8086 0.825 1.2375 0
8087 0.8375 1.2375 0
8088 0.85 1.2375 0
8089 0.8625 1.2375 0
8090 0.875 1.2375 0
8091 0.8875 1.2375 0
8092 0.9 1.2375 0
8093 0.9125 1.2375 0
8094 0.925 1.2375 0
8095 0.9375 1.2375 0
8096 0.95 1.2375 0
8097 0.9625 1.2375 0
8098 0.975 1.2375 0
8099 0.9875 1.2375 0
8100 1 1.2375 0
8101 0 1.25 0
8102 0.0125 1.25 0
8103 0.025 1.25 0
8104 0.0375 1.25 0
8105 0.05 1.25 0
8106 0.0625 1.25 0
8107 0.075 1.25 0
8108 0.08749999999999999 1.25 0
8109 0.1 1.25 0
8110 0.1125 1.25 0
8111 0.125 1.25 0
8112 0.1375 1.25 0
8113 0.15 1.25 0
8114 0.1625 1.25 0
8115 0.175 1.25 0
8116 0.1875 1.25 0
8117 0.2 1.25 0
8118 0.2125 1.25 0
8119 0.225 1.25 0
8120 0.2375 1.25 0
8121 0.25 1.25 0
8122 0.2625 1.25 0
8123 0.275 1.25 0
8124 0.2875 1.25 0
8125 0.3 1.25 0
8126 0.3125 1.25 0
8127 0.325 1.25 0
8128 0.3375 1.25 0
8129 0.35 1.25 0
8130 0.3625 1.25 0
8131 0.375 1.25 0
8132 0.3875 1.25 0
8133 0.4 1.25 0
8134 0.4125 1.25 0
8135 0.425 1.25 0
8136 0.4375 1.25 0
8137 0.45 1.25 0
8138 0.4625 1.25 0
8139 0.475 1.25 0
8140 0.4875 1.25 0
8141 0.5 1.25 0
8142 0.5125 1.25 0
8143 0.525 1.25 0
8144 0.5375 1.25 0
8145 0.55 1.25 0
8146 0.5625 1.25 0
8147 0.575 1.25 0
8148 0.5875 1.25 0
8149 0.6 1.25 0
8150 0.6125 1.25 0
8151 0.625 1.25 0
8152 0.6375 1.25 0
8153 0.65 1.25 0
8154 0.6625 1.25 0
8155 0.675 1.25 0
8156 0.6875 1.25 0
8157 0.7 1.25 0
8158 0.7125 1.25 0
8159 0.725 1.25 0
8160 0.7375 1.25 0
8161 0.75 1.25 0
8162 0.7625 1.25 0
8163 0.775 1.25 0
8164 0.7875 1.25 0
8165 0.8 1.25 0
8166 0.8125 1.25 0
8167 0.825 1.25 0
8168 0.8375 1.25 0
8169 0.85 1.25 0
8170 0.8625 1.25 0
8171 0.875 1.25 0
8172 0.8875 1.25 0
8173 0.9 1.25 0
8174 0.9125 1.25 0
8175 0.925 1.25 0
8176 0.9375 1.25 0
8177 0.95 1.25 0
8178 0.9625 1.25 0
8179 0.975 1.25 0
8180 0.9875 1.25 0
8181 1 1.25 0
8182 0 1.2625 0
8183 0.0125 1.2625 0
8184 0.025 1.2625 0
8185 0.0375 1.2625 0
8186 0.05 1.2625 0
8187 0.0625 1.2625 0
8188 0.075 1.2625 0
8189 0.08749999999999999 1.2625 0
8190 0.1 1.2625 0
8191 0.1125 1.2625 0
8192 0.125 1.2625 0
8193 0.1375 1.2625 0
8194 0.15 1.2625 0
8195 0.1625 1.2625 0
8196 0.175 1.2625 0
8197 0.1875 1.2625 0
8198 0.2 1.2625 0
8199 0.2125 1.2625 0
8200 0.225 1.2625 0
8201 0.2375 1.2625 0
8202 0.25 1.2625 0
8203 0.2625 1.2625 0
8204 0.275 1.2625 0
8205 0.2875 1.2625 0
8206 0.3 1.2625 0
8207 0.3125 1.2625 0
8208 0.325 1.2625 0
8209 0.3375 1.2625 0
8210 0.35 1.2625 0
8211 0.3625 1.2625 0
8212 0.375 1.2625 0
8213 0.3875 1.2625 0
8214 0.4 1.2625 0
8215 0.4125 1.2625 0
8216 0.425 1.2625 0
8217 0.4375 1.2625 0
8218 0.45 1.2625 0
8219 0.4625 1.2625 0
8220 0.475 1.2625 0
8221 0.4875 1.2625 0
8222 0.5 1.2625 0
8223 0.5125 1.2625 0
8224 0.525 1.2625 0
8225 0.5375 1.2625 0
8226 0.55 1.2625 0
8227 0.5625 1.2625 0
8228 0.575 1.2625 0
8229 0.5875 1.2625 0
8230 0.6 1.2625 0
8231 0.6125 1.2625 0
8232 0.625 1.2625 0
8233 0.6375 1.2625 0
8234 0.65 1.2625 0
8235 0.6625 1.2625 0
8236 0.675 1.2625 0
8237 0.6875 1.2625 0
8238 0.7 1.2625 0
8239 0.7125 1.2625 0
8240 0.725 1.2625 0
8241 0.7375 1.2625 0
8242 0.75 1.2625 0
8243 0.7625 1.2625 0
8244 0.775 1.2625 0
8245 0.7875 1.2625 0
8246 0.8 1.2625 0
8247 0.8125 1.2625 0
8248 0.825 1.2625 0
8249 0.8375 1.2625 0
8250 0.85 1.2625 0
8251 0.8625 1.2625 0
8252 0.875 1.2625 0
8253 0.8875 1.2625 0
8254 0.9 1.2625 0
8255 0.9125 1.2625 0
8256 0.925 1.2625 0
8257 0.9375 1.2625 0
8258 0.95 1.2625 0
8259 0.9625 1.2625 0
8260 0.975 1.2625 0
8261 0.9875 1.2625 0
8262 1 1.2625 0
8263 0 1.275 0
8264 0.0125 1.275 0
8265 0.025 1.275 0
8266 0.0375 1.275 0
8267 0.05 1.275 0
8268 0.0625 1.275 0
8269 0.075 1.275 0
8270 0.08749999999999999 1.275 0
8271 0.1 1.275 0
8272 0.1125 1.275 0
8273 0.125 1.275 0
8274 0.1375 1.275 0
8275 0.15 1.275 0
8276 0.1625 1.275 0
8277 0.175 1.275 0
8278 0.1875 1.275 0
8279 0.2 1.275 0
8280 0.2125 1.275 0
8281 0.225 1.275 0
8282 0.2375 1.275 0
8283 0.25 1.275 0
8284 0.2625 1.275 0
8285 0.275 1.275 0
8286 0.2875 1.275 0
8287 0.3 1.275 0
8288 0.3125 1.275 0
8289 0.325 1.275 0
8290 0.3375 1.275 0
8291 0.35 1.275 0
8292 0.3625 1.275 0
8293 0.375 1.275 0
8294 0.3875 1.275 0
8295 0.4 1.275 0
8296 0.4125 1.275 0
8297 0.425 1.275 0
8298 0.4375 1.275 0
8299 0.45 1.275 0
8300 0.4625 1.275 0
8301 0.475 1.275 0
8302 0.4875 1.275 0
8303 0.5 1.275 0
8304 0.5125 1.275 0
8305 0.525 1.275 0
8306 0.5375 1.275 0
8307 0.55 1.275 0
8308 0.5625 1.275 0
8309 0.575 1.275 0
8310 0.5875 1.275 0
8311 0.6 1.275 0
8312 0.6125 1.275 0
8313 0.625 1.275 0
8314 0.6375 1.275 0
8315 0.65 1.275 0
8316 0.6625 1.275 0
8317 0.675 1.275 0
8318 0.6875 1.275 0
8319 0.7 1.275 0
8320 0.7125 1.275 0
8321 0.725 1.275 0
8322 0.7375 1.275 0
8323 0.75 1.275 0
8324 0.7625 1.275 0
8325 0.775 1.275 0
8326 0.7875 1.275 0
8327 0.8 1.275 0
8328 0.8125 1.275 0
8329 0.825 1.275 0
8330 0.8375 1.275 0
8331 0.85 1.275 0
8332 0.8625 1.275 0
8333 0.875 1.275 0
8334 0.8875 1.275 0
8335 0.9 1.275 0
8336 0.9125 1.275 0
8337 0.925 1.275 0
8338 0.9375 1.275 0
8339 0.95 1.275 0
8340 0.9625 1.275 0
8341 0.975 1.275 0
8342 0.9875 1.275 0
8343 1 1.275 0
8344 0 1.2875 0
8345 0.0125 1.2875 0
8346 0.025 1.2875 0
8347 0.0375 1.2875 0
8348 0.05 1.2875 0
8349 0.0625 1.2875 0
8350 0.075 1.2875 0
8351 0.08749999999999999 1.2875 0
8352 0.1 1.2875 0
8353 0.1125 1.2875 0
8354 0.125 1.2875 0
8355 0.1375 1.2875 0
8356 0.15 1.2875 0
8357 0.1625 1.2875 0
8358 0.175 1.2875 0
8359 0.1875 1.2875 0
8360 0.2 1.2875 0
8361 0.2125 1.2875 0
8362 0.225 1.2875 0
8363 0.2375 1.2875 0
8364 0.25 1.2875 0
8365 0.2625 1.2875 0
8366 0.275 1.2875 0
8367 0.2875 1.2875 0
8368 0.3 1.2875 0
8369 0.3125 1.2875 0
8370 0.325 1.2875 0
8371 0.3375 1.2875 0
8372 0.35 1.2875 0
8373 0.3625 1.2875 0
8374 0.375 1.2875 0
8375 0.3875 1.2875 0
8376 0.4 1.2875 0
8377 0.4125 1.2875 0
8378 0.425 1.2875 0
8379 0.4375 1.2875 0
8380 0.45 1.2875 0
8381 0.4625 1.2875 0
8382 0.475 1.2875 0
8383 0.4875 1.2875 0
8384 0.5 1.2875 0
8385 0.5125 1.2875 0
8386 0.525 1.2875 0
8387 0.5375 1.2875 0
8388 0.55 1.2875 0
8389 0.5625 1.2875 0
8390 0.575 1.2875 0
8391 0.5875 1.2875 0
8392 0.6 1.2875 0
8393 0.6125 1.2875 0
8394 0.625 1.2875 0
8395 0.6375 1.2875 0
8396 0.65 1.2875 0
8397 0.6625 1.2875 0
8398 0.675 1.2875 0
8399 0.6875 1.2875 0
8400 0.7 1.2875 0
8401 0.7125 1.2875 0
8402 0.725 1.2875 0
8403 0.7375 1.2875 0
8404 0.75 1.2875 0
8405 0.7625 1.2875 0
8406 0.775 1.2875 0
8407 0.7875 1.2875 0
8408 0.8 1.2875 0
8409 0.8125 1.2875 0
8410 0.825 1.2875 0
8411 0.8375 1.2875 0
8412 0.85 1.2875 0
8413 0.8625 1.2875 0
8414 0.875 1.2875 0
8415 0.8875 1.2875 0
8416 0.9 1.2875 0
8417 0.9125 1.2875 0
8418 0.925 1.2875 0
8419 0.9375 1.2875 0
8420 0.95 1.2875 0
8421 0.9625 1.2875 0
8422 0.975 1.2875 0
8423 0.9875 1.2875 0
8424 1 1.2875 0
8425 0 1.3 0
8426 0.0125 1.3 0
8427 0.025 1.3 0
8428 0.0375 1.3 0
8429 0.05 1.3 0
8430 0.0625 1.3 0
8431 0.075 1.3 0
8432 0.08749999999999999 1.3 0
8433 0.1 1.3 0
8434 0.1125 1.3 0
8435 0.125 1.3 0
8436 0.1375 1.3 0
8437 0.15 1.3 0
8438 0.1625 1.3 0
8439 0.175 1.3 0
8440 0.1875 1.3 0
8441 0.2 1.3 0
8442 0.2125 1.3 0
8443 0.225 1.3 0
8444 0.2375 1.3 0
8445 0.25 1.3 0
8446 0.2625 1.3 0
8447 0.275 1.3 0
8448 0.2875 1.3 0
8449 0.3 1.3 0
8450 0.3125 1.3 0
8451 0.325 1.3 0
8452 0.3375 1.3 0
8453 0.35 1.3 0
8454 0.3625 1.3 0
8455 0.375 1.3 0
8456 0.3875 1.3 0
8457 0.4 1.3 0
8458 0.4125 1.3 0
8459 0.425 1.3 0
8460 0.4375 1.3 0
8461 0.45 1.3 0
8462 0.4625 1.3 0
8463 0.475 1.3 0
8464 0.4875 1.3 0
8465 0.5 1.3 0
8466 0.5125 1.3 0
8467 0.525 1.3 0
8468 0.5375 1.3 0
8469 0.55 1.3 0
8470 0.5625 1.3 0
8471 0.575 1.3 0
8472 0.5875 1.3 0
8473 0.6 1.3 0
8474 0.6125 1.3 0
8475 0.625 1.3 0
8476 0.6375 1.3 0
8477 0.65 1.3 0
8478 0.6625 1.3 0
8479 0.675 1.3 0
8480 0.6875 1.3 0
8481 0.7 1.3 0
8482 0.7125 1.3 0
8483 0.725 1.3 0
8484 0.7375 1.3 0
8485 0.75 1.3 0
8486 0.7625 1.3 0
8487 0.775 1.3 0
8488 0.7875 1.3 0
8489 0.8 1.3 0
8490 0.8125 1.3 0
8491 0.825 1.3 0
8492 0.8375 1.3 0
8493 0.85 1.3 0
8494 0.8625 1.3 0
8495 0.875 1.3 0
8496 0.8875 1.3 0
8497 0.9 1.3 0
8498 0.9125 1.3 0
8499 0.925 1.3 0
8500 0.9375 1.3 0
8501 0.95 1.3 0
8502 0.9625 1.3 0
8503 0.975 1.3 0
8504 0.9875 1.3 0
8505 1 1.3 0
8506 0 1.3125 0
8507 0.0125 1.3125 0
8508 0.025 1.3125 0
8509 0.0375 1.3125 0
8510 0.05 1.3125 0
8511 0.0625 1.3125 0
8512 0.075 1.3125 0
8513 0.08749999999999999 1.3125 0
8514 0.1 1.3125 0
8515 0.1125 1.3125 0
8516 0.125 1.3125 0
8517 0.1375 1.3125 0
8518 0.15 1.3125 0
8519 0.1625 1.3125 0
8520 0.175 1.3125 0
8521 0.1875 1.3125 0
8522 0.2 1.3125 0
8523 0.2125 1.3125 0
8524 0.225 1.3125 0
8525 0.2375 1.3125 0
8526 0.25 1.3125 0
8527 0.2625 1.3125 0
8528 0.275 1.3125 0
8529 0.2875 1.3125 0
8530 0.3 1.3125 0
8531 0.3125 1.3125 0
8532 0.325 1.3125 0
8533 0.3375 1.3125 0
8534 0.35 1.3125 0
8535 0.3625 1.3125 0
8536 0.375 1.3125 0
8537 0.3875 1.3125 0
8538 0.4 1.3125 0
8539 0.4125 1.3125 0
8540 0.425 1.3125 0
8541 0.4375 1.3125 0
8542 0.45 1.3125 0
8543 0.4625 1.3125 0
8544 0.475 1.3125 0
8545 0.4875 1.3125 0
8546 0.5 1.3125 0
8547 0.5125 1.3125 0
8548 0.525 1.3125 0
8549 0.5375 1.3125 0
8550 0.55 1.3125 0
8551 0.5625 1.3125 0
8552 0.575 1.3125 0
8553 0.5875 1.3125 0
8554 0.6 1.3125 0
8555 0.6125 1.3125 0
8556 0.625 1.3125 0
8557 0.6375 1.3125 0
8558 0.65 1.3125 0
8559 0.6625 1.3125 0
8560 0.675 1.3125 0
8561 0.6875 1.3125 0
8562 0.7 1.3125 0
8563 0.7125 1.3125 0
8564 0.725 1.3125 0
8565 0.7375 1.3125 0
8566 0.75 1.3125 0
8567 0.7625 1.3125 0
8568 0.775 1.3125 0
8569 0.7875 1.3125 0
8570 0.8 1.3125 0
8571 0.8125 1.3125 0
8572 0.825 1.3125 0
8573 0.8375 1.3125 0
8574 0.85 1.3125 0
8575 0.8625 1.3125 0
8576 0.875 1.3125 0
8577 0.8875 1.3125 0
8578 0.9 1.3125 0
8579 0.9125 1.3125 0
8580 0.925 1.3125 0
8581 0.9375 1.3125 0
8582 0.95 1.3125 0
8583 0.9625 1.3125 0
8584 0.975 1.3125 0
8585 0.9875 1.3125 0
8586 1 1.3125 0
8587 0 1.325 0
8588 0.0125 1.325 0
8589 0.025 1.325 0
8590 0.0375 1.325 0
8591 0.05 1.325 0
8592 0.0625 1.325 0
8593 0.075 1.325 0
8594 0.08749999999999999 1.325 0
8595 0.1 1.325 0
8596 0.1125 1.325 0
8597 0.125 1.325 0
8598 0.1375 1.325 0
8599 0.15 1.325 0
8600 0.1625 1.325 0
8601 0.175 1.325 0
8602 0.1875 1.325 0
8603 0.2 1.325 0
8604 0.2125 1.325 0
8605 0.225 1.325 0
8606 0.2375 1.325 0
8607 0.25 1.325 0
8608 0.2625 1.325 0
8609 0.275 1.325 0
8610 0.2875 1.325 0
8611 0.3 1.325 0
8612 0.3125 1.325 0
8613 0.325 1.325 0
8614 0.3375 1.325 0
8615 0.35 1.325 0
8616 0.3625 1.325 0
8617 0.375 1.325 0
8618 0.3875 1.325 0
8619 0.4 1.325 0
8620 0.4125 1.325 0
8621 0.425 1.325 0
8622 0.4375 1.325 0
8623 0.45 1.325 0
8624 0.4625 1.325 0
8625 0.475 1.325 0
8626 0.4875 1.325 0
8627 0.5 1.325 0
8628 0.5125 1.325 0
8629 0.525 1.325 0
8630 0.5375 1.325 0
8631 0.55 1.325 0
8632 0.5625 1.325 0
8633 0.575 1.325 0
8634 0.5875 1.325 0
8635 0.6 1.325 0
8636 0.6125 1.325 0
8637 0.625 1.325 0
8638 0.6375 1.325 0
8639 0.65 1.325 0
8640 0.6625 1.325 0
8641 0.675 1.325 0
8642 0.6875 1.325 0
8643 0.7 1.325 0
8644 0.7125 1.325 0
8645 0.725 1.325 0
8646 0.7375 1.325 0
8647 0.75 1.325 0
8648 0.7625 1.325 0
8649 0.775 1.325 0
8650 0.7875 1.325 0
8651 0.8 1.325 0
8652 0.8125 1.325 0
8653 0.825 1.325 0
8654 0.8375 1.325 0
8655 0.85 1.325 0
8656 0.8625 1.325 0
8657 0.875 1.325 0
8658 0.8875 1.325 0
8659 0.9 1.325 0
8660 0.9125 1.325 0
8661 0.925 1.325 0
8662 0.9375 1.325 0
8663 0.95 1.325 0
8664 0.9625 1.325 0
8665 0.975 1.325 0
8666 0.9875 1.325 0
8667 1 1.325 0
8668 0 1.3375 0
8669 0.0125 1.3375 0
8670 0.025 1.3375 0
8671 0.0375 1.3375 0
8672 0.05 1.3375 0
8673 0.0625 1.3375 0
8674 0.075 1.3375 0
8675 0.08749999999999999 1.3375 0
8676 0.1 1.3375 0
8677 0.1125 1.3375 0
8678 0.125 1.3375 0
8679 0.1375 1.3375 0
8680 0.15 1.3375 0
8681 0.1625 1.3375 0
8682 0.175 1.3375 0
8683 0.1875 1.3375 0
8684 0.2 1.3375 0
8685 0.2125 1.3375 0
8686 0.225 1.3375 0
8687 0.2375 1.3375 0
8688 0.25 1.3375 0
8689 0.2625 1.3375 0
8690 0.275 1.3375 0
8691 0.2875 1.3375 0
8692 0.3 1.3375 0
8693 0.3125 1.3375 0
8694 0.325 1.3375 0
8695 0.3375 1.3375 0
8696 0.35 1.3375 0
8697 0.3625 1.3375 0
8698 0.375 1.3375 0
8699 0.3875 1.3375 0
8700 0.4 1.3375 0
8701 0.4125 1.3375 0
8702 0.425 1.3375 0
8703 0.4375 1.3375 0
8704 0.45 1.3375 0
8705 0.4625 1.3375 0
8706 0.475 1.3375 0
8707 0.4875 1.3375 0
8708 0.5 1.3375 0
8709 0.5125 1.3375 0
8710 0.525 1.3375 0
8711 0.5375 1.3375 0
8712 0.55 1.3375 0
8713 0.5625 1.3375 0
8714 0.575 1.3375 0
8715 0.5875 1.3375 0
8716 0.6 1.3375 0
8717 0.6125 1.3375 0
8718 0.625 1.3375 0
8719 0.6375 1.3375 0
8720 0.65 1.3375 0
8721 0.6625 1.3375 0
8722 0.675 1.3375 0
8723 0.6875 1.3375 0
8724 0.7 1.3375 0
8725 0.7125 1.3375 0
8726 0.725 1.3375 0
8727 0.7375 1.3375 0
8728 0.75 1.3375 0
8729 0.7625 1.3375 0
8730 0.775 1.3375 0
8731 0.7875 1.3375 0
8732 0.8 1.3375 0
8733 0.8125 1.3375 0
8734 0.825 1.3375 0
8735 0.8375 1.3375 0
8736 0.85 1.3375 0
8737 0.8625 1.3375 0
8738 0.875 1.3375 0
8739 0.8875 1.3375 0
8740 0.9 1.3375 0
8741 0.9125 1.3375 0
8742 0.925 1.3375 0
8743 0.9375 1.3375 0
8744 0.95 1.3375 0
8745 0.9625 1.3375 0
8746 0.975 1.3375 0
8747 0.9875 1.3375 0
8748 1 1.3375 0
8749 0 1.35 0
8750 0.0125 1.35 0
8751 0.025 1.35 0
8752 0.0375 1.35 0
8753 0.05 1.35 0
8754 0.0625 1.35 0
8755 0.075 1.35 0
8756 0.08749999999999999 1.35 0
8757 0.1 1.35 0
8758 0.1125 1.35 0
8759 0.125 1.35 0
8760 0.1375 1.35 0
8761 0.15 1.35 0
8762 0.1625 1.35 0
8763 0.175 1.35 0
8764 0.1875 1.35 0
8765 0.2 1.35 0
8766 0.2125 1.35 0
8767 0.225 1.35 0
8768 0.2375 1.35 0
8769 0.25 1.35 0
8770 0.2625 1.35 0
8771 0.275 1.35 0
8772 0.2875 1.35 0
8773 0.3 1.35 0
8774 0.3125 1.35 0
8775 0.325 1.35 0
8776 0.3375 1.35 0
8777 0.35 1.35 0
8778 0.3625 1.35 0
8779 0.375 1.35 0
8780 0.3875 1.35 0
8781 0.4 1.35 0
8782 0.4125 1.35 0
8783 0.425 1.35 0
8784 0.4375 1.35 0
8785 0.45 1.35 0
8786 0.4625 1.35 0
8787 0.475 1.35 0
8788 0.4875 1.35 0
8789 0.5 1.35 0
8790 0.5125 1.35 0
8791 0.525 1.35 0
8792 0.5375 1.35 0
8793 0.55 1.35 0
8794 0.5625 1.35 0
8795 0.575 1.35 0
8796 0.5875 1.35 0
8797 0.6 1.35 0
8798 0.6125 1.35 0
8799 0.625 1.35 0
8800 0.6375 1.35 0
8801 0.65 1.35 0
8802 0.6625 1.35 0
8803 0.675 1.35 0
8804 0.6875 1.35 0
8805 0.7 1.35 0
8806 0.7125 1.35 0
8807 0.725 1.35 0
8808 0.7375 1.35 0
8809 0.75 1.35 0
8810 0.7625 1.35 0
8811 0.775 1.35 0
8812 0.7875 1.35 0
8813 0.8 1.35 0
8814 0.8125 1.35 0
8815 0.825 1.35 0
8816 0.8375 1.35 0
8817 0.85 1.35 0
8818 0.8625 1.35 0
8819 0.875 1.35 0
8820 0.8875 1.35 0
8821 0.9 1.35 0
8822 0.9125 1.35 0
8823 0.925 1.35 0
8824 0.9375 1.35 0
8825 0.95 1.35 0
8826 0.9625 1.35 0
8827 0.975 1.35 0
8828 0.9875 1.35 0
8829 1 1.35 0
8830 0 1.3625 0
8831 0.0125 1.3625 0
8832 0.025 1.3625 0
8833 0.0375 1.3625 0
8834 0.05 1.3625 0
8835 0.0625 1.3625 0
8836 0.075 1.3625 0
8837 0.08749999999999999 1.3625 0
8838 0.1 1.3625 0
8839 0.1125 1.3625 0
8840 0.125 1.3625 0
8841 0.1375 1.3625 0
8842 0.15 1.3625 0
8843 0.1625 1.3625 0
8844 0.175 1.3625 0
8845 0.1875 1.3625 0
8846 0.2 1.3625 0
8847 0.2125 1.3625 0
8848 0.225 1.3625 0
8849 0.2375 1.3625 0
8850 0.25 1.3625 0
8851 0.2625 1.3625 0
8852 0.275 1.3625 0
8853 0.2875 1.3625 0
8854 0.3 1.3625 0
8855 0.3125 1.3625 0
8856 0.325 1.3625 0
8857 0.3375 1.3625 0
8858 0.35 1.3625 0
8859 0.3625 1.3625 0
8860 0.375 1.3625 0
8861 0.3875 1.3625 0
8862 0.4 1.3625 0
8863 0.4125 1.3625 0
8864 0.425 1.3625 0
8865 0.4375 1.3625 0
8866 0.45 1.3625 0
8867 0.4625 1.3625 0
8868 0.475 1.3625 0
8869 0.4875 1.3625 0
8870 0.5 1.3625 0
8871 0.5125 1.3625 0
8872 0.525 1.3625 0
8873 0.5375 1.3625 0
8874 0.55 1.3625 0
8875 0.5625 1.3625 0
8876 0.575 1.3625 0
8877 0.5875 1.3625 0
8878 0.6 1.3625 0
8879 0.6125 1.3625 0
8880 0.625 1.3625 0
8881 0.6375 1.3625 0
8882 0.65 1.3625 0
8883 0.6625 1.3625 0
8884 0.675 1.3625 0
8885 0.6875 1.3625 0
8886 0.7 1.3625 0
8887 0.7125 1.3625 0
8888 0.725 1.3625 0
8889 0.7375 1.3625 0
8890 0.75 1.3625 0
8891 0.7625 1.3625 0
8892 0.775 1.3625 0
8893 0.7875 1.3625 0
8894 0.8 1.3625 0
8895 0.8125 1.3625 0
8896 0.825 1.3625 0
8897 0.8375 1.3625 0
8898 0.85 1.3625 0
8899 0.8625 1.3625 0
8900 0.875 1.3625 0
8901 0.8875 1.3625 0
8902 0.9 1.3625 0
8903 0.9125 1.3625 0
8904 0.925 1.3625 0
8905 0.9375 1.3625 0
8906 0.95 1.3625 0
8907 0.9625 1.3625 0
8908 0.975 1.3625 0
8909 0.9875 1.3625 0
8910 1 1.3625 0
8911 0 1.375 0
8912 0.0125 1.375 0
8913 0.025 1.375 0
8914 0.0375 1.375 0
8915 0.05 1.375 0
8916 0.0625 1.375 0
8917 0.075 1.375 0
8918 0.08749999999999999 1.375 0
8919 0.1 1.375 0
8920 0.1125 1.375 0
8921 0.125 1.375 0
8922 0.1375 1.375 0
8923 0.15 1.375 0
8924 0.1625 1.375 0
8925 0.175 1.375 0
8926 0.1875 1.375 0
8927 0.2 1.375 0
8928 0.2125 1.375 0
8929 0.225 1.375 0
8930 0.2375 1.375 0
8931 0.25 1.375 0
8932 0.2625 1.375 0
8933 0.275 1.375 0
8934 0.2875 1.375 0
8935 0.3 1.375 0
8936 0.3125 1.375 0
8937 0.325 1.375 0
8938 0.3375 1.375 0
8939 0.35 1.375 0
8940 0.3625 1.375 0
8941 0.375 1.375 0
8942 0.3875 1.375 0
8943 0.4 1.375 0
8944 0.4125 1.375 0
8945 0.425 1.375 0
8946 0.4375 1.375 0
8947 0.45 1.375 0
8948 0.4625 1.375 0
8949 0.475 1.375 0
8950 0.4875 1.375 0
8951 0.5 1.375 0
8952 0.5125 1.375 0
8953 0.525 1.375 0
8954 0.5375 1.375 0
8955 0.55 1.375 0
8956 0.5625 1.375 0
8957 0.575 1.375 0
8958 0.5875 1.375 0
8959 0.6 1.375 0
8960 0.6125 1.375 0
8961 0.625 1.375 0
8962 0.6375 1.375 0
8963 0.65 1.375 0
8964 0.6625 1.375 0
8965 0.675 1.375 0
8966 0.6875 1.375 0
8967 0.7 1.375 0
8968 0.7125 1.375 0
8969 0.725 1.375 0
8970 0.7375 1.375 0
8971 0.75 1.375 0
8972 0.7625 1.375 0
8973 0.775 1.375 0
8974 0.7875 1.375 0
8975 0.8 1.375 0
8976 0.8125 1.375 0
8977 0.825 1.375 0
8978 0.8375 1.375 0
8979 0.85 1.375 0
8980 0.8625 1.375 0
8981 0.875 1.375 0
8982 0.8875 1.375 0
8983 0.9 1.375 0
8984 0.9125 1.375 0
8985 0.925 1.375 0
8986 0.9375 1.375 0
8987 0.95 1.375 0
8988 0.9625 1.375 0
8989 0.975 1.375 0
8990 0.9875 1.375 0
8991 1 1.375 0
8992 0 1.3875 0
8993 0.0125 1.3875 0
8994 0.025 1.3875 0
8995 0.0375 1.3875 0
8996 0.05 1.3875 0
8997 0.0625 1.3875 0
8998 0.075 1.3875 0
8999 0.08749999999999999 1.3875 0
9000 0.1 1.3875 0
9001 0.1125 1.3875 0
9002 0.125 1.3875 0
9003 0.1375 1.3875 0
9004 0.15 1.3875 0
9005 0.1625 1.3875 0
9006 0.175 1.3875 0
9007 0.1875 1.3875 0
9008 0.2 1.3875 0
9009 0.2125 1.3875 0
9010 0.225 1.3875 0
9011 0.2375 1.3875 0
9012 0.25 1.3875 0
9013 0.2625 1.3875 0
9014 0.275 1.3875 0
9015 0.2875 1.3875 0
9016 0.3 1.3875 0
9017 0.3125 1.3875 0
9018 0.325 1.3875 0
9019 0.3375 1.3875 0
9020 0.35 1.3875 0
9021 0.3625 1.3875 0
9022 0.375 1.3875 0
9023 0.3875 1.3875 0
9024 0.4 1.3875 0
9025 0.4125 1.3875 0
9026 0.425 1.3875 0
9027 0.4375 1.3875 0
9028 0.45 1.3875 0
9029 0.4625 1.3875 0
9030 0.475 1.3875 0
9031 0.4875 1.3875 0
9032 0.5 1.3875 0
9033 0.5125 1.3875 0
9034 0.525 1.3875 0
9035 0.5375 1.3875 0
9036 0.55 1.3875 0
9037 0.5625 1.3875 0
9038 0.575 1.3875 0
9039 0.5875 1.3875 0
9040 0.6 1.3875 0
9041 0.6125 1.3875 0
9042 0.625 1.3875 0
9043 0.6375 1.3875 0
9044 0.65 1.3875 0
9045 0.6625 1.3875 0
9046 0.675 1.3875 0
9047 0.6875 1.3875 0
9048 0.7 1.3875 0
9049 0.7125 1.3875 0
9050 0.725 1.3875 0
9051 0.7375 1.3875 0
9052 0.75 1.3875 0
9053 0.7625 1.3875 0
9054 0.775 1.3875 0
9055 0.7875 1.3875 0
9056 0.8 1.3875 0
9057 0.8125 1.3875 0
9058 0.825 1.3875 0
9059 0.8375 1.3875 0
9060 0.85 1.3875 0
9061 0.8625 1.3875 0
9062 0.875 1.3875 0
9063 0.8875 1.3875 0
9064 0.9 1.3875 0
9065 0.9125 1.3875 0
9066 0.925 1.3875 0
9067 0.9375 1.3875 0
9068 0.95 1.3875 0
9069 0.9625 1.3875 0
9070 0.975 1.3875 0
9071 0.9875 1.3875 0
9072 1 1.3875 0
9073 0 1.4 0
9074 0.0125 1.4 0
9075 0.025 1.4 0
9076 0.0375 1.4 0
9077 0.05 1.4 0
9078 0.0625 1.4 0
9079 0.075 1.4 0
9080 0.08749999999999999 1.4 0
9081 0.1 1.4 0
9082 0.1125 1.4 0
9083 0.125 1.4 0
9084 0.1375 1.4 0
9085 0.15 1.4 0
9086 0.1625 1.4 0
9087 0.175 1.4 0
9088 0.1875 1.4 0
9089 0.2 1.4 0
9090 0.2125 1.4 0
9091 0.225 1.4 0
9092 0.2375 1.4 0
9093 0.25 1.4 0
9094 0.2625 1.4 0
9095 0.275 1.4 0
9096 0.2875 1.4 0
9097 0.3 1.4 0
9098 0.3125 1.4 0
9099 0.325 1.4 0
9100 0.3375 1.4 0
9101 0.35 1.4 0
9102 0.3625 1.4 0
9103 0.375 1.4 0
9104 0.3875 1.4 0
9105 0.4 1.4 0
9106 0.4125 1.4 0
9107 0.425 1.4 0
9108 0.4375 1.4 0
9109 0.45 1.4 0
9110 0.4625 1.4 0
9111 0.475 1.4 0
9112 0.4875 1.4 0
9113 0.5 1.4 0
9114 0.5125 1.4 0
9115 0.525 1.4 0
9116 0.5375 1.4 0
9117 0.55 1.4 0
9118 0.5625 1.4 0
9119 0.575 1.4 0
9120 0.5875 1.4 0
9121 0.6 1.4 0
9122 0.6125 1.4 0
9123 0.625 1.4 0
9124 0.6375 1.4 0
9125 0.65 1.4 0
9126 0.6625 1.4 0
9127 0.675 1.4 0
9128 0.6875 1.4 0
9129 0.7 1.4 0
9130 0.7125 1.4 0
9131 0.725 1.4 0
9132 0.7375 1.4 0
9133 0.75 1.4 0
9134 0.7625 1.4 0
9135 0.775 1.4 0
9136 0.7875 1.4 0
9137 0.8 1.4 0
9138 0.8125 1.4 0
9139 0.825 1.4 0
9140 0.8375 1.4 0
9141 0.85 1.4 0
9142 0.8625 1.4 0
9143 0.875 1.4 0
9144 0.8875 1.4 0
9145 0.9 1.4 0
9146 0.9125 1.4 0
9147 0.925 1.4 0
9148 0.9375 1.4 0
9149 0.95 1.4 0
9150 0.9625 1.4 0
9151 0.975 1.4 0
9152 0.9875 1.4 0
9153 1 1.4 0
9154 0 1.4125 0
9155 0.0125 1.4125 0
9156 0.025 1.4125 0
9157 0.0375 1.4125 0
9158 0.05 1.4125 0
9159 0.0625 1.4125 0
9160 0.075 1.4125 0
9161 0.08749999999999999 1.4125 0
9162 0.1 1.4125 0
9163 0.1125 1.4125 0
9164 0.125 1.4125 0
9165 0.1375 1.4125 0
9166 0.15 1.4125 0
9167 0.1625 1.4125 0
9168 0.175 1.4125 0
9169 0.1875 1.4125 0
9170 0.2 1.4125 0
9171 0.2125 1.4125 0
9172 0.225 1.4125 0
9173 0.2375 1.4125 0
9174 0.25 1.4125 0
9175 0.2625 1.4125 0
9176 0.275 1.4125 0
9177 0.2875 1.4125 0
9178 0.3 1.4125 0
9179 0.3125 1.4125 0
9180 0.325 1.4125 0
9181 0.3375 1.4125 0
9182 0.35 1.4125 0
9183 0.3625 1.4125 0
9184 0.375 1.4125 0
9185 0.3875 1.4125 0
9186 0.4 1.4125 0
9187 0.4125 1.4125 0
9188 0.425 1.4125 0
9189 0.4375 1.4125 0
9190 0.45 1.4125 0
9191 0.4625 1.4125 0
9192 0.475 1.4125 0
9193 0.4875 1.4125 0
9194 0.5 1.4125 0
9195 0.5125 1.4125 0
9196 0.525 1.4125 0
9197 0.5375 1.4125 0
9198 0.55 1.4125 0
9199 0.5625 1.4125 0
9200 0.575 1.4125 0
9201 0.5875 1.4125 0
9202 0.6 1.4125 0
9203 0.6125 1.4125 0
9204 0.625 1.4125 0
9205 0.6375 1.4125 0
9206 0.65 1.4125 0
9207 0.6625 1.4125 0
9208 0.675 1.4125 0
9209 0.6875 1.4125 0
9210 0.7 1.4125 0
9211 0.7125 1.4125 0
9212 0.725 1.4125 0
9213 0.7375 1.4125 0
9214 0.75 1.4125 0
9215 0.7625 1.4125 0
9216 0.775 1.4125 0
9217 0.7875 1.4125 0
9218 0.8 1.4125 0
9219 0.8125 1.4125 0
9220 0.825 1.4125 0
9221 0.8375 1.4125 0
9222 0.85 1.4125 0
9223 0.8625 1.4125 0
9224 0.875 1.4125 0
9225 0.8875 1.4125 0
9226 0.9 1.4125 0
9227 0.9125 1.4125 0
9228 0.925 1.4125 0
9229 0.9375 1.4125 0
9230 0.95 1.4125 0
9231 0.9625 1.4125 0
9232 0.975 1.4125 0
9233 0.9875 1.4125 0
9234 1 1.4125 0
9235 0 1.425 0
9236 0.0125 1.425 0
9237 0.025 1.425 0
9238 0.0375 1.425 0
9239 0.05 1.425 0
9240 0.0625 1.425 0
9241 0.075 1.425 0
9242 0.08749999999999999 1.425 0
9243 0.1 1.425 0
9244 0.1125 1.425 0
9245 0.125 1.425 0
9246 0.1375 1.425 0
9247 0.15 1.425 0
9248 0.1625 1.425 0
9249 0.175 1.425 0
9250 0.1875 1.425 0
9251 0.2 1.425 0
9252 0.2125 1.425 0
9253 0.225 1.425 0
9254 0.2375 1.425 0
9255 0.25 1.425 0
9256 0.2625 1.425 0
9257 0.275 1.425 0
9258 0.2875 1.425 0
9259 0.3 1.425 0
9260 0.3125 1.425 0
9261 0.325 1.425 0
9262 0.3375 1.425 0
9263 0.35 1.425 0
9264 0.3625 1.425 0
9265 0.375 1.425 0
9266 0.3875 1.425 0
9267 0.4 1.425 0
9268 0.4125 1.425 0
9269 0.425 1.425 0
9270 0.4375 1.425 0
9271 0.45 1.425 0
9272 0.4625 1.425 0
9273 0.475 1.425 0
9274 0.4875 1.425 0
9275 0.5 1.425 0
9276 0.5125 1.425 0
9277 0.525 1.425 0
9278 0.5375 1.425 0
9279 0.55 1.425 0
9280 0.5625 1.425 0
9281 0.575 1.425 0
9282 0.5875 1.425 0
9283 0.6 1.425 0
9284 0.6125 1.425 0
9285 0.625 1.425 0
9286 0.6375 1.425 0
9287 0.65 1.425 0
9288 0.6625 1.425 0
9289 0.675 1.425 0
9290 0.6875 1.425 0
9291 0.7 1.425 0
9292 0.7125 1.425 0
9293 0.725 1.425 0
9294 0.7375 1.425 0
9295 0.75 1.425 0
9296 0.7625 1.425 0
9297 0.775 1.425 0
9298 0.7875 1.425 0
9299 0.8 1.425 0
9300 0.8125 1.425 0
9301 0.825 1.425 0
9302 0.8375 1.425 0
9303 0.85 1.425 0
9304 0.8625 1.425 0
9305 0.875 1.425 0
9306 0.8875 1.425 0
9307 0.9 1.425 0
9308 0.9125 1.425 0
9309 0.925 1.425 0
9310 0.9375 1.425 0
9311 0.95 1.425 0
9312 0.9625 1.425 0
9313 0.975 1.425 0
9314 0.9875 1.425 0
9315 1 1.425 0
9316 0 1.4375 0
9317 0.0125 1.4375 0
9318 0.025 1.4375 0
9319 0.0375 1.4375 0
9320 0.05 1.4375 0
9321 0.0625 1.4375 0
9322 0.075 1.4375 0
9323 0.08749999999999999 1.4375 0
9324 0.1 1.4375 0
9325 0.1125 1.4375 0
9326 0.125 1.4375 0
9327 0.1375 1.4375 0
9328 0.15 1.4375 0
9329 0.1625 1.4375 0
9330 0.175 1.4375 0
9331 0.1875 1.4375 0
9332 0.2 1.4375 0
9333 0.2125 1.4375 0
9334 0.225 1.4375 0
9335 0.2375 1.4375 0
9336 0.25 1.4375 0
9337 0.2625 1.4375 0
9338 0.275 1.4375 0
9339 0.2875 1.4375 0
9340 0.3 1.4375 0
9341 0.3125 1.4375 0
9342 0.325 1.4375 0
9343 0.3375 1.4375 0
9344 0.35 1.4375 0
9345 0.3625 1.4375 0
9346 0.375 1.4375 0
9347 0.3875 1.4375 0
9348 0.4 1.4375 0
9349 0.4125 1.4375 0
9350 0.425 1.4375 0
9351 0.4375 1.4375 0
9352 0.45 1.4375 0
9353 0.4625 1.4375 0
9354 0.475 1.4375 0
9355 0.4875 1.4375 0
9356 0.5 1.4375 0
9357 0.5125 1.4375 0
9358 0.525 1.4375 0
9359 0.5375 1.4375 0
9360 0.55 1.4375 0
9361 0.5625 1.4375 0
9362 0.575 1.4375 0
9363 0.5875 1.4375 0
9364 0.6 1.4375 0
9365 0.6125 1.4375 0
9366 0.625 1.4375 0
9367 0.6375 1.4375 0
9368 0.65 1.4375 0
9369 0.6625 1.4375 0
9370 0.675 1.4375 0
9371 0.6875 1.4375 0
9372 0.7 1.4375 0
9373 0.7125 1.4375 0
9374 0.725 1.4375 0
9375 0.7375 1.4375 0
9376 0.75 1.4375 0
9377 0.7625 1.4375 0
9378 0.775 1.4375 0
9379 0.7875 1.4375 0
9380 0.8 1.4375 0
9381 0.8125 1.4375 0
9382 0.825 1.4375 0
9383 0.8375 1.4375 0
9384 0.85 1.4375 0
9385 0.8625 1.4375 0
9386 0.875 1.4375 0
9387 0.8875 1.4375 0
9388 0.9 1.4375 0
9389 0.9125 1.4375 0
9390 0.925 1.4375 0
9391 0.9375 1.4375 0
9392 0.95 1.4375 0
9393 0.9625 1.4375 0
9394 0.975 1.4375 0
9395 0.9875 1.4375 0
9396 1 1.4375 0
9397 0 1.45 0
9398 0.0125 1.45 0
9399 0.025 1.45 0
9400 0.0375 1.45 0
9401 0.05 1.45 0
9402 0.0625 1.45 0
9403 0.075 1.45 0
9404 0.08749999999999999 1.45 0
9405 0.1 1.45 0
9406 0.1125 1.45 0
9407 0.125 1.45 0
9408 0.1375 1.45 0
9409 0.15 1.45 0
9410 0.1625 1.45 0
9411 0.175 1.45 0
9412 0.1875 1.45 0
9413 0.2 1.45 0
9414 0.2125 1.45 0
9415 0.225 1.45 0
9416 0.2375 1.45 0
9417 0.25 1.45 0
9418 0.2625 1.45 0
9419 0.275 1.45 0
9420 0.2875 1.45 0
9421 0.3 1.45 0
9422 0.3125 1.45 0
9423 0.325 1.45 0
9424 0.3375 1.45 0
9425 0.35 1.45 0
9426 0.3625 1.45 0
9427 0.375 1.45 0
9428 0.3875 1.45 0
9429 0.4 1.45 0
9430 0.4125 1.45 0
9431 0.425 1.45 0
9432 0.4375 1.45 0
9433 0.45 1.45 0
9434 0.4625 1.45 0
9435 0.475 1.45 0
9436 0.4875 1.45 0
9437 0.5 1.45 0
9438 0.5125 1.45 0
9439 0.525 1.45 0
9440 0.5375 1.45 0
9441 0.55 1.45 0
9442 0.5625 1.45 0
9443 0.575 1.45 0
9444 0.5875 1.45 0
9445 0.6 1.45 0
9446 0.6125 1.45 0
9447 0.625 1.45 0
9448 0.6375 1.45 0
9449 0.65 1.45 0
9450 0.6625 1.45 0
9451 0.675 1.45 0
9452 0.6875 1.45 0
9453 0.7 1.45 0
9454 0.7125 1.45 0
9455 0.725 1.45 0
9456 0.7375 1.45 0
9457 0.75 1.45 0
9458 0.7625 1.45 0
9459 0.775 1.45 0
9460 0.7875 1.45 0
9461 0.8 1.45 0
9462 0.8125 1.45 0
9463 0.825 1.45 0
9464 0.8375 1.45 0
9465 0.85 1.45 0
9466 0.8625 1.45 0
9467 0.875 1.45 0
9468 0.8875 1.45 0
9469 0.9 1.45 0
9470 0.9125 1.45 0
9471 0.925 1.45 0
9472 0.9375 1.45 0
9473 0.95 1.45 0
9474 0.9625 1.45 0
9475 0.975 1.45 0
9476 0.9875 1.45 0
9477 1 1.45 0
9478 0 1.4625 0
9479 0.0125 1.4625 0
9480 0.025 1.4625 0
9481 0.0375 1.4625 0
9482 0.05 1.4625 0
9483 0.0625 1.4625 0
9484 0.075 1.4625 0
9485 0.08749999999999999 1.4625 0
9486 0.1 1.4625 0
9487 0.1125 1.4625 0
9488 0.125 1.4625 0
9489 0.1375 1.4625 0
9490 0.15 1.4625 0
9491 0.1625 1.4625 0
9492 0.175 1.4625 0
9493 0.1875 1.4625 0
9494 0.2 1.4625 0
9495 0.2125 1.4625 0
9496 0.225 1.4625 0
9497 0.2375 1.4625 0
9498 0.25 1.4625 0
9499 0.2625 1.4625 0
9500 0.275 1.4625 0
9501 0.2875 1.4625 0
9502 0.3 1.4625 0
9503 0.3125 1.4625 0
9504 0.325 1.4625 0
9505 0.3375 1.4625 0
9506 0.35 1.4625 0
9507 0.3625 1.4625 0
9508 0.375 1.4625 0
9509 0.3875 1.4625 0
9510 0.4 1.4625 0
9511 0.4125 1.4625 0
9512 0.425 1.4625 0
9513 0.4375 1.4625 0
9514 0.45 1.4625 0
9515 0.4625 1.4625 0
9516 0.475 1.4625 0
9517 0.4875 1.4625 0
9518 0.5 1.4625 0
9519 0.5125 1.4625 0
9520 0.525 1.4625 0
9521 0.5375 1.4625 0
9522 0.55 1.4625 0
9523 0.5625 1.4625 0
9524 0.575 1.4625 0
9525 0.5875 1.4625 0
9526 0.6 1.4625 0
9527 0.6125 1.4625 0
9528 0.625 1.4625 0
9529 0.6375 1.4625 0
9530 0.65 1.4625 0
9531 0.6625 1.4625 0
9532 0.675 1.4625 0
9533 0.6875 1.4625 0
9534 0.7 1.4625 0
9535 0.7125 1.4625 0
9536 0.725 1.4625 0
9537 0.7375 1.4625 0
9538 0.75 1.4625 0
9539 0.7625 1.4625 0
9540 0.775 1.4625 0
9541 0.7875 1.4625 0
9542 0.8 1.4625 0
9543 0.8125 1.4625 0
9544 0.825 1.4625 0
9545 0.8375 1.4625 0
9546 0.85 1.4625 0
9547 0.8625 1.4625 0
9548 0.875 1.4625 0
9549 0.8875 1.4625 0
9550 0.9 1.4625 0
9551 0.9125 1.4625 0
9552 0.925 1.4625 0
9553 0.9375 1.4625 0
9554 0.95 1.4625 0
9555 0.9625 1.4625 0
9556 0.975 1.4625 0
9557 0.9875 1.4625 0
9558 1 1.4625 0
9559 0 1.475 0
9560 0.0125 1.475 0
9561 0.025 1.475 0
9562 0.0375 1.475 0
9563 0.05 1.475 0
9564 0.0625 1.475 0
9565 0.075 1.475 0
9566 0.08749999999999999 1.475 0
9567 0.1 1.475 0
9568 0.1125 1.475 0
9569 0.125 1.475 0
9570 0.1375 1.475 0
9571 0.15 1.475 0
9572 0.1625 1.475 0
9573 0.175 1.475 0
9574 0.1875 1.475 0
9575 0.2 1.475 0
9576 0.2125 1.475 0
9577 0.225 1.475 0
9578 0.2375 1.475 0
9579 0.25 1.475 0
9580 0.2625 1.475 0
9581 0.275 1.475 0
9582 0.2875 1.475 0
9583 0.3 1.475 0
9584 0.3125 1.475 0
9585 0.325 1.475 0
9586 0.3375 1.475 0
9587 0.35 1.475 0
9588 0.3625 1.475 0
9589 0.375 1.475 0
9590 0.3875 1.475 0
9591 0.4 1.475 0
9592 0.4125 1.475 0
9593 0.425 1.475 0
9594 0.4375 1.475 0
9595 0.45 1.475 0
9596 0.4625 1.475 0
9597 0.475 1.475 0
9598 0.4875 1.475 0
9599 0.5 1.475 0
9600 0.5125 1.475 0
9601 0.525 1.475 0
9602 0.5375 1.475 0
9603 0.55 1.475 0
9604 0.5625 1.475 0
9605 0.575 1.475 0
9606 0.5875 1.475 0
9607 0.6 1.475 0
9608 0.6125 1.475 0
9609 0.625 1.475 0
9610 0.6375 1.475 0
9611 0.65 1.475 0
9612 0.6625 1.475 0
9613 0.675 1.475 0
9614 0.6875 1.475 0
9615 0.7 1.475 0
9616 0.7125 1.475 0
9617 0.725 1.475 0
9618 0.7375 1.475 0
9619 0.75 1.475 0
9620 0.7625 1.475 0
9621 0.775 1.475 0
9622 0.7875 1.475 0
9623 0.8 1.475 0
9624 0.8125 1.475 0
9625 0.825 1.475 0
9626 0.8375 1.475 0
9627 0.85 1.475 0
9628 0.8625 1.475 0
9629 0.875 1.475 0
9630 0.8875 1.475 0
9631 0.9 1.475 0
9632 0.9125 1.475 0
9633 0.925 1.475 0
9634 0.9375 1.475 0
9635 0.95 1.475 0
9636 0.9625 1.475 0
9637 0.975 1.475 0
9638 0.9875 1.475 0
9639 1 1.475 0
9640 0 1.4875 0
9641 0.0125 1.4875 0
9642 0.025 1.4875 0
9643 0.0375 1.4875 0
9644 0.05 1.4875 0
9645 0.0625 1.4875 0
9646 0.075 1.4875 0
9647 0.08749999999999999 1.4875 0
9648 0.1 1.4875 0
9649 0.1125 1.4875 0
9650 0.125 1.4875 0
9651 0.1375 1.4875 0
9652 0.15 1.4875 0
9653 0.1625 1.4875 0
9654 0.175 1.4875 0
9655 0.1875 1.4875 0
9656 0.2 1.4875 0
9657 0.2125 1.4875 0
9658 0.225 1.4875 0
9659 0.2375 1.4875 0
9660 0.25 1.4875 0
9661 0.2625 1.4875 0
9662 0.275 1.4875 0
9663 0.2875 1.4875 0
9664 0.3 1.4875 0
9665 0.3125 1.4875 0
9666 0.325 1.4875 0
9667 0.3375 1.4875 0
9668 0.35 1.4875 0
9669 0.3625 1.4875 0
9670 0.375 1.4875 0
9671 0.3875 1.4875 0
9672 0.4 1.4875 0
9673 0.4125 1.4875 0
9674 0.425 1.4875 0
9675 0.4375 1.4875 0
9676 0.45 1.4875 0
9677 0.4625 1.4875 0
9678 0.475 1.4875 0
9679 0.4875 1.4875 0
9680 0.5 1.4875 0
9681 0.5125 1.4875 0
9682 0.525 1.4875 0
9683 0.5375 1.4875 0
9684 0.55 1.4875 0
9685 0.5625 1.4875 0
9686 0.575 1.4875 0
9687 0.5875 1.4875 0
9688 0.6 1.4875 0
9689 0.6125 1.4875 0
9690 0.625 1.4875 0
9691 0.6375 1.4875 0
9692 0.65 1.4875 0
9693 0.6625 1.4875 0
9694 0.675 1.4875 0
9695 0.6875 1.4875 0
9696 0.7 1.4875 0
9697 0.7125 1.4875 0
9698 0.725 1.4875 0
9699 0.7375 1.4875 0
9700 0.75 1.4875 0
9701 0.7625 1.4875 0
9702 0.775 1.4875 0
9703 0.7875 1.4875 0
9704 0.8 1.4875 0
9705 0.8125 1.4875 0
9706 0.825 1.4875 0
9707 0.8375 1.4875 0
9708 0.85 1.4875 0
9709 0.8625 1.4875 0
9710 0.875 1.4875 0
9711 0.8875 1.4875 0
9712 0.9 1.4875 0
9713 0.9125 1.4875 0
9714 0.925 1.4875 0
9715 0.9375 1.4875 0
9716 0.95 1.4875 0
9717 0.9625 1.4875 0
9718 0.975 1.4875 0
9719 0.9875 1.4875 0
9720 1 1.4875 0
9721 0 1.5 0
9722 0.0125 1.5 0
9723 0.025 1.5 0
9724 0.0375 1.5 0
9725 0.05 1.5 0
9726 0.0625 1.5 0
9727 0.075 1.5 0
9728 0.08749999999999999 1.5 0
9729 0.1 1.5 0
9730 0.1125 1.5 0
9731 0.125 1.5 0
9732 0.1375 1.5 0
9733 0.15 1.5 0
9734 0.1625 1.5 0
9735 0.175 1.5 0
9736 0.1875 1.5 0
9737 0.2 1.5 0
9738 0.2125 1.5 0
9739 0.225 1.5 0
9740 0.2375 1.5 0
9741 0.25 1.5 0
9742 0.2625 1.5 0
9743 0.275 1.5 0
9744 0.2875 1.5 0
9745 0.3 1.5 0
9746 0.3125 1.5 0
9747 0.325 1.5 0
9748 0.3375 1.5 0
9749 0.35 1.5 0
9750 0.3625 1.5 0
9751 0.375 1.5 0
9752 0.3875 1.5 0
9753 0.4 1.5 0
9754 0.4125 1.5 0
9755 0.425 1.5 0
9756 0.4375 1.5 0
9757 0.45 1.5 0
9758 0.4625 1.5 0
9759 0.475 1.5 0
9760 0.4875 1.5 0
9761 0.5 1.5 0
9762 0.5125 1.5 0
9763 0.525 1.5 0
9764 0.5375 1.5 0
9765 0.55 1.5 0
9766 0.5625 1.5 0
9767 0.575 1.5 0
9768 0.5875 1.5 0
9769 0.6 1.5 0
9770 0.6125 1.5 0
9771 0.625 1.5 0
9772 0.6375 1.5 0
9773 0.65 1.5 0
9774 0.6625 1.5 0
9775 0.675 1.5 0
9776 0.6875 1.5 0
9777 0.7 1.5 0
9778 0.7125 1.5 0
9779 0.725 1.5 0
9780 0.7375 1.5 0
9781 0.75 1.5 0
9782 0.7625 1.5 0
9783 0.775 1.5 0
9784 0.7875 1.5 0
9785 0.8 1.5 0
9786 0.8125 1.5 0
9787 0.825 1.5 0
9788 0.8375 1.5 0
9789 0.85 1.5 0
9790 0.8625 1.5 0
9791 0.875 1.5 0
9792 0.8875 1.5 0
9793 0.9 1.5 0
9794 0.9125 1.5 0
9795 0.925 1.5 0
9796 0.9375 1.5 0
9797 0.95 1.5 0
9798 0.9625 1.5 0
9799 0.975 1.5 0
9800 0.9875 1.5 0
9801 1 1.5 0
9802 0 1.5125 0
9803 0.0125 1.5125 0
9804 0.025 1.5125 0
9805 0.0375 1.5125 0
9806 0.05 1.5125 0
9807 0.0625 1.5125 0
9808 0.075 1.5125 0
9809 0.08749999999999999 1.5125 0
9810 0.1 1.5125 0
9811 0.1125 1.5125 0
9812 0.125 1.5125 0
9813 0.1375 1.5125 0
9814 0.15 1.5125 0
9815 0.1625 1.5125 0
9816 0.175 1.5125 0
9817 0.1875 1.5125 0
9818 0.2 1.5125 0
9819 0.2125 1.5125 0
9820 0.225 1.5125 0
9821 0.2375 1.5125 0
9822 0.25 1.5125 0
9823 0.2625 1.5125 0
9824 0.275 1.5125 0
9825 0.2875 1.5125 0
9826 0.3 1.5125 0
9827 0.3125 1.5125 0
9828 0.325 1.5125 0
9829 0.3375 1.5125 0
9830 0.35 1.5125 0
9831 0.3625 1.5125 0
9832 0.375 1.5125 0
9833 0.3875 1.5125 0
9834 0.4 1.5125 0
9835 0.4125 1.5125 0
9836 0.425 1.5125 0
9837 0.4375 1.5125 0
9838 0.45 1.5125 0
9839 0.4625 1.5125 0
9840 0.475 1.5125 0
9841 0.4875 1.5125 0
9842 0.5 1.5125 0
9843 0.5125 1.5125 0
9844 0.525 1.5125 0
9845 0.5375 1.5125 0
9846 0.55 1.5125 0
9847 0.5625 1.5125 0
9848 0.575 1.5125 0
9849 0.5875 1.5125 0
9850 0.6 1.5125 0
9851 0.6125 1.5125 0
9852 0.625 1.5125 0
9853 0.6375 1.5125 0
9854 0.65 1.5125 0
9855 0.6625 1.5125 0
9856 0.675 1.5125 0
9857 0.6875 1.5125 0
9858 0.7 1.5125 0
9859 0.7125 1.5125 0
9860 0.725 1.5125 0
9861 0.7375 1.5125 0
9862 0.75 1.5125 0
9863 0.7625 1.5125 0
9864 0.775 1.5125 0
9865 0.7875 1.5125 0
9866 0.8 1.5125 0
9867 0.8125 1.5125 0
9868 0.825 1.5125 0
9869 0.8375 1.5125 0
9870 0.85 1.5125 0
9871 0.8625 1.5125 0
9872 0.875 1.5125 0
9873 0.8875 1.5125 0
9874 0.9 1.5125 0
9875 0.9125 1.5125 0
9876 0.925 1.5125 0
9877 0.9375 1.5125 0
9878 0.95 1.5125 0
9879 0.9625 1.5125 0
9880 0.975 1.5125 0
9881 0.9875 1.5125 0
9882 1 1.5125 0
9883 0 1.525 0
9884 0.0125 1.525 0
9885 0.025 1.525 0
9886 0.0375 1.525 0
9887 0.05 1.525 0
9888 0.0625 1.525 0
9889 0.075 1.525 0
9890 0.08749999999999999 1.525 0
9891 0.1 1.525 0
9892 0.1125 1.525 0
9893 0.125 1.525 0
9894 0.1375 1.525 0
9895 0.15 1.525 0
9896 0.1625 1.525 0
9897 0.175 1.525 0
9898 0.1875 1.525 0
9899 0.2 1.525 0
9900 0.2125 1.525 0
9901 0.225 1.525 0
9902 0.2375 1.525 0
9903 0.25 1.525 0
9904 0.2625 1.525 0
9905 0.275 1.525 0
9906 0.2875 1.525 0
9907 0.3 1.525 0
9908 0.3125 1.525 0
9909 0.325 1.525 0
9910 0.3375 1.525 0
9911 0.35 1.525 0
9912 0.3625 1.525 0
9913 0.375 1.525 0
9914 0.3875 1.525 0
9915 0.4 1.525 0
9916 0.4125 1.525 0
9917 0.425 1.525 0
9918 0.4375 1.525 0
9919 0.45 1.525 0
9920 0.4625 1.525 0
9921 0.475 1.525 0
9922 0.4875 1.525 0
9923 0.5 1.525 0
9924 0.5125 1.525 0
9925 0.525 1.525 0
9926 0.5375 1.525 0
9927 0.55 1.525 0
9928 0.5625 1.525 0
9929 0.575 1.525 0
9930 0.5875 1.525 0
9931 0.6 1.525 0
9932 0.6125 1.525 0
9933 0.625 1.525 0
9934 0.6375 1.525 0
9935 0.65 1.525 0
9936 0.6625 1.525 0
9937 0.675 1.525 0
9938 0.6875 1.525 0
9939 0.7 1.525 0
9940 0.7125 1.525 0
9941 0.725 1.525 0
9942 0.7375 1.525 0
9943 0.75 1.525 0
9944 0.7625 1.525 0
9945 0.775 1.525 0
9946 0.7875 1.525 0
9947 0.8 1.525 0
9948 0.8125 1.525 0
9949 0.825 1.525 0
9950 0.8375 1.525 0
9951 0.85 1.525 0
9952 0.8625 1.525 0
9953 0.875 1.525 0
9954 0.8875 1.525 0
9955 0.9 1.525 0
9956 0.9125 1.525 0
9957 0.925 1.525 0
9958 0.9375 1.525 0
9959 0.95 1.525 0
9960 0.9625 1.525 0
9961 0.975 1.525 0
9962 0.9875 1.525 0
9963 1 1.525 0
9964 0 1.5375 0
9965 0.0125 1.5375 0
9966 0.025 1.5375 0
9967 0.0375 1.5375 0
9968 0.05 1.5375 0
9969 0.0625 1.5375 0
9970 0.075 1.5375 0
9971 0.08749999999999999 1.5375 0
9972 0.1 1.5375 0
9973 0.1125 1.5375 0
9974 0.125 1.5375 0
9975 0.1375 1.5375 0
9976 0.15 1.5375 0
9977 0.1625 1.5375 0
9978 0.175 1.5375 0
9979 0.1875 1.5375 0
9980 0.2 1.5375 0
9981 0.2125 1.5375 0
9982 0.225 1.5375 0
9983 0.2375 1.5375 0
9984 0.25 1.5375 0
9985 0.2625 1.5375 0
9986 0.275 1.5375 0
9987 0.2875 1.5375 0
9988 0.3 1.5375 0
9989 0.3125 1.5375 0
9990 0.325 1.5375 0
9991 0.3375 1.5375 0
9992 0.35 1.5375 0
9993 0.3625 1.5375 0
9994 0.375 1.5375 0
9995 0.3875 1.5375 0
9996 0.4 1.5375 0
9997 0.4125 1.5375 0
9998 0.425 1.5375 0
9999 0.4375 1.5375 0
10000 0.45 1.5375 0
10001 0.4625 1.5375 0
10002 0.475 1.5375 0
10003 0.4875 1.5375 0
10004 0.5 1.5375 0
10005 0.5125 1.5375 0
10006 0.525 1.5375 0
10007 0.5375 1.5375 0
10008 0.55 1.5375 0
10009 0.5625 1.5375 0
10010 0.575 1.5375 0
10011 0.5875 1.5375 0
10012 0.6 1.5375 0
10013 0.6125 1.5375 0
10014 0.625 1.5375 0
10015 0.6375 1.5375 0
10016 0.65 1.5375 0
10017 0.6625 1.5375 0
10018 0.675 1.5375 0
10019 0.6875 1.5375 0
10020 0.7 1.5375 0
10021 0.7125 1.5375 0
10022 0.725 1.5375 0
10023 0.7375 1.5375 0
10024 0.75 1.5375 0
10025 0.7625 1.5375 0
10026 0.775 1.5375 0
10027 0.7875 1.5375 0
10028 0.8 1.5375 0
10029 0.8125 1.5375 0
10030 0.825 1.5375 0
10031 0.8375 1.5375 0
10032 0.85 1.5375 0
10033 0.8625 1.5375 0
10034 0.875 1.5375 0
10035 0.8875 1.5375 0
10036 0.9 1.5375 0
10037 0.9125 1.5375 0
10038 0.925 1.5375 0
10039 0.9375 1.5375 0
10040 0.95 1.5375 0
10041 0.9625 1.5375 0
10042 0.975 1.5375 0
10043 0.9875 1.5375 0
10044 1 1.5375 0
10045 0 1.55 0
10046 0.0125 1.55 0
10047 0.025 1.55 0
10048 0.0375 1.55 0
10049 0.05 1.55 0
10050 0.0625 1.55 0
10051 0.075 1.55 0
10052 0.08749999999999999 1.55 0
10053 0.1 1.55 0
10054 0.1125 1.55 0
10055 0.125 1.55 0
10056 0.1375 1.55 0
10057 0.15 1.55 0
10058 0.1625 1.55 0
10059 0.175 1.55 0
10060 0.1875 1.55 0
10061 0.2 1.55 0
10062 0.2125 1.55 0
10063 0.225 1.55 0
10064 0.2375 1.55 0
10065 0.25 1.55 0
10066 0.2625 1.55 0
10067 0.275 1.55 0
10068 0.2875 1.55 0
10069 0.3 1.55 0
10070 0.3125 1.55 0
10071 0.325 1.55 0
10072 0.3375 1.55 0
10073 0.35 1.55 0
10074 0.3625 1.55 0
10075 0.375 1.55 0
10076 0.3875 1.55 0
10077 0.4 1.55 0
10078 0.4125 1.55 0
10079 0.425 1.55 0
10080 0.4375 1.55 0
10081 0.45 1.55 0
10082 0.4625 1.55 0
10083 0.475 1.55 0
10084 0.4875 1.55 0
10085 0.5 1.55 0
10086 0.5125 1.55 0
10087 0.525 1.55 0
10088 0.5375 1.55 0
10089 0.55 1.55 0
10090 0.5625 1.55 0
10091 0.575 1.55 0
10092 0.5875 1.55 0
10093 0.6 1.55 0
10094 0.6125 1.55 0
10095 0.625 1.55 0
10096 0.6375 1.55 0
10097 0.65 1.55 0
10098 0.6625 1.55 0
10099 0.675 1.55 0
10100 0.6875 1.55 0
10101 0.7 1.55 0
10102 0.7125 1.55 0
10103 0.725 1.55 0
10104 0.7375 1.55 0
10105 0.75 1.55 0
10106 0.7625 1.55 0
10107 0.775 1.55 0
10108 0.7875 1.55 0
10109 0.8 1.55 0
10110 0.8125 1.55 0
10111 0.825 1.55 0
10112 0.8375 1.55 0
10113 0.85 1.55 0
10114 0.8625 1.55 0
10115 0.875 1.55 0
10116 0.8875 1.55 0
10117 0.9 1.55 0
10118 0.9125 1.55 0
10119 0.925 1.55 0
10120 0.9375 1.55 0
10121 0.95 1.55 0
10122 0.9625 1.55 0
10123 0.975 1.55 0
10124 0.9875 1.55 0
10125 1 1.55 0
10126 0 1.5625 0
10127 0.0125 1.5625 0
10128 0.025 1.5625 0
10129 0.0375 1.5625 0
10130 0.05 1.5625 0
10131 0.0625 1.5625 0
10132 0.075 1.5625 0
10133 0.08749999999999999 1.5625 0
10134 0.1 1.5625 0
10135 0.1125 1.5625 0
10136 0.125 1.5625 0
10137 0.1375 1.5625 0
10138 0.15 1.5625 0
10139 0.1625 1.5625 0
10140 0.175 1.5625 0
10141 0.1875 1.5625 0
10142 0.2 1.5625 0
10143 0.2125 1.5625 0
10144 0.225 1.5625 0
10145 0.2375 1.5625 0
10146 0.25 1.5625 0
10147 0.2625 1.5625 0
10148 0.275 1.5625 0
10149 0.2875 1.5625 0
10150 0.3 1.5625 0
10151 0.3125 1.5625 0
10152 0.325 1.5625 0
10153 0.3375 1.5625 0
10154 0.35 1.5625 0
10155 0.3625 1.5625 0
10156 0.375 1.5625 0
10157 0.3875 1.5625 0
10158 0.4 1.5625 0
10159 0.4125 1.5625 0
10160 0.425 1.5625 0
10161 0.4375 1.5625 0
10162 0.45 1.5625 0
10163 0.4625 1.5625 0
10164 0.475 1.5625 0
10165 0.4875 1.5625 0
10166 0.5 1.5625 0
10167 0.5125 1.5625 0
10168 0.525 1.5625 0
10169 0.5375 1.5625 0
10170 0.55 1.5625 0
10171 0.5625 1.5625 0
10172 0.575 1.5625 0
10173 0.5875 1.5625 0
10174 0.6 1.5625 0
10175 0.6125 1.5625 0
10176 0.625 1.5625 0
10177 0.6375 1.5625 0
10178 0.65 1.5625 0
10179 0.6625 1.5625 0
10180 0.675 1.5625 0
10181 0.6875 1.5625 0
10182 0.7 1.5625 0
10183 0.7125 1.5625 0
10184 0.725 1.5625 0
10185 0.7375 1.5625 0
10186 0.75 1.5625 0
10187 0.7625 1.5625 0
10188 0.775 1.5625 0
10189 0.7875 1.5625 0
10190 0.8 1.5625 0
10191 0.8125 1.5625 0
10192 0.825 1.5625 0
10193 0.8375 1.5625 0
10194 0.85 1.5625 0
10195 0.8625 1.5625 0
10196 0.875 1.5625 0
10197 0.8875 1.5625 0
10198 0.9 1.5625 0
10199 0.9125 1.5625 0
10200 0.925 1.5625 0
10201 0.9375 1.5625 0
10202 0.95 1.5625 0
10203 0.9625 1.5625 0
10204 0.975 1.5625 0
10205 0.9875 1.5625 0
10206 1 1.5625 0
10207 0 1.575 0
10208 0.0125 1.575 0
10209 0.025 1.575 0
10210 0.0375 1.575 0
10211 0.05 1.575 0
10212 0.0625 1.575 0
10213 0.075 1.575 0
10214 0.08749999999999999 1.575 0
10215 0.1 1.575 0
10216 0.1125 1.575 0
10217 0.125 1.575 0
10218 0.1375 1.575 0
10219 0.15 1.575 0
10220 0.1625 1.575 0
10221 0.175 1.575 0
10222 0.1875 1.575 0
10223 0.2 1.575 0
10224 0.2125 1.575 0
10225 0.225 1.575 0
10226 0.2375 1.575 0
10227 0.25 1.575 0
10228 0.2625 1.575 0
10229 0.275 1.575 0
10230 0.2875 1.575 0
10231 0.3 1.575 0
10232 0.3125 1.575 0
10233 0.325 1.575 0
10234 0.3375 1.575 0
10235 0.35 1.575 0
10236 0.3625 1.575 0
10237 0.375 1.575 0
10238 0.3875 1.575 0
10239 0.4 1.575 0
10240 0.4125 1.575 0
10241 0.425 1.575 0
10242 0.4375 1.575 0
10243 0.45 1.575 0
10244 0.4625 1.575 0
10245 0.475 1.575 0
10246 0.4875 1.575 0
10247 0.5 1.575 0
10248 0.5125 1.575 0
10249 0.525 1.575 0
10250 0.5375 1.575 0
10251 0.55 1.575 0
10252 0.5625 1.575 0
10253 0.575 1.575 0
10254 0.5875 1.575 0
10255 0.6 1.575 0
10256 0.6125 1.575 0
10257 0.625 1.575 0
10258 0.6375 1.575 0
10259 0.65 1.575 0
10260 0.6625 1.575 0
10261 0.675 1.575 0
10262 0.6875 1.575 0
10263 0.7 1.575 0
10264 0.7125 1.575 0
10265 0.725 1.575 0
10266 0.7375 1.575 0
10267 0.75 1.575 0
10268 0.7625 1.575 0
10269 0.775 1.575 0
10270 0.7875 1.575 0
10271 0.8 1.575 0
10272 0.8125 1.575 0
10273 0.825 1.575 0
10274 0.8375 1.575 0
10275 0.85 1.575 0
10276 0.8625 1.575 0
10277 0.875 1.575 0
10278 0.8875 1.575 0
10279 0.9 1.575 0
10280 0.9125 1.575 0
10281 0.925 1.575 0
10282 0.9375 1.575 0
10283 0.95 1.575 0
10284 0.9625 1.575 0
10285 0.975 1.575 0
10286 0.9875 1.575 0
10287 1 1.575 0
10288 0 1.5875 0
10289 0.0125 1.5875 0
10290 0.025 1.5875 0
10291 0.0375 1.5875 0
10292 0.05 1.5875 0
10293 0.0625 1.5875 0
10294 0.075 1.5875 0
10295 0.08749999999999999 1.5875 0
10296 0.1 1.5875 0
10297 0.1125 1.5875 0
10298 0.125 1.5875 0
10299 0.1375 1.5875 0
10300 0.15 1.5875 0
10301 0.1625 1.5875 0
10302 0.175 1.5875 0
10303 0.1875 1.5875 0
10304 0.2 1.5875 0
10305 0.2125 1.5875 0
10306 0.225 1.5875 0
10307 0.2375 1.5875 0
10308 0.25 1.5875 0
10309 0.2625 1.5875 0
10310 0.275 1.5875 0
10311 0.2875 1.5875 0
10312 0.3 1.5875 0
10313 0.3125 1.5875 0
10314 0.325 1.5875 0
10315 0.3375 1.5875 0
10316 0.35 1.5875 0
10317 0.3625 1.5875 0
10318 0.375 1.5875 0
10319 0.3875 1.5875 0
10320 0.4 1.5875 0
10321 0.4125 1.5875 0
10322 0.425 1.5875 0
10323 0.4375 1.5875 0
10324 0.45 1.5875 0
10325 0.4625 1.5875 0
10326 0.475 1.5875 0
10327 0.4875 1.5875 0
10328 0.5 1.5875 0
10329 0.5125 1.5875 0
10330 0.525 1.5875 0
10331 0.5375 1.5875 0
10332 0.55 1.5875 0
10333 0.5625 1.5875 0
10334 0.575 1.5875 0
10335 0.5875 1.5875 0
10336 0.6 1.5875 0
10337 0.6125 1.5875 0
10338 0.625 1.5875 0
10339 0.6375 1.5875 0
10340 0.65 1.5875 0
10341 0.6625 1.5875 0
10342 0.675 1.5875 0
10343 0.6875 1.5875 0
10344 0.7 1.5875 0
10345 0.7125 1.5875 0
10346 0.725 1.5875 0
10347 0.7375 1.5875 0
10348 0.75 1.5875 0
10349 0.7625 1.5875 0
10350 0.775 1.5875 0
10351 0.7875 1.5875 0
10352 0.8 1.5875 0
10353 0.8125 1.5875 0
10354 0.825 1.5875 0
10355 0.8375 1.5875 0
10356 0.85 1.5875 0
10357 0.8625 1.5875 0
10358 0.875 1.5875 0
10359 0.8875 1.5875 0
10360 0.9 1.5875 0
10361 0.9125 1.5875 0
10362 0.925 1.5875 0
10363 0.9375 1.5875 0
10364 0.95 1.5875 0
10365 0.9625 1.5875 0
10366 0.975 1.5875 0
10367 0.9875 1.5875 0
10368 1 1.5875 0
10369 0 1.6 0
10370 0.0125 1.6 0
10371 0.025 1.6 0
10372 0.0375 1.6 0
10373 0.05 1.6 0
10374 0.0625 1.6 0
10375 0.075 1.6 0
10376 0.08749999999999999 1.6 0
10377 0.1 1.6 0
10378 0.1125 1.6 0
10379 0.125 1.6 0
10380 0.1375 1.6 0
10381 0.15 1.6 0
10382 0.1625 1.6 0
10383 0.175 1.6 0
10384 0.1875 1.6 0
10385 0.2 1.6 0
10386 0.2125 1.6 0
10387 0.225 1.6 0
10388 0.2375 1.6 0
10389 0.25 1.6 0
10390 0.2625 1.6 0
10391 0.275 1.6 0
10392 0.2875 1.6 0
10393 0.3 1.6 0
10394 0.3125 1.6 0
10395 0.325 1.6 0
10396 0.3375 1.6 0
10397 0.35 1.6 0
10398 0.3625 1.6 0
10399 0.375 1.6 0
10400 0.3875 1.6 0
10401 0.4 1.6 0
10402 0.4125 1.6 0
10403 0.425 1.6 0
10404 0.4375 1.6 0
10405 0.45 1.6 0
10406 0.4625 1.6 0
10407 0.475 1.6 0
10408 0.4875 1.6 0
10409 0.5 1.6 0
10410 0.5125 1.6 0
10411 0.525 1.6 0
10412 0.5375 1.6 0
10413 0.55 1.6 0
10414 0.5625 1.6 0
10415 0.575 1.6 0
10416 0.5875 1.6 0
10417 0.6 1.6 0
10418 0.6125 1.6 0
10419 0.625 1.6 0
10420 0.6375 1.6 0
10421 0.65 1.6 0
10422 0.6625 1.6 0
10423 0.675 1.6 0
10424 0.6875 1.6 0
10425 0.7 1.6 0
10426 0.7125 1.6 0
10427 0.725 1.6 0
10428 0.7375 1.6 0
10429 0.75 1.6 0
10430 0.7625 1.6 0
10431 0.775 1.6 0
10432 0.7875 1.6 0
10433 0.8 1.6 0
10434 0.8125 1.6 0
10435 0.825 1.6 0
10436 0.8375 1.6 0
10437 0.85 1.6 0
10438 0.8625 1.6 0
10439 0.875 1.6 0
10440 0.8875 1.6 0
10441 0.9 1.6 0
10442 0.9125 1.6 0
10443 0.925 1.6 0
10444 0.9375 1.6 0
10445 0.95 1.6 0
10446 0.9625 1.6 0
10447 0.975 1.6 0
10448 0.9875 1.6 0
10449 1 1.6 0
10450 0 1.6125 0
10451 0.0125 1.6125 0
10452 0.025 1.6125 0
10453 0.0375 1.6125 0
10454 0.05 1.6125 0
10455 0.0625 1.6125 0
10456 0.075 1.6125 0
10457 0.08749999999999999 1.6125 0
10458 0.1 1.6125 0
10459 0.1125 1.6125 0
10460 0.125 1.6125 0
10461 0.1375 1.6125 0
10462 0.15 1.6125 0
10463 0.1625 1.6125 0
10464 0.175 1.6125 0
10465 0.1875 1.6125 0
10466 0.2 1.6125 0
10467 0.2125 1.6125 0
10468 0.225 1.6125 0
10469 0.2375 1.6125 0
10470 0.25 1.6125 0
10471 0.2625 1.6125 0
10472 0.275 1.6125 0
10473 0.2875 1.6125 0
10474 0.3 1.6125 0
10475 0.3125 1.6125 0
10476 0.325 1.6125 0
10477 0.3375 1.6125 0
10478 0.35 1.6125 0
10479 0.3625 1.6125 0
10480 0.375 1.6125 0
10481 0.3875 1.6125 0
10482 0.4 1.6125 0
10483 0.4125 1.6125 0
10484 0.425 1.6125 0
10485 0.4375 1.6125 0
10486 0.45 1.6125 0
10487 0.4625 1.6125 0
10488 0.475 1.6125 0
10489 0.4875 1.6125 0
10490 0.5 1.6125 0
10491 0.5125 1.6125 0
10492 0.525 1.6125 0
10493 0.5375 1.6125 0
10494 0.55 1.6125 0
10495 0.5625 1.6125 0
10496 0.575 1.6125 0
10497 0.5875 1.6125 0
10498 0.6 1.6125 0
10499 0.6125 1.6125 0
10500 0.625 1.6125 0
10501 0.6375 1.6125 0
10502 0.65 1.6125 0
10503 0.6625 1.6125 0
10504 0.675 1.6125 0
10505 0.6875 1.6125 0
10506 0.7 1.6125 0
10507 0.7125 1.6125 0
10508 0.725 1.6125 0
10509 0.7375 1.6125 0
10510 0.75 1.6125 0
10511 0.7625 1.6125 0
10512 0.775 1.6125 0
10513 0.7875 1.6125 0
10514 0.8 1.6125 0
10515 0.8125 1.6125 0
10516 0.825 1.6125 0
10517 0.8375 1.6125 0
10518 0.85 1.6125 0
10519 0.8625 1.6125 0
10520 0.875 1.6125 0
10521 0.8875 1.6125 0
10522 0.9 1.6125 0
10523 0.9125 1.6125 0
10524 0.925 1.6125 0
10525 0.9375 1.6125 0
10526 0.95 1.6125 0
10527 0.9625 1.6125 0
10528 0.975 1.6125 0
10529 0.9875 1.6125 0
10530 1 1.6125 0
10531 0 1.625 0
10532 0.0125 1.625 0
10533 0.025 1.625 0
10534 0.0375 1.625 0
10535 0.05 1.625 0
10536 0.0625 1.625 0
10537 0.075 1.625 0
10538 0.08749999999999999 1.625 0
10539 0.1 1.625 0
10540 0.1125 1.625 0
10541 0.125 1.625 0
10542 0.1375 1.625 0
10543 0.15 1.625 0
10544 0.1625 1.625 0
10545 0.175 1.625 0
10546 0.1875 1.625 0
10547 0.2 1.625 0
10548 0.2125 1.625 0
10549 0.225 1.625 0
10550 0.2375 1.625 0
10551 0.25 1.625 0
10552 0.2625 1.625 0
10553 0.275 1.625 0
10554 0.2875 1.625 0
10555 0.3 1.625 0
10556 0.3125 1.625 0
10557 0.325 1.625 0
10558 0.3375 1.625 0
10559 0.35 1.625 0
10560 0.3625 1.625 0
10561 0.375 1.625 0
10562 0.3875 1.625 0
10563 0.4 1.625 0
10564 0.4125 1.625 0
10565 0.425 1.625 0
10566 0.4375 1.625 0
10567 0.45 1.625 0
10568 0.4625 1.625 0
10569 0.475 1.625 0
10570 0.4875 1.625 0
10571 0.5 1.625 0
10572 0.5125 1.625 0
10573 0.525 1.625 0
10574 0.5375 1.625 0
10575 0.55 1.625 0
10576 0.5625 1.625 0
10577 0.575 1.625 0
10578 0.5875 1.625 0
10579 0.6 1.625 0
10580 0.6125 1.625 0
10581 0.625 1.625 0
10582 0.6375 1.625 0
10583 0.65 1.625 0
10584 0.6625 1.625 0
10585 0.675 1.625 0
10586 0.6875 1.625 0
10587 0.7 1.625 0
10588 0.7125 1.625 0
10589 0.725 1.625 0
10590 0.7375 1.625 0
10591 0.75 1.625 0
10592 0.7625 1.625 0
10593 0.775 1.625 0
10594 0.7875 1.625 0
10595 0.8 1.625 0
10596 0.8125 1.625 0
10597 0.825 1.625 0
10598 0.8375 1.625 0
10599 0.85 1.625 0
10600 0.8625 1.625 0
10601 0.875 1.625 0
10602 0.8875 1.625 0
10603 0.9 1.625 0
10604 0.9125 1.625 0
10605 0.925 1.625 0
10606 0.9375 1.625 0
10607 0.95 1.625 0
10608 0.9625 1.625 0
10609 0.975 1.625 0
10610 0.9875 1.625 0
10611 1 1.625 0
10612 0 1.6375 0
10613 0.0125 1.6375 0
10614 0.025 1.6375 0
10615 0.0375 1.6375 0
10616 0.05 1.6375 0
10617 0.0625 1.6375 0
10618 0.075 1.6375 0
10619 0.08749999999999999 1.6375 0
10620 0.1 1.6375 0
10621 0.1125 1.6375 0
10622 0.125 1.6375 0
10623 0.1375 1.6375 0
10624 0.15 1.6375 0
10625 0.1625 1.6375 0
10626 0.175 1.6375 0
10627 0.1875 1.6375 0
10628 0.2 1.6375 0
10629 0.2125 1.6375 0
10630 0.225 1.6375 0
10631 0.2375 1.6375 0
10632 0.25 1.6375 0
10633 0.2625 1.6375 0
10634 0.275 1.6375 0
10635 0.2875 1.6375 0
10636 0.3 1.6375 0
10637 0.3125 1.6375 0
10638 0.325 1.6375 0
10639 0.3375 1.6375 0
10640 0.35 1.6375 0
10641 0.3625 1.6375 0
10642 0.375 1.6375 0
10643 0.3875 1.6375 0
10644 0.4 1.6375 0
10645 0.4125 1.6375 0
10646 0.425 1.6375 0
10647 0.4375 1.6375 0
10648 0.45 1.6375 0
10649 0.4625 1.6375 0
10650 0.475 1.6375 0
10651 0.4875 1.6375 0
10652 0.5 1.6375 0
10653 0.5125 1.6375 0
10654 0.525 1.6375 0
10655 0.5375 1.6375 0
10656 0.55 1.6375 0
10657 0.5625 1.6375 0
10658 0.575 1.6375 0
10659 0.5875 1.6375 0
10660 0.6 1.6375 0
10661 0.6125 1.6375 0
10662 0.625 1.6375 0
10663 0.6375 1.6375 0
10664 0.65 1.6375 0
10665 0.6625 1.6375 0
10666 0.675 1.6375 0
10667 0.6875 1.6375 0
10668 0.7 1.6375 0
10669 0.7125 1.6375 0
10670 0.725 1.6375 0
10671 0.7375 1.6375 0
10672 0.75 1.6375 0
10673 0.7625 1.6375 0
10674 0.775 1.6375 0
10675 0.7875 1.6375 0
10676 0.8 1.6375 0
10677 0.8125 1.6375 0
10678 0.825 1.6375 0
10679 0.8375 1.6375 0
10680 0.85 1.6375 0
10681 0.8625 1.6375 0
10682 0.875 1.6375 0
10683 0.8875 1.6375 0
10684 0.9 1.6375 0
10685 0.9125 1.6375 0
10686 0.925 1.6375 0
10687 0.9375 1.6375 0
10688 0.95 1.6375 0
10689 0.9625 1.6375 0
10690 0.975 1.6375 0
10691 0.9875 1.6375 0
10692 1 1.6375 0
10693 0 1.65 0
10694 0.0125 1.65 0
10695 0.025 1.65 0
10696 0.0375 1.65 0
10697 0.05 1.65 0
10698 0.0625 1.65 0
10699 0.075 1.65 0
10700 0.08749999999999999 1.65 0
10701 0.1 1.65 0
10702 0.1125 1.65 0
10703 0.125 1.65 0
10704 0.1375 1.65 0
10705 0.15 1.65 0
10706 0.1625 1.65 0
10707 0.175 1.65 0
10708 0.1875 1.65 0
10709 0.2 1.65 0
10710 0.2125 1.65 0
10711 0.225 1.65 0
10712 0.2375 1.65 0
10713 0.25 1.65 0
10714 0.2625 1.65 0
10715 0.275 1.65 0
10716 0.2875 1.65 0
10717 0.3 1.65 0
10718 0.3125 1.65 0
10719 0.325 1.65 0
10720 0.3375 1.65 0
10721 0.35 1.65 0
10722 0.3625 1.65 0
10723 0.375 1.65 0
10724 0.3875 1.65 0
10725 0.4 1.65 0
10726 0.4125 1.65 0
10727 0.425 1.65 0
10728 0.4375 1.65 0
10729 0.45 1.65 0
10730 0.4625 1.65 0
10731 0.475 1.65 0
10732 0.4875 1.65 0
10733 0.5 1.65 0
10734 0.5125 1.65 0
10735 0.525 1.65 0
10736 0.5375 1.65 0
10737 0.55 1.65 0
10738 0.5625 1.65 0
10739 0.575 1.65 0
10740 0.5875 1.65 0
10741 0.6 1.65 0
10742 0.6125 1.65 0
10743 0.625 1.65 0
10744 0.6375 1.65 0
10745 0.65 1.65 0
10746 0.6625 1.65 0
10747 0.675 1.65 0
10748 0.6875 1.65 0
10749 0.7 1.65 0
10750 0.7125 1.65 0
10751 0.725 1.65 0
10752 0.7375 1.65 0
10753 0.75 1.65 0
10754 0.7625 1.65 0
10755 0.775 1.65 0
10756 0.7875 1.65 0
10757 0.8 1.65 0
10758 0.8125 1.65 0
10759 0.825 1.65 0
10760 0.8375 1.65 0
10761 0.85 1.65 0
10762 0.8625 1.65 0
10763 0.875 1.65 0
10764 0.8875 1.65 0
10765 0.9 1.65 0
10766 0.9125 1.65 0
10767 0.925 1.65 0
10768 0.9375 1.65 0
10769 0.95 1.65 0
10770 0.9625 1.65 0
10771 0.975 1.65 0
10772 0.9875 1.65 0
10773 1 1.65 0
10774 0 1.6625 0
10775 0.0125 1.6625 0
10776 0.025 1.6625 0
10777 0.0375 1.6625 0
10778 0.05 1.6625 0
10779 0.0625 1.6625 0
10780 0.075 1.6625 0
10781 0.08749999999999999 1.6625 0
10782 0.1 1.6625 0
10783 0.1125 1.6625 0
10784 0.125 1.6625 0
10785 0.1375 1.6625 0
10786 0.15 1.6625 0
10787 0.1625 1.6625 0
10788 0.175 1.6625 0
10789 0.1875 1.6625 0
10790 0.2 1.6625 0
10791 0.2125 1.6625 0
10792 0.225 1.6625 0
10793 0.2375 1.6625 0
10794 0.25 1.6625 0
10795 0.2625 1.6625 0
10796 0.275 1.6625 0
10797 0.2875 1.6625 0
10798 0.3 1.6625 0
10799 0.3125 1.6625 0
10800 0.325 1.6625 0
10801 0.3375 1.6625 0
10802 0.35 1.6625 0
10803 0.3625 1.6625 0
10804 0.375 1.6625 0
10805 0.3875 1.6625 0
10806 0.4 1.6625 0
10807 0.4125 1.6625 0
10808 0.425 1.6625 0
10809 0.4375 1.6625 0
10810 0.45 1.6625 0
10811 0.4625 1.6625 0
10812 0.475 1.6625 0
10813 0.4875 1.6625 0
10814 0.5 1.6625 0
10815 0.5125 1.6625 0
10816 0.525 1.6625 0
10817 0.5375 1.6625 0
10818 0.55 1.6625 0
10819 0.5625 1.6625 0
10820 0.575 1.6625 0
10821 0.5875 1.6625 0
10822 0.6 1.6625 0
10823 0.6125 1.6625 0
10824 0.625 1.6625 0
10825 0.6375 1.6625 0
10826 0.65 1.6625 0
10827 0.6625 1.6625 0
10828 0.675 1.6625 0
10829 0.6875 1.6625 0
10830 0.7 1.6625 0
10831 0.7125 1.6625 0
10832 0.725 1.6625 0
10833 0.7375 1.6625 0
10834 0.75 1.6625 0
10835 0.7625 1.6625 0
10836 0.775 1.6625 0
10837 0.7875 1.6625 0
10838 0.8 1.6625 0
10839 0.8125 1.6625 0
10840 0.825 1.6625 0
10841 0.8375 1.6625 0
10842 0.85 1.6625 0
10843 0.8625 1.6625 0
10844 0.875 1.6625 0
10845 0.8875 1.6625 0
10846 0.9 1.6625 0
10847 0.9125 1.6625 0
10848 0.925 1.6625 0
10849 0.9375 1.6625 0
10850 0.95 1.6625 0
10851 0.9625 1.6625 0
10852 0.975 1.6625 0
10853 0.9875 1.6625 0
10854 1 1.6625 0
10855 0 1.675 0
10856 0.0125 1.675 0
10857 0.025 1.675 0
10858 0.0375 1.675 0
10859 0.05 1.675 0
10860 0.0625 1.675 0
10861 0.075 1.675 0
10862 0.08749999999999999 1.675 0
10863 0.1 1.675 0
10864 0.1125 1.675 0
10865 0.125 1.675 0
10866 0.1375 1.675 0
10867 0.15 1.675 0
10868 0.1625 1.675 0
10869 0.175 1.675 0
10870 0.1875 1.675 0
10871 0.2 1.675 0
10872 0.2125 1.675 0
10873 0.225 1.675 0
10874 0.2375 1.675 0
10875 0.25 1.675 0
10876 0.2625 1.675 0
10877 0.275 1.675 0
10878 0.2875 1.675 0
10879 0.3 1.675 0
10880 0.3125 1.675 0
10881 0.325 1.675 0
10882 0.3375 1.675 0
10883 0.35 1.675 0
10884 0.3625 1.675 0
10885 0.375 1.675 0
10886 0.3875 1.675 0
10887 0.4 1.675 0
10888 0.4125 1.675 0
10889 0.425 1.675 0
10890 0.4375 1.675 0
10891 0.45 1.675 0
10892 0.4625 1.675 0
10893 0.475 1.675 0
10894 0.4875 1.675 0
10895 0.5 1.675 0
10896 0.5125 1.675 0
10897 0.525 1.675 0
10898 0.5375 1.675 0
10899 0.55 1.675 0
10900 0.5625 1.675 0
10901 0.575 1.675 0
10902 0.5875 1.675 0
10903 0.6 1.675 0
10904 0.6125 1.675 0
10905 0.625 1.675 0
10906 0.6375 1.675 0
10907 0.65 1.675 0
10908 0.6625 1.675 0
10909 0.675 1.675 0
10910 0.6875 1.675 0
10911 0.7 1.675 0
10912 0.7125 1.675 0
10913 0.725 1.675 0
10914 0.7375 1.675 0
10915 0.75 1.675 0
10916 0.7625 1.675 0
10917 0.775 1.675 0
10918 0.7875 1.675 0
10919 0.8 1.675 0
10920 0.8125 1.675 0
10921 0.825 1.675 0
10922 0.8375 1.675 0
10923 0.85 1.675 0
10924 0.8625 1.675 0
10925 0.875 1.675 0
10926 0.8875 1.675 0
10927 0.9 1.675 0
10928 0.9125 1.675 0
10929 0.925 1.675 0
10930 0.9375 1.675 0
10931 0.95 1.675 0
10932 0.9625 1.675 0
10933 0.975 1.675 0
10934 0.9875 1.675 0
10935 1 1.675 0
10936 0 1.6875 0
10937 0.0125 1.6875 0
10938 0.025 1.6875 0
10939 0.0375 1.6875 0
10940 0.05 1.6875 0
10941 0.0625 1.6875 0
10942 0.075 1.6875 0
10943 0.08749999999999999 1.6875 0
10944 0.1 1.6875 0
10945 0.1125 1.6875 0
10946 0.125 1.6875 0
10947 0.1375 1.6875 0
10948 0.15 1.6875 0
10949 0.1625 1.6875 0
10950 0.175 1.6875 0
10951 0.1875 1.6875 0
10952 0.2 1.6875 0
10953 0.2125 1.6875 0
10954 0.225 1.6875 0
10955 0.2375 1.6875 0
10956 0.25 1.6875 0
10957 0.2625 1.6875 0
10958 0.275 1.6875 0
10959 0.2875 1.6875 0
10960 0.3 1.6875 0
10961 0.3125 1.6875 0
10962 0.325 1.6875 0
10963 0.3375 1.6875 0
10964 0.35 1.6875 0
10965 0.3625 1.6875 0
10966 0.375 1.6875 0
10967 0.3875 1.6875 0
10968 0.4 1.6875 0
10969 0.4125 1.6875 0
10970 0.425 1.6875 0
10971 0.4375 1.6875 0
10972 0.45 1.6875 0
10973 0.4625 1.6875 0
10974 0.475 1.6875 0
10975 0.4875 1.6875 0
10976 0.5 1.6875 0
10977 0.5125 1.6875 0
10978 0.525 1.6875 0
10979 0.5375 1.6875 0
10980 0.55 1.6875 0
10981 0.5625 1.6875 0
10982 0.575 1.6875 0
10983 0.5875 1.6875 0
10984 0.6 1.6875 0
10985 0.6125 1.6875 0
10986 0.625 1.6875 0
10987 0.6375 1.6875 0
10988 0.65 1.6875 0
10989 0.6625 1.6875 0
10990 0.675 1.6875 0
10991 0.6875 1.6875 0
10992 0.7 1.6875 0
10993 0.7125 1.6875 0
10994 0.725 1.6875 0
10995 0.7375 1.6875 0
10996 0.75 1.6875 0
10997 0.7625 1.6875 0
10998 0.775 1.6875 0
10999 0.7875 1.6875 0
11000 0.8 1.6875 0
11001 0.8125 1.6875 0
11002 0.825 1.6875 0
11003 0.8375 1.6875 0
11004 0.85 1.6875 0
11005 0.8625 1.6875 0
11006 0.875 1.6875 0
11007 0.8875 1.6875 0
11008 0.9 1.6875 0
11009 0.9125 1.6875 0
11010 0.925 1.6875 0
11011 0.9375 1.6875 0
11012 0.95 1.6875 0
11013 0.9625 1.6875 0
11014 0.975 1.6875 0
11015 0.9875 1.6875 0
11016 1 1.6875 0
11017 0 1.7 0
11018 0.0125 1.7 0
11019 0.025 1.7 0
11020 0.0375 1.7 0
11021 0.05 1.7 0
11022 0.0625 1.7 0
11023 0.075 1.7 0
11024 0.08749999999999999 1.7 0
11025 0.1 1.7 0
11026 0.1125 1.7 0
11027 0.125 1.7 0
11028 0.1375 1.7 0
11029 0.15 1.7 0
11030 0.1625 1.7 0
11031 0.175 1.7 0
11032 0.1875 1.7 0
11033 0.2 1.7 0
11034 0.2125 1.7 0
11035 0.225 1.7 0
11036 0.2375 1.7 0
11037 0.25 1.7 0
11038 0.2625 1.7 0
11039 0.275 1.7 0
11040 0.2875 1.7 0
11041 0.3 1.7 0
11042 0.3125 1.7 0
11043 0.325 1.7 0
11044 0.3375 1.7 0
11045 0.35 1.7 0
11046 0.3625 1.7 0
11047 0.375 1.7 0
11048 0.3875 1.7 0
11049 0.4 1.7 0
11050 0.4125 1.7 0
11051 0.425 1.7 0
11052 0.4375 1.7 0
11053 0.45 1.7 0
11054 0.4625 1.7 0
11055 0.475 1.7 0
11056 0.4875 1.7 0
11057 0.5 1.7 0
11058 0.5125 1.7 0
11059 0.525 1.7 0
11060 0.5375 1.7 0
11061 0.55 1.7 0
11062 0.5625 1.7 0
11063 0.575 1.7 0
11064 0.5875 1.7 0
11065 0.6 1.7 0
11066 0.6125 1.7 0
11067 0.625 1.7 0
11068 0.6375 1.7 0
11069 0.65 1.7 0
11070 0.6625 1.7 0
11071 0.675 1.7 0
11072 0.6875 1.7 0
11073 0.7 1.7 0
11074 0.7125 1.7 0
11075 0.725 1.7 0
11076 0.7375 1.7 0
11077 0.75 1.7 0
11078 0.7625 1.7 0
11079 0.775 1.7 0
11080 0.7875 1.7 0
11081 0.8 1.7 0
11082 0.8125 1.7 0
11083 0.825 1.7 0
11084 0.8375 1.7 0
11085 0.85 1.7 0
11086 0.8625 1.7 0
11087 0.875 1.7 0
11088 0.8875 1.7 0
11089 0.9 1.7 0
11090 0.9125 1.7 0
11091 0.925 1.7 0
11092 0.9375 1.7 0
11093 0.95 1.7 0
11094 0.9625 1.7 0
11095 0.975 1.7 0
11096 0.9875 1.7 0
11097 1 1.7 0
11098 0 1.7125 0
11099 0.0125 1.7125 0
11100 0.025 1.7125 0
11101 0.0375 1.7125 0
11102 0.05 1.7125 0
11103 0.0625 1.7125 0
11104 0.075 1.7125 0
11105 0.08749999999999999 1.7125 0
11106 0.1 1.7125 0
11107 0.1125 1.7125 0
11108 0.125 1.7125 0
11109 0.1375 1.7125 0
11110 0.15 1.7125 0
11111 0.1625 1.7125 0
11112 0.175 1.7125 0
11113 0.1875 1.7125 0
11114 0.2 1.7125 0
11115 0.2125 1.7125 0
11116 0.225 1.7125 0
11117 0.2375 1.7125 0
11118 0.25 1.7125 0
11119 0.2625 1.7125 0
11120 0.275 1.7125 0
11121 0.2875 1.7125 0
11122 0.3 1.7125 0
11123 0.3125 1.7125 0
11124 0.325 1.7125 0
11125 0.3375 1.7125 0
11126 0.35 1.7125 0
11127 0.3625 1.7125 0
11128 0.375 1.7125 0
11129 0.3875 1.7125 0
11130 0.4 1.7125 0
11131 0.4125 1.7125 0
11132 0.425 1.7125 0
11133 0.4375 1.7125 0
11134 0.45 1.7125 0
11135 0.4625 1.7125 0
11136 0.475 1.7125 0
11137 0.4875 1.7125 0
11138 0.5 1.7125 0
11139 0.5125 1.7125 0
11140 0.525 1.7125 0
11141 0.5375 1.7125 0
11142 0.55 1.7125 0
11143 0.5625 1.7125 0
11144 0.575 1.7125 0
11145 0.5875 1.7125 0
11146 0.6 1.7125 0
11147 0.6125 1.7125 0
11148 0.625 1.7125 0
11149 0.6375 1.7125 0
11150 0.65 1.7125 0
11151 0.6625 1.7125 0
11152 0.675 1.7125 0
11153 0.6875 1.7125 0
11154 0.7 1.7125 0
11155 0.7125 1.7125 0
11156 0.725 1.7125 0
11157 0.7375 1.7125 0
11158 0.75 1.7125 0
11159 0.7625 1.7125 0
11160 0.775 1.7125 0
11161 0.7875 1.7125 0
11162 0.8 1.7125 0
11163 0.8125 1.7125 0
11164 0.825 1.7125 0
11165 0.8375 1.7125 0
11166 0.85 1.7125 0
11167 0.8625 1.7125 0
11168 0.875 1.7125 0
11169 0.8875 1.7125 0
11170 0.9 1.7125 0
11171 0.9125 1.7125 0
11172 0.925 1.7125 0
11173 0.9375 1.7125 0
11174 0.95 1.7125 0
11175 0.9625 1.7125 0
11176 0.975 1.7125 0
11177 0.9875 1.7125 0
11178 1 1.7125 0
11179 0 1.725 0
11180 0.0125 1.725 0
11181 0.025 1.725 0
11182 0.0375 1.725 0
11183 0.05 1.725 0
11184 0.0625 1.725 0
11185 0.075 1.725 0
11186 0.08749999999999999 1.725 0
11187 0.1 1.725 0
11188 0.1125 1.725 0
11189 0.125 1.725 0
11190 0.1375 1.725 0
11191 0.15 1.725 0
11192 0.1625 1.725 0
11193 0.175 1.725 0
11194 0.1875 1.725 0
11195 0.2 1.725 0
11196 0.2125 1.725 0
11197 0.225 1.725 0
11198 0.2375 1.725 0
11199 0.25 1.725 0
11200 0.2625 1.725 0
11201 0.275 1.725 0
11202 0.2875 1.725 0
11203 0.3 1.725 0
11204 0.3125 1.725 0
11205 0.325 1.725 0
11206 0.3375 1.725 0
11207 0.35 1.725 0
11208 0.3625 1.725 0
11209 0.375 1.725 0
11210 0.3875 1.725 0
11211 0.4 1.725 0
11212 0.4125 1.725 0
11213 0.425 1.725 0
11214 0.4375 1.725 0
11215 0.45 1.725 0
11216 0.4625 1.725 0
11217 0.475 1.725 0
11218 0.4875 1.725 0
11219 0.5 1.725 0
11220 0.5125 1.725 0
11221 0.525 1.725 0
11222 0.5375 1.725 0
11223 0.55 1.725 0
11224 0.5625 1.725 0
11225 0.575 1.725 0
11226 0.5875 1.725 0
11227 0.6 1.725 0
11228 0.6125 1.725 0
11229 0.625 1.725 0
11230 0.6375 1.725 0
11231 0.65 1.725 0
11232 0.6625 1.725 0
11233 0.675 1.725 0
11234 0.6875 1.725 0
11235 0.7 1.725 0
11236 0.7125 1.725 0
11237 0.725 1.725 0
11238 0.7375 1.725 0
11239 0.75 1.725 0
11240 0.7625 1.725 0
11241 0.775 1.725 0
11242 0.7875 1.725 0
11243 0.8 1.725 0
11244 0.8125 1.725 0
11245 0.825 1.725 0
11246 0.8375 1.725 0
11247 0.85 1.725 0
11248 0.8625 1.725 0
11249 0.875 1.725 0
11250 0.8875 1.725 0
11251 0.9 1.725 0
11252 0.9125 1.725 0
11253 0.925 1.725 0
11254 0.9375 1.725 0
11255 0.95 1.725 0
11256 0.9625 1.725 0
11257 0.975 1.725 0
11258 0.9875 1.725 0
11259 1 1.725 0
11260 0 1.7375 0
11261 0.0125 1.7375 0
11262 0.025 1.7375 0
11263 0.0375 1.7375 0
11264 0.05 1.7375 0
11265 0.0625 1.7375 0
11266 0.075 1.7375 0
11267 0.08749999999999999 1.7375 0
11268 0.1 1.7375 0
11269 0.1125 1.7375 0
11270 0.125 1.7375 0
11271 0.1375 1.7375 0
11272 0.15 1.7375 0
11273 0.1625 1.7375 0
11274 0.175 1.7375 0
11275 0.1875 1.7375 0
11276 0.2 1.7375 0
11277 0.2125 1.7375 0
11278 0.225 1.7375 0
11279 0.2375 1.7375 0
11280 0.25 1.7375 0
11281 0.2625 1.7375 0
11282 0.275 1.7375 0
11283 0.2875 1.7375 0
11284 0.3 1.7375 0
11285 0.3125 1.7375 0
11286 0.325 1.7375 0
11287 0.3375 1.7375 0
11288 0.35 1.7375 0
11289 0.3625 1.7375 0
11290 0.375 1.7375 0
11291 0.3875 1.7375 0
11292 0.4 1.7375 0
11293 0.4125 1.7375 0
11294 0.425 1.7375 0
11295 0.4375 1.7375 0
11296 0.45 1.7375 0
11297 0.4625 1.7375 0
11298 0.475 1.7375 0
11299 0.4875 1.7375 0
11300 0.5 1.7375 0
11301 0.5125 1.7375 0
11302 0.525 1.7375 0
11303 0.5375 1.7375 0
11304 0.55 1.7375 0
11305 0.5625 1.7375 0
11306 0.575 1.7375 0
11307 0.5875 1.7375 0
11308 0.6 1.7375 0
11309 0.6125 1.7375 0
11310 0.625 1.7375 0
11311 0.6375 1.7375 0
11312 0.65 1.7375 0
11313 0.6625 1.7375 0
11314 0.675 1.7375 0
11315 0.6875 1.7375 0
11316 0.7 1.7375 0
11317 0.7125 1.7375 0
11318 0.725 1.7375 0
11319 0.7375 1.7375 0
11320 0.75 1.7375 0
11321 0.7625 1.7375 0
11322 0.775 1.7375 0
11323 0.7875 1.7375 0
11324 0.8 1.7375 0
11325 0.8125 1.7375 0
11326 0.825 1.7375 0
11327 0.8375 1.7375 0
11328 0.85 1.7375 0
11329 0.8625 1.7375 0
11330 0.875 1.7375 0
11331 0.8875 1.7375 0
11332 0.9 1.7375 0
11333 0.9125 1.7375 0
11334 0.925 1.7375 0
11335 0.9375 1.7375 0
11336 0.95 1.7375 0
11337 0.9625 1.7375 0
11338 0.975 1.7375 0
11339 0.9875 1.7375 0
11340 1 1.7375 0
11341 0 1.75 0
11342 0.0125 1.75 0
11343 0.025 1.75 0
11344 0.0375 1.75 0
11345 0.05 1.75 0
11346 0.0625 1.75 0
11347 0.075 1.75 0
11348 0.08749999999999999 1.75 0
11349 0.1 1.75 0
11350 0.1125 1.75 0
11351 0.125 1.75 0
11352 0.1375 1.75 0
11353 0.15 1.75 0
11354 0.1625 1.75 0
11355 0.175 1.75 0
11356 0.1875 1.75 0
11357 0.2 1.75 0
11358 0.2125 1.75 0
11359 0.225 1.75 0
11360 0.2375 1.75 0
11361 0.25 1.75 0
11362 0.2625 1.75 0
11363 0.275 1.75 0
11364 0.2875 1.75 0
11365 0.3 1.75 0
11366 0.3125 1.75 0
11367 0.325 1.75 0
11368 0.3375 1.75 0
11369 0.35 1.75 0
11370 0.3625 1.75 0
11371 0.375 1.75 0
11372 0.3875 1.75 0
11373 0.4 1.75 0
11374 0.4125 1.75 0
11375 0.425 1.75 0
11376 0.4375 1.75 0
11377 0.45 1.75 0
11378 0.4625 1.75 0
11379 0.475 1.75 0
11380 0.4875 1.75 0
11381 0.5 1.75 0
11382 0.5125 1.75 0
11383 0.525 1.75 0
11384 0.5375 1.75 0
11385 0.55 1.75 0
11386 0.5625 1.75 0
11387 0.575 1.75 0
11388 0.5875 1.75 0
11389 0.6 1.75 0
11390 0.6125 1.75 0
11391 0.625 1.75 0
11392 0.6375 1.75 0
11393 0.65 1.75 0
11394 0.6625 1.75 0
11395 0.675 1.75 0
11396 0.6875 1.75 0
11397 0.7 1.75 0
11398 0.7125 1.75 0
11399 0.725 1.75 0
11400 0.7375 1.75 0
11401 0.75 1.75 0
11402 0.7625 1.75 0
11403 0.775 1.75 0
11404 0.7875 1.75 0
11405 0.8 1.75 0
11406 0.8125 1.75 0
11407 0.825 1.75 0
11408 0.8375 1.75 0
11409 0.85 1.75 0
11410 0.8625 1.75 0
11411 0.875 1.75 0
11412 0.8875 1.75 0
11413 0.9 1.75 0
11414 0.9125 1.75 0
11415 0.925 1.75 0
11416 0.9375 1.75 0
11417 0.95 1.75 0
11418 0.9625 1.75 0
11419 0.975 1.75 0
11420 0.9875 1.75 0
11421 1 1.75 0
11422 0 1.7625 0
11423 0.0125 1.7625 0
11424 0.025 1.7625 0
11425 0.0375 1.7625 0
11426 0.05 1.7625 0
11427 0.0625 1.7625 0
11428 0.075 1.7625 0
11429 0.08749999999999999 1.7625 0
11430 0.1 1.7625 0
11431 0.1125 1.7625 0
11432 0.125 1.7625 0
11433 0.1375 1.7625 0
11434 0.15 1.7625 0
11435 0.1625 1.7625 0
11436 0.175 1.7625 0
11437 0.1875 1.7625 0
11438 0.2 1.7625 0
11439 0.2125 1.7625 0
11440 0.225 1.7625 0
11441 0.2375 1.7625 0
11442 0.25 1.7625 0
11443 0.2625 1.7625 0
11444 0.275 1.7625 0
11445 0.2875 1.7625 0
11446 0.3 1.7625 0
11447 0.3125 1.7625 0
11448 0.325 1.7625 0
11449 0.3375 1.7625 0
11450 0.35 1.7625 0
11451 0.3625 1.7625 0
11452 0.375 1.7625 0
11453 0.3875 1.7625 0
11454 0.4 1.7625 0
11455 0.4125 1.7625 0
11456 0.425 1.7625 0
11457 0.4375 1.7625 0
11458 0.45 1.7625 0
11459 0.4625 1.7625 0
11460 0.475 1.7625 0
11461 0.4875 1.7625 0
11462 0.5 1.7625 0
11463 0.5125 1.7625 0
11464 0.525 1.7625 0
11465 0.5375 1.7625 0
11466 0.55 1.7625 0
11467 0.5625 1.7625 0
11468 0.575 1.7625 0
11469 0.5875 1.7625 0
11470 0.6 1.7625 0
11471 0.6125 1.7625 0
11472 0.625 1.7625 0
11473 0.6375 1.7625 0
11474 0.65 1.7625 0
11475 0.6625 1.7625 0
11476 0.675 1.7625 0
11477 0.6875 1.7625 0
11478 0.7 1.7625 0
11479 0.7125 1.7625 0
11480 0.725 1.7625 0
11481 0.7375 1.7625 0
11482 0.75 1.7625 0
11483 0.7625 1.7625 0
11484 0.775 1.7625 0
11485 0.7875 1.7625 0
11486 0.8 1.7625 0
11487 0.8125 1.7625 0
11488 0.825 1.7625 0
11489 0.8375 1.7625 0
11490 0.85 1.7625 0
11491 0.8625 1.7625 0
11492 0.875 1.7625 0
11493 0.8875 1.7625 0
11494 0.9 1.7625 0
11495 0.9125 1.7625 0
11496 0.925 1.7625 0
11497 0.9375 1.7625 0
11498 0.95 1.7625 0
11499 0.9625 1.7625 0
11500 0.975 1.7625 0
11501 0.9875 1.7625 0
11502 1 1.7625 0
11503 0 1.775 0
11504 0.0125 1.775 0
11505 0.025 1.775 0
11506 0.0375 1.775 0
11507 0.05 1.775 0
11508 0.0625 1.775 0
11509 0.075 1.775 0
11510 0.08749999999999999 1.775 0
11511 0.1 1.775 0
11512 0.1125 1.775 0
11513 0.125 1.775 0
11514 0.1375 1.775 0
11515 0.15 1.775 0
11516 0.1625 1.775 0
11517 0.175 1.775 0
11518 0.1875 1.775 0
11519 0.2 1.775 0
11520 0.2125 1.775 0
11521 0.225 1.775 0
11522 0.2375 1.775 0
11523 0.25 1.775 0
11524 0.2625 1.775 0
11525 0.275 1.775 0
11526 0.2875 1.775 0
11527 0.3 1.775 0
11528 0.3125 1.775 0
11529 0.325 1.775 0
11530 0.3375 1.775 0
11531 0.35 1.775 0
11532 0.3625 1.775 0
11533 0.375 1.775 0
11534 0.3875 1.775 0
11535 0.4 1.775 0
11536 0.4125 1.775 0
11537 0.425 1.775 0
11538 0.4375 1.775 0
11539 0.45 1.775 0
11540 0.4625 1.775 0
11541 0.475 1.775 0
11542 0.4875 1.775 0
11543 0.5 1.775 0
11544 0.5125 1.775 0
11545 0.525 1.775 0
11546 0.5375 1.775 0
11547 0.55 1.775 0
11548 0.5625 1.775 0
11549 0.575 1.775 0
11550 0.5875 1.775 0
11551 0.6 1.775 0
11552 0.6125 1.775 0
11553 0.625 1.775 0
11554 0.6375 1.775 0
11555 0.65 1.775 0
11556 0.6625 1.775 0
11557 0.675 1.775 0
11558 0.6875 1.775 0
11559 0.7 1.775 0
11560 0.7125 1.775 0
11561 0.725 1.775 0
11562 0.7375 1.775 0
11563 0.75 1.775 0
11564 0.7625 1.775 0
11565 0.775 1.775 0
11566 0.7875 1.775 0
11567 0.8 1.775 0
11568 0.8125 1.775 0
11569 0.825 1.775 0
11570 0.8375 1.775 0
11571 0.85 1.775 0
11572 0.8625 1.775 0
11573 0.875 1.775 0
11574 0.8875 1.775 0
11575 0.9 1.775 0
11576 0.9125 1.775 0
11577 0.925 1.775 0
11578 0.9375 1.775 0
11579 0.95 1.775 0
11580 0.9625 1.775 0
11581 0.975 1.775 0
11582 0.9875 1.775 0
11583 1 1.775 0
11584 0 1.7875 0
11585 0.0125 1.7875 0
11586 0.025 1.7875 0
11587 0.0375 1.7875 0
11588 0.05 1.7875 0
11589 0.0625 1.7875 0
11590 0.075 1.7875 0
11591 0.08749999999999999 1.7875 0
11592 0.1 1.7875 0
11593 0.1125 1.7875 0
11594 0.125 1.7875 0
11595 0.1375 1.7875 0
11596 0.15 1.7875 0
11597 0.1625 1.7875 0
11598 0.175 1.7875 0
11599 0.1875 1.7875 0
11600 0.2 1.7875 0
11601 0.2125 1.7875 0
11602 0.225 1.7875 0
11603 0.2375 1.7875 0
11604 0.25 1.7875 0
11605 0.2625 1.7875 0
11606 0.275 1.7875 0
11607 0.2875 1.7875 0
11608 0.3 1.7875 0
11609 0.3125 1.7875 0
11610 0.325 1.7875 0
11611 0.3375 1.7875 0
11612 0.35 1.7875 0
11613 0.3625 1.7875 0
11614 0.375 1.7875 0
11615 0.3875 1.7875 0
11616 0.4 1.7875 0
11617 0.4125 1.7875 0
11618 0.425 1.7875 0
11619 0.4375 1.7875 0
11620 0.45 1.7875 0
11621 0.4625 1.7875 0
11622 0.475 1.7875 0
11623 0.4875 1.7875 0
11624 0.5 1.7875 0
11625 0.5125 1.7875 0
11626 0.525 1.7875 0
11627 0.5375 1.7875 0
11628 0.55 1.7875 0
11629 0.5625 1.7875 0
11630 0.575 1.7875 0
11631 0.5875 1.7875 0
11632 0.6 1.7875 0
11633 0.6125 1.7875 0
11634 0.625 1.7875 0
11635 0.6375 1.7875 0
11636 0.65 1.7875 0
11637 0.6625 1.7875 0
11638 0.675 1.7875 0
11639 0.6875 1.7875 0
11640 0.7 1.7875 0
11641 0.7125 1.7875 0
11642 0.725 1.7875 0
11643 0.7375 1.7875 0
11644 0.75 1.7875 0
11645 0.7625 1.7875 0
11646 0.775 1.7875 0
11647 0.7875 1.7875 0
11648 0.8 1.7875 0
11649 0.8125 1.7875 0
11650 0.825 1.7875 0
11651 0.8375 1.7875 0
11652 0.85 1.7875 0
11653 0.8625 1.7875 0
11654 0.875 1.7875 0
11655 0.8875 1.7875 0
11656 0.9 1.7875 0
11657 0.9125 1.7875 0
11658 0.925 1.7875 0
11659 0.9375 1.7875 0
11660 0.95 1.7875 0
11661 0.9625 1.7875 0
11662 0.975 1.7875 0
11663 0.9875 1.7875 0
11664 1 1.7875 0
11665 0 1.8 0
11666 0.0125 1.8 0
11667 0.025 1.8 0
11668 0.0375 1.8 0
11669 0.05 1.8 0
11670 0.0625 1.8 0
11671 0.075 1.8 0
11672 0.08749999999999999 1.8 0
11673 0.1 1.8 0
11674 0.1125 1.8 0
11675 0.125 1.8 0
11676 0.1375 1.8 0
11677 0.15 1.8 0
11678 0.1625 1.8 0
11679 0.175 1.8 0
11680 0.1875 1.8 0
11681 0.2 1.8 0
11682 0.2125 1.8 0
11683 0.225 1.8 0
11684 0.2375 1.8 0
11685 0.25 1.8 0
11686 0.2625 1.8 0
11687 0.275 1.8 0
11688 0.2875 1.8 0
11689 0.3 1.8 0
11690 0.3125 1.8 0
11691 0.325 1.8 0
11692 0.3375 1.8 0
11693 0.35 1.8 0
11694 0.3625 1.8 0
11695 0.375 1.8 0
11696 0.3875 1.8 0
11697 0.4 1.8 0
11698 0.4125 1.8 0
11699 0.425 1.8 0
11700 0.4375 1.8 0
11701 0.45 1.8 0
11702 0.4625 1.8 0
11703 0.475 1.8 0
11704 0.4875 1.8 0
11705 0.5 1.8 0
11706 0.5125 1.8 0
11707 0.525 1.8 0
11708 0.5375 1.8 0
11709 0.55 1.8 0
11710 0.5625 1.8 0
11711 0.575 1.8 0
11712 0.5875 1.8 0
11713 0.6 1.8 0
11714 0.6125 1.8 0
11715 0.625 1.8 0
11716 0.6375 1.8 0
11717 0.65 1.8 0
11718 0.6625 1.8 0
11719 0.675 1.8 0
11720 0.6875 1.8 0
11721 0.7 1.8 0
11722 0.7125 1.8 0
11723 0.725 1.8 0
11724 0.7375 1.8 0
11725 0.75 1.8 0
11726 0.7625 1.8 0
11727 0.775 1.8 0
11728 0.7875 1.8 0
11729 0.8 1.8 0
11730 0.8125 1.8 0
11731 0.825 1.8 0
11732 0.8375 1.8 0
11733 0.85 1.8 0
11734 0.8625 1.8 0
11735 0.875 1.8 0
11736 0.8875 1.8 0
11737 0.9 1.8 0
11738 0.9125 1.8 0
11739 0.925 1.8 0
11740 0.9375 1.8 0
11741 0.95 1.8 0
11742 0.9625 1.8 0
11743 0.975 1.8 0
11744 0.9875 1.8 0
11745 1 1.8 0
11746 0 1.8125 0
11747 0.0125 1.8125 0
11748 0.025 1.8125 0
11749 0.0375 1.8125 0
11750 0.05 1.8125 0
11751 0.0625 1.8125 0
11752 0.075 1.8125 0
11753 0.08749999999999999 1.8125 0
11754 0.1 1.8125 0
11755 0.1125 1.8125 0
11756 0.125 1.8125 0
11757 0.1375 1.8125 0
11758 0.15 1.8125 0
11759 0.1625 1.8125 0
11760 0.175 1.8125 0
11761 0.1875 1.8125 0
11762 0.2 1.8125 0
11763 0.2125 1.8125 0
11764 0.225 1.8125 0
11765 0.2375 1.8125 0
11766 0.25 1.8125 0
11767 0.2625 1.8125 0
11768 0.275 1.8125 0
11769 0.2875 1.8125 0
11770 0.3 1.8125 0
11771 0.3125 1.8125 0
11772 0.325 1.8125 0
11773 0.3375 1.8125 0
11774 0.35 1.8125 0
11775 0.3625 1.8125 0
11776 0.375 1.8125 0
11777 0.3875 1.8125 0
11778 0.4 1.8125 0
11779 0.4125 1.8125 0
11780 0.425 1.8125 0
11781 0.4375 1.8125 0
11782 0.45 1.8125 0
11783 0.4625 1.8125 0
11784 0.475 1.8125 0
11785 0.4875 1.8125 0
11786 0.5 1.8125 0
11787 0.5125 1.8125 0
11788 0.525 1.8125 0
11789 0.5375 1.8125 0
11790 0.55 1.8125 0
11791 0.5625 1.8125 0
11792 0.575 1.8125 0
11793 0.5875 1.8125 0
11794 0.6 1.8125 0
11795 0.6125 1.8125 0
11796 0.625 1.8125 0
11797 0.6375 1.8125 0
11798 0.65 1.8125 0
11799 0.6625 1.8125 0
11800 0.675 1.8125 0
11801 0.6875 1.8125 0
11802 0.7 1.8125 0
11803 0.7125 1.8125 0
11804 0.725 1.8125 0
11805 0.7375 1.8125 0
11806 0.75 1.8125 0
11807 0.7625 1.8125 0
11808 0.775 1.8125 0
11809 0.7875 1.8125 0
11810 0.8 1.8125 0
11811 0.8125 1.8125 0
11812 0.825 1.8125 0
11813 0.8375 1.8125 0
11814 0.85 1.8125 0
11815 0.8625 1.8125 0
11816 0.875 1.8125 0
11817 0.8875 1.8125 0
11818 0.9 1.8125 0
11819 0.9125 1.8125 0
11820 0.925 1.8125 0
11821 0.9375 1.8125 0
11822 0.95 1.8125 0
11823 0.9625 1.8125 0
11824 0.975 1.8125 0
11825 0.9875 1.8125 0
11826 1 1.8125 0
11827 0 1.825 0
11828 0.0125 1.825 0
11829 0.025 1.825 0
11830 0.0375 1.825 0
11831 0.05 1.825 0
11832 0.0625 1.825 0
11833 0.075 1.825 0
11834 0.08749999999999999 1.825 0
11835 0.1 1.825 0
11836 0.1125 1.825 0
11837 0.125 1.825 0
11838 0.1375 1.825 0
11839 0.15 1.825 0
11840 0.1625 1.825 0
11841 0.175 1.825 0
11842 0.1875 1.825 0
11843 0.2 1.825 0
11844 0.2125 1.825 0
11845 0.225 1.825 0
11846 0.2375 1.825 0
11847 0.25 1.825 0
11848 0.2625 1.825 0
11849 0.275 1.825 0
11850 0.2875 1.825 0
11851 0.3 1.825 0
11852 0.3125 1.825 0
11853 0.325 1.825 0
11854 0.3375 1.825 0
11855 0.35 1.825 0
11856 0.3625 1.825 0
11857 0.375 1.825 0
11858 0.3875 1.825 0
11859 0.4 1.825 0
11860 0.4125 1.825 0
11861 0.425 1.825 0
11862 0.4375 1.825 0
11863 0.45 1.825 0
11864 0.4625 1.825 0
11865 0.475 1.825 0
11866 0.4875 1.825 0
11867 0.5 1.825 0
11868 0.5125 1.825 0
11869 0.525 1.825 0
11870 0.5375 1.825 0
11871 0.55 1.825 0
11872 0.5625 1.825 0
11873 0.575 1.825 0
11874 0.5875 1.825 0
11875 0.6 1.825 0
11876 0.6125 1.825 0
11877 0.625 1.825 0
11878 0.6375 1.825 0
11879 0.65 1.825 0
11880 0.6625 1.825 0
11881 0.675 1.825 0
11882 0.6875 1.825 0
11883 0.7 1.825 0
11884 0.7125 1.825 0
11885 0.725 1.825 0
11886 0.7375 1.825 0
11887 0.75 1.825 0
11888 0.7625 1.825 0
11889 0.775 1.825 0
11890 0.7875 1.825 0
11891 0.8 1.825 0
11892 0.8125 1.825 0
11893 0.825 1.825 0
11894 0.8375 1.825 0
11895 0.85 1.825 0
11896 0.8625 1.825 0
11897 0.875 1.825 0
11898 0.8875 1.825 0
11899 0.9 1.825 0
11900 0.9125 1.825 0
11901 0.925 1.825 0
11902 0.9375 1.825 0
11903 0.95 1.825 0
11904 0.9625 1.825 0
11905 0.975 1.825 0
11906 0.9875 1.825 0
11907 1 1.825 0
11908 0 1.8375 0
11909 0.0125 1.8375 0
11910 0.025 1.8375 0
11911 0.0375 1.8375 0
11912 0.05 1.8375 0
11913 0.0625 1.8375 0
11914 0.075 1.8375 0
11915 0.08749999999999999 1.8375 0
11916 0.1 1.8375 0
11917 0.1125 1.8375 0
11918 0.125 1.8375 0
11919 0.1375 1.8375 0
11920 0.15 1.8375 0
11921 0.1625 1.8375 0
11922 0.175 1.8375 0
11923 0.1875 1.8375 0
11924 0.2 1.8375 0
11925 0.2125 1.8375 0
11926 0.225 1.8375 0
11927 0.2375 1.8375 0
11928 0.25 1.8375 0
11929 0.2625 1.8375 0
11930 0.275 1.8375 0
11931 0.2875 1.8375 0
11932 0.3 1.8375 0
11933 0.3125 1.8375 0
11934 0.325 1.8375 0
11935 0.3375 1.8375 0
11936 0.35 1.8375 0
11937 0.3625 1.8375 0
11938 0.375 1.8375 0
11939 0.3875 1.8375 0
11940 0.4 1.8375 0
11941 0.4125 1.8375 0
11942 0.425 1.8375 0
11943 0.4375 1.8375 0
11944 0.45 1.8375 0
11945 0.4625 1.8375 0
11946 0.475 1.8375 0
11947 0.4875 1.8375 0
11948 0.5 1.8375 0
11949 0.5125 1.8375 0
11950 0.525 1.8375 0
11951 0.5375 1.8375 0
11952 0.55 1.8375 0
11953 0.5625 1.8375 0
11954 0.575 1.8375 0
11955 0.5875 1.8375 0
11956 0.6 1.8375 0
11957 0.6125 1.8375 0
11958 0.625 1.8375 0
11959 0.6375 1.8375 0
11960 0.65 1.8375 0
11961 0.6625 1.8375 0
11962 0.675 1.8375 0
11963 0.6875 1.8375 0
11964 0.7 1.8375 0
11965 0.7125 1.8375 0
11966 0.725 1.8375 0
11967 0.7375 1.8375 0
11968 0.75 1.8375 0
11969 0.7625 1.8375 0
11970 0.775 1.8375 0
11971 0.7875 1.8375 0
11972 0.8 1.8375 0
11973 0.8125 1.8375 0
11974 0.825 1.8375 0
11975 0.8375 1.8375 0
11976 0.85 1.8375 0
11977 0.8625 1.8375 0
11978 0.875 1.8375 0
11979 0.8875 1.8375 0
11980 0.9 1.8375 0
11981 0.9125 1.8375 0
11982 0.925 1.8375 0
11983 0.9375 1.8375 0
11984 0.95 1.8375 0
11985 0.9625 1.8375 0
11986 0.975 1.8375 0
11987 0.9875 1.8375 0
11988 1 1.8375 0
11989 0 1.85 0
11990 0.0125 1.85 0
11991 0.025 1.85 0
11992 0.0375 1.85 0
11993 0.05 1.85 0
11994 0.0625 1.85 0
11995 0.075 1.85 0
11996 0.08749999999999999 1.85 0
11997 0.1 1.85 0
11998 0.1125 1.85 0
11999 0.125 1.85 0
12000 0.1375 1.85 0
12001 0.15 1.85 0
12002 0.1625 1.85 0
12003 0.175 1.85 0
12004 0.1875 1.85 0
12005 0.2 1.85 0
12006 0.2125 1.85 0
12007 0.225 1.85 0
12008 0.2375 1.85 0
12009 0.25 1.85 0
12010 0.2625 1.85 0
12011 0.275 1.85 0
12012 0.2875 1.85 0
12013 0.3 1.85 0
12014 0.3125 1.85 0
12015 0.325 1.85 0
12016 0.3375 1.85 0
12017 0.35 1.85 0
12018 0.3625 1.85 0
12019 0.375 1.85 0
12020 0.3875 1.85 0
12021 0.4 1.85 0
12022 0.4125 1.85 0
12023 0.425 1.85 0
12024 0.4375 1.85 0
12025 0.45 1.85 0
12026 0.4625 1.85 0
12027 0.475 1.85 0
12028 0.4875 1.85 0
12029 0.5 1.85 0
12030 0.5125 1.85 0
12031 0.525 1.85 0
12032 0.5375 1.85 0
12033 0.55 1.85 0
12034 0.5625 1.85 0
12035 0.575 1.85 0
12036 0.5875 1.85 0
12037 0.6 1.85 0
12038 0.6125 1.85 0
12039 0.625 1.85 0
12040 0.6375 1.85 0
12041 0.65 1.85 0
12042 0.6625 1.85 0
12043 0.675 1.85 0
12044 0.6875 1.85 0
12045 0.7 1.85 0
12046 0.7125 1.85 0
12047 0.725 1.85 0
12048 0.7375 1.85 0
12049 0.75 1.85 0
12050 0.7625 1.85 0
12051 0.775 1.85 0
12052 0.7875 1.85 0
12053 0.8 1.85 0
12054 0.8125 1.85 0
12055 0.825 1.85 0
12056 0.8375 1.85 0
12057 0.85 1.85 0
12058 0.8625 1.85 0
12059 0.875 1.85 0
12060 0.8875 1.85 0
12061 0.9 1.85 0
12062 0.9125 1.85 0
12063 0.925 1.85 0
12064 0.9375 1.85 0
12065 0.95 1.85 0
12066 0.9625 1.85 0
12067 0.975 1.85 0
12068 0.9875 1.85 0
12069 1 1.85 0
12070 0 1.8625 0
12071 0.0125 1.8625 0
12072 0.025 1.8625 0
12073 0.0375 1.8625 0
12074 0.05 1.8625 0
12075 0.0625 1.8625 0
12076 0.075 1.8625 0
12077 0.08749999999999999 1.8625 0
12078 0.1 1.8625 0
12079 0.1125 1.8625 0
12080 0.125 1.8625 0
12081 0.1375 1.8625 0
12082 0.15 1.8625 0
12083 0.1625 1.8625 0
12084 0.175 1.8625 0
12085 0.1875 1.8625 0
12086 0.2 1.8625 0
12087 0.2125 1.8625 0
12088 0.225 1.8625 0
12089 0.2375 1.8625 0
12090 0.25 1.8625 0
12091 0.2625 1.8625 0
12092 0.275 1.8625 0
12093 0.2875 1.8625 0
12094 0.3 1.8625 0
12095 0.3125 1.8625 0
12096 0.325 1.8625 0
12097 0.3375 1.8625 0
12098 0.35 1.8625 0
12099 0.3625 1.8625 0
12100 0.375 1.8625 0
12101 0.3875 1.8625 0
12102 0.4 1.8625 0
12103 0.4125 1.8625 0
12104 0.425 1.8625 0
12105 0.4375 1.8625 0
12106 0.45 1.8625 0
12107 0.4625 1.8625 0
12108 0.475 1.8625 0
12109 0.4875 1.8625 0
12110 0.5 1.8625 0
12111 0.5125 1.8625 0
12112 0.525 1.8625 0
12113 0.5375 1.8625 0
12114 0.55 1.8625 0
12115 0.5625 1.8625 0
12116 0.575 1.8625 0
12117 0.5875 1.8625 0
12118 0.6 1.8625 0
12119 0.6125 1.8625 0
12120 0.625 1.8625 0
12121 0.6375 1.8625 0
12122 0.65 1.8625 0
12123 0.6625 1.8625 0
12124 0.675 1.8625 0
12125 0.6875 1.8625 0
12126 0.7 1.8625 0
12127 0.7125 1.8625 0
12128 0.725 1.8625 0
12129 0.7375 1.8625 0
12130 0.75 1.8625 0
12131 0.7625 1.8625 0
12132 0.775 1.8625 0
12133 0.7875 1.8625 0
12134 0.8 1.8625 0
12135 0.8125 1.8625 0
12136 0.825 1.8625 0
12137 0.8375 1.8625 0
12138 0.85 1.8625 0
12139 0.8625 1.8625 0
12140 0.875 1.8625 0
12141 0.8875 1.8625 0
12142 0.9 1.8625 0
12143 0.9125 1.8625 0
12144 0.925 1.8625 0
12145 0.9375 1.8625 0
12146 0.95 1.8625 0
12147 0.9625 1.8625 0
12148 0.975 1.8625 0
12149 0.9875 1.8625 0
12150 1 1.8625 0
12151 0 1.875 0
12152 0.0125 1.875 0
12153 0.025 1.875 0
12154 0.0375 1.875 0
12155 0.05 1.875 0
12156 0.0625 1.875 0
12157 0.075 1.875 0
12158 0.08749999999999999 1.875 0
12159 0.1 1.875 0
12160 0.1125 1.875 0
12161 0.125 1.875 0
12162 0.1375 1.875 0
12163 0.15 1.875 0
12164 0.1625 1.875 0
12165 0.175 1.875 0
12166 0.1875 1.875 0
12167 0.2 1.875 0
12168 0.2125 1.875 0
12169 0.225 1.875 0
12170 0.2375 1.875 0
12171 0.25 1.875 0
12172 0.2625 1.875 0
12173 0.275 1.875 0
12174 0.2875 1.875 0
12175 0.3 1.875 0
12176 0.3125 1.875 0
12177 0.325 1.875 0
12178 0.3375 1.875 0
12179 0.35 1.875 0
12180 0.3625 1.875 0
12181 0.375 1.875 0
12182 0.3875 1.875 0
12183 0.4 1.875 0
12184 0.4125 1.875 0
12185 0.425 1.875 0
12186 0.4375 1.875 0
12187 0.45 1.875 0
12188 0.4625 1.875 0
12189 0.475 1.875 0
12190 0.4875 1.875 0
12191 0.5 1.875 0
12192 0.5125 1.875 0
12193 0.525 1.875 0
12194 0.5375 1.875 0
12195 0.55 1.875 0
12196 0.5625 1.875 0
12197 0.575 1.875 0
12198 0.5875 1.875 0
12199 0.6 1.875 0
12200 0.6125 1.875 0
12201 0.625 1.875 0
12202 0.6375 1.875 0
12203 0.65 1.875 0
12204 0.6625 1.875 0
12205 0.675 1.875 0
12206 0.6875 1.875 0
12207 0.7 1.875 0
12208 0.7125 1.875 0
12209 0.725 1.875 0
12210 0.7375 1.875 0
12211 0.75 1.875 0
12212 0.7625 1.875 0
12213 0.775 1.875 0
12214 0.7875 1.875 0
12215 0.8 1.875 0
12216 0.8125 1.875 0
12217 0.825 1.875 0
12218 0.8375 1.875 0
12219 0.85 1.875 0
12220 0.8625 1.875 0
12221 0.875 1.875 0
12222 0.8875 1.875 0
12223 0.9 1.875 0
12224 0.9125 1.875 0
12225 0.925 1.875 0
12226 0.9375 1.875 0
12227 0.95 1.875 0
12228 0.9625 1.875 0
12229 0.975 1.875 0
12230 0.9875 1.875 0
12231 1 1.875 0
12232 0 1.8875 0
12233 0.0125 1.8875 0
12234 0.025 1.8875 0
12235 0.0375 1.8875 0
12236 0.05 1.8875 0
12237 0.0625 1.8875 0
12238 0.075 1.8875 0
12239 0.08749999999999999 1.8875 0
12240 0.1 1.8875 0
12241 0.1125 1.8875 0
12242 0.125 1.8875 0
12243 0.1375 1.8875 0
12244 0.15 1.8875 0
12245 0.1625 1.8875 0
12246 0.175 1.8875 0
12247 0.1875 1.8875 0
12248 0.2 1.8875 0
12249 0.2125 1.8875 0
12250 0.225 1.8875 0
12251 0.2375 1.8875 0
12252 0.25 1.8875 0
12253 0.2625 1.8875 0
12254 0.275 1.8875 0
12255 0.2875 1.8875 0
12256 0.3 1.8875 0
12257 0.3125 1.8875 0
12258 0.325 1.8875 0
12259 0.3375 1.8875 0
12260 0.35 1.8875 0
12261 0.3625 1.8875 0
12262 0.375 1.8875 0
12263 0.3875 1.8875 0
12264 0.4 1.8875 0
12265 0.4125 1.8875 0
12266 0.425 1.8875 0
12267 0.4375 1.8875 0
12268 0.45 1.8875 0
12269 0.4625 1.8875 0
12270 0.475 1.8875 0
12271 0.4875 1.8875 0
12272 0.5 1.8875 0
12273 0.5125 1.8875 0
12274 0.525 1.8875 0
12275 0.5375 1.8875 0
12276 0.55 1.8875 0
12277 0.5625 1.8875 0
12278 0.575 1.8875 0
12279 0.5875 1.8875 0
12280 0.6 1.8875 0
12281 0.6125 1.8875 0
12282 0.625 1.8875 0
12283 0.6375 1.8875 0
12284 0.65 1.8875 0
12285 0.6625 1.8875 0
12286 0.675 1.8875 0
12287 0.6875 1.8875 0
12288 0.7 1.8875 0
12289 0.7125 1.8875 0
12290 0.725 1.8875 0
12291 0.7375 1.8875 0
12292 0.75 1.8875 0
12293 0.7625 1.8875 0
12294 0.775 1.8875 0
12295 0.7875 1.8875 0
12296 0.8 1.8875 0
12297 0.8125 1.8875 0
12298 0.825 1.8875 0
12299 0.8375 1.8875 0
12300 0.85 1.8875 0
12301 0.8625 1.8875 0
12302 0.875 1.8875 0
12303 0.8875 1.8875 0
12304 0.9 1.8875 0
12305 0.9125 1.8875 0
12306 0.925 1.8875 0
12307 0.9375 1.8875 0
12308 0.95 1.8875 0
12309 0.9625 1.8875 0
12310 0.975 1.8875 0
12311 0.9875 1.8875 0
12312 1 1.8875 0
12313 0 1.9 0
12314 0.0125 1.9 0
12315 0.025 1.9 0
12316 0.0375 1.9 0
12317 0.05 1.9 0
12318 0.0625 1.9 0
12319 0.075 1.9 0
12320 0.08749999999999999 1.9 0
12321 0.1 1.9 0
12322 0.1125 1.9 0
12323 0.125 1.9 0
12324 0.1375 1.9 0
12325 0.15 1.9 0
12326 0.1625 1.9 0
12327 0.175 1.9 0
12328 0.1875 1.9 0
12329 0.2 1.9 0
12330 0.2125 1.9 0
12331 0.225 1.9 0
12332 0.2375 1.9 0
12333 0.25 1.9 0
12334 0.2625 1.9 0
12335 0.275 1.9 0
12336 0.2875 1.9 0
12337 0.3 1.9 0
12338 0.3125 1.9 0
12339 0.325 1.9 0
12340 0.3375 1.9 0
12341 0.35 1.9 0
12342 0.3625 1.9 0
12343 0.375 1.9 0
12344 0.3875 1.9 0
12345 0.4 1.9 0
12346 0.4125 1.9 0
12347 0.425 1.9 0
12348 0.4375 1.9 0
12349 0.45 1.9 0
12350 0.4625 1.9 0
12351 0.475 1.9 0
12352 0.4875 1.9 0
12353 0.5 1.9 0
12354 0.5125 1.9 0
12355 0.525 1.9 0
12356 0.5375 1.9 0
12357 0.55 1.9 0
12358 0.5625 1.9 0
12359 0.575 1.9 0
12360 0.5875 1.9 0
12361 0.6 1.9 0
12362 0.6125 1.9 0
12363 0.625 1.9 0
12364 0.6375 1.9 0
12365 0.65 1.9 0
12366 0.6625 1.9 0
12367 0.675 1.9 0
12368 0.6875 1.9 0
12369 0.7 1.9 0
12370 0.7125 1.9 0
12371 0.725 1.9 0
12372 0.7375 1.9 0
12373 0.75 1.9 0
12374 0.7625 1.9 0
12375 0.775 1.9 0
12376 0.7875 1.9 0
12377 0.8 1.9 0
12378 0.8125 1.9 0
12379 0.825 1.9 0
12380 0.8375 1.9 0
12381 0.85 1.9 0
12382 0.8625 1.9 0
12383 0.875 1.9 0
12384 0.8875 1.9 0
12385 0.9 1.9 0
12386 0.9125 1.9 0
12387 0.925 1.9 0
12388 0.9375 1.9 0
12389 0.95 1.9 0
12390 0.9625 1.9 0
12391 0.975 1.9 0
12392 0.9875 1.9 0
12393 1 1.9 0
12394 0 1.9125 0
12395 0.0125 1.9125 0
12396 0.025 1.9125 0
12397 0.0375 1.9125 0
12398 0.05 1.9125 0
12399 0.0625 1.9125 0
12400 0.075 1.9125 0
12401 0.08749999999999999 1.9125 0
12402 0.1 1.9125 0
12403 0.1125 1.9125 0
12404 0.125 1.9125 0
12405 0.1375 1.9125 0
12406 0.15 1.9125 0
12407 0.1625 1.9125 0
12408 0.175 1.9125 0
12409 0.1875 1.9125 0
12410 0.2 1.9125 0
12411 0.2125 1.9125 0
12412 0.225 1.9125 0
12413 0.2375 1.9125 0
12414 0.25 1.9125 0
12415 0.2625 1.9125 0
12416 0.275 1.9125 0
12417 0.2875 1.9125 0
12418 0.3 1.9125 0
12419 0.3125 1.9125 0
12420 0.325 1.9125 0
12421 0.3375 1.9125 0
12422 0.35 1.9125 0
12423 0.3625 1.9125 0
12424 0.375 1.9125 0
12425 0.3875 1.9125 0
12426 0.4 1.9125 0
12427 0.4125 1.9125 0
12428 0.425 1.9125 0
12429 0.4375 1.9125 0
12430 0.45 1.9125 0
12431 0.4625 1.9125 0
12432 0.475 1.9125 0
12433 0.4875 1.9125 0
12434 0.5 1.9125 0
12435 0.5125 1.9125 0
12436 0.525 1.9125 0
12437 0.5375 1.9125 0
12438 0.55 1.9125 0
12439 0.5625 1.9125 0
12440 0.575 1.9125 0
12441 0.5875 1.9125 0
12442 0.6 1.9125 0
12443 0.6125 1.9125 0
12444 0.625 1.9125 0
12445 0.6375 1.9125 0
12446 0.65 1.9125 0
12447 0.6625 1.9125 0
12448 0.675 1.9125 0
12449 0.6875 1.9125 0
12450 0.7 1.9125 0
12451 0.7125 1.9125 0
12452 0.725 1.9125 0
12453 0.7375 1.9125 0
12454 0.75 1.9125 0
12455 0.7625 1.9125 0
12456 0.775 1.9125 0
12457 0.7875 1.9125 0
12458 0.8 1.9125 0
12459 0.8125 1.9125 0
12460 0.825 1.9125 0
12461 0.8375 1.9125 0
12462 0.85 1.9125 0
12463 0.8625 1.9125 0
12464 0.875 1.9125 0
12465 0.8875 1.9125 0
12466 0.9 1.9125 0
12467 0.9125 1.9125 0
12468 0.925 1.9125 0
12469 0.9375 1.9125 0
12470 0.95 1.9125 0
12471 0.9625 1.9125 0
12472 0.975 1.9125 0
12473 0.9875 1.9125 0
12474 1 1.9125 0
12475 0 1.925 0
12476 0.0125 1.925 0
12477 0.025 1.925 0
12478 0.0375 1.925 0
12479 0.05 1.925 0
12480 0.0625 1.925 0
12481 0.075 1.925 0
12482 0.08749999999999999 1.925 0
12483 0.1 1.925 0
12484 0.1125 1.925 0
12485 0.125 1.925 0
12486 0.1375 1.925 0
12487 0.15 1.925 0
12488 0.1625 1.925 0
12489 0.175 1.925 0
12490 0.1875 1.925 0
12491 0.2 1.925 0
12492 0.2125 1.925 0
12493 0.225 1.925 0
12494 0.2375 1.925 0
12495 0.25 1.925 0
12496 0.2625 1.925 0
12497 0.275 1.925 0
12498 0.2875 1.925 0
12499 0.3 1.925 0
12500 0.3125 1.925 0
12501 0.325 1.925 0
12502 0.3375 1.925 0
12503 0.35 1.925 0
12504 0.3625 1.925 0
12505 0.375 1.925 0
12506 0.3875 1.925 0
12507 0.4 1.925 0
12508 0.4125 1.925 0
12509 0.425 1.925 0
12510 0.4375 1.925 0
12511 0.45 1.925 0
12512 0.4625 1.925 0
12513 0.475 1.925 0
12514 0.4875 1.925 0
12515 0.5 1.925 0
12516 0.5125 1.925 0
12517 0.525 1.925 0
12518 0.5375 1.925 0
12519 0.55 1.925 0
12520 0.5625 1.925 0
12521 0.575 1.925 0
12522 0.5875 1.925 0
12523 0.6 1.925 0
12524 0.6125 1.925 0
12525 0.625 1.925 0
12526 0.6375 1.925 0
12527 0.65 1.925 0
12528 0.6625 1.925 0
12529 0.675 1.925 0
12530 0.6875 1.925 0
12531 0.7 1.925 0
12532 0.7125 1.925 0
12533 0.725 1.925 0
12534 0.7375 1.925 0
12535 0.75 1.925 0
12536 0.7625 1.925 0
12537 0.775 1.925 0
12538 0.7875 1.925 0
12539 0.8 1.925 0
12540 0.8125 1.925 0
12541 0.825 1.925 0
12542 0.8375 1.925 0
12543 0.85 1.925 0
12544 0.8625 1.925 0
12545 0.875 1.925 0
12546 0.8875 1.925 0
12547 0.9 1.925 0
12548 0.9125 1.925 0
12549 0.925 1.925 0
12550 0.9375 1.925 0
12551 0.95 1.925 0
12552 0.9625 1.925 0
12553 0.975 1.925 0
12554 0.9875 1.925 0
12555 1 1.925 0
12556 0 1.9375 0
12557 0.0125 1.9375 0
12558 0.025 1.9375 0
12559 0.0375 1.9375 0
12560 0.05 1.9375 0
12561 0.0625 1.9375 0
12562 0.075 1.9375 0
12563 0.08749999999999999 1.9375 0
12564 0.1 1.9375 0
12565 0.1125 1.9375 0
12566 0.125 1.9375 0
12567 0.1375 1.9375 0
12568 0.15 1.9375 0
12569 0.1625 1.9375 0
12570 0.175 1.9375 0
12571 0.1875 1.9375 0
12572 0.2 1.9375 0
12573 0.2125 1.9375 0
12574 0.225 1.9375 0
12575 0.2375 1.9375 0
12576 0.25 1.9375 0
12577 0.2625 1.9375 0
12578 0.275 1.9375 0
12579 0.2875 1.9375 0
12580 0.3 1.9375 0
12581 0.3125 1.9375 0
12582 0.325 1.9375 0
12583 0.3375 1.9375 0
12584 0.35 1.9375 0
12585 0.3625 1.9375 0
12586 0.375 1.9375 0
12587 0.3875 1.9375 0
12588 0.4 1.9375 0
12589 0.4125 1.9375 0
12590 0.425 1.9375 0
12591 0.4375 1.9375 0
12592 0.45 1.9375 0
12593 0.4625 1.9375 0
12594 0.475 1.9375 0
12595 0.4875 1.9375 0
12596 0.5 1.9375 0
12597 0.5125 1.9375 0
12598 0.525 1.9375 0
12599 0.5375 1.9375 0
12600 0.55 1.9375 0
12601 0.5625 1.9375 0
12602 0.575 1.9375 0
12603 0.5875 1.9375 0
12604 0.6 1.9375 0
12605 0.6125 1.9375 0
12606 0.625 1.9375 0
12607 0.6375 1.9375 0
12608 0.65 1.9375 0
12609 0.6625 1.9375 0
12610 0.675 1.9375 0
12611 0.6875 1.9375 0
12612 0.7 1.9375 0
12613 0.7125 1.9375 0
12614 0.725 1.9375 0
12615 0.7375 1.9375 0
12616 0.75 1.9375 0
12617 0.7625 1.9375 0
12618 0.775 1.9375 0
12619 0.7875 1.9375 0
12620 0.8 1.9375 0
12621 0.8125 1.9375 0
12622 0.825 1.9375 0
12623 0.8375 1.9375 0
12624 0.85 1.9375 0
12625 0.8625 1.9375 0
12626 0.875 1.9375 0
12627 0.8875 1.9375 0
12628 0.9 1.9375 0
12629 0.9125 1.9375 0
12630 0.925 1.9375 0
12631 0.9375 1.9375 0
12632 0.95 1.9375 0
12633 0.9625 1.9375 0
12634 0.975 1.9375 0
12635 0.9875 1.9375 0
12636 1 1.9375 0
12637 0 1.95 0
12638 0.0125 1.95 0
12639 0.025 1.95 0
12640 0.0375 1.95 0
12641 0.05 1.95 0
12642 0.0625 1.95 0
12643 0.075 1.95 0
12644 0.08749999999999999 1.95 0
12645 0.1 1.95 0
12646 0.1125 1.95 0
12647 0.125 1.95 0
12648 0.1375 1.95 0
12649 0.15 1.95 0
12650 0.1625 1.95 0
12651 0.175 1.95 0
12652 0.1875 1.95 0
12653 0.2 1.95 0
12654 0.2125 1.95 0
12655 0.225 1.95 0
12656 0.2375 1.95 0
12657 0.25 1.95 0
12658 0.2625 1.95 0
12659 0.275 1.95 0
12660 0.2875 1.95 0
12661 0.3 1.95 0
12662 0.3125 1.95 0
12663 0.325 1.95 0
12664 0.3375 1.95 0
12665 0.35 1.95 0
12666 0.3625 1.95 0
12667 0.375 1.95 0
12668 0.3875 1.95 0
12669 0.4 1.95 0
12670 0.4125 1.95 0
12671 0.425 1.95 0
12672 0.4375 1.95 0
12673 0.45 1.95 0
12674 0.4625 1.95 0
12675 0.475 1.95 0
12676 0.4875 1.95 0
12677 0.5 1.95 0
12678 0.5125 1.95 0
12679 0.525 1.95 0
12680 0.5375 1.95 0
12681 0.55 1.95 0
12682 0.5625 1.95 0
12683 0.575 1.95 0
12684 0.5875 1.95 0
12685 0.6 1.95 0
12686 0.6125 1.95 0
12687 0.625 1.95 0
12688 0.6375 1.95 0
12689 0.65 1.95 0
12690 0.6625 1.95 0
12691 0.675 1.95 0
12692 0.6875 1.95 0
12693 0.7 1.95 0
12694 0.7125 1.95 0
12695 0.725 1.95 0
12696 0.7375 1.95 0
12697 0.75 1.95 0
12698 0.7625 1.95 0
12699 0.775 1.95 0
12700 0.7875 1.95 0
12701 0.8 1.95 0
12702 0.8125 1.95 0
12703 0.825 1.95 0
12704 0.8375 1.95 0
12705 0.85 1.95 0
12706 0.8625 1.95 0
12707 0.875 1.95 0
12708 0.8875 1.95 0
12709 0.9 1.95 0
12710 0.9125 1.95 0
12711 0.925 1.95 0
12712 0.9375 1.95 0
12713 0.95 1.95 0
12714 0.9625 1.95 0
12715 0.975 1.95 0
12716 0.9875 1.95 0
12717 1 1.95 0
12718 0 1.9625 0
12719 0.0125 1.9625 0
12720 0.025 1.9625 0
12721 0.0375 1.9625 0
12722 0.05 1.9625 0
12723 0.0625 1.9625 0
12724 0.075 1.9625 0
12725 0.08749999999999999 1.9625 0
12726 0.1 1.9625 0
12727 0.1125 1.9625 0
12728 0.125 1.9625 0
12729 0.1375 1.9625 0
12730 0.15 1.9625 0
12731 0.1625 1.9625 0
12732 0.175 1.9625 0
12733 0.1875 1.9625 0
12734 0.2 1.9625 0
12735 0.2125 1.9625 0
12736 0.225 1.9625 0
12737 0.2375 1.9625 0
12738 0.25 1.9625 0
12739 0.2625 1.9625 0
12740 0.275 1.9625 0
12741 0.2875 1.9625 0
12742 0.3 1.9625 0
12743 0.3125 1.9625 0
12744 0.325 1.9625 0
12745 0.3375 1.9625 0
12746 0.35 1.9625 0
12747 0.3625 1.9625 0
12748 0.375 1.9625 0
12749 0.3875 1.9625 0
12750 0.4 1.9625 0
12751 0.4125 1.9625 0
12752 0.425 1.9625 0
12753 0.4375 1.9625 0
12754 0.45 1.9625 0
12755 0.4625 1.9625 0
12756 0.475 1.9625 0
12757 0.4875 1.9625 0
12758 0.5 1.9625 0
12759 0.5125 1.9625 0
12760 0.525 1.9625 0
12761 0.5375 1.9625 0
12762 0.55 1.9625 0
12763 0.5625 1.9625 0
12764 0.575 1.9625 0
12765 0.5875 1.9625 0
12766 0.6 1.9625 0
12767 0.6125 1.9625 0
12768 0.625 1.9625 0
12769 0.6375 1.9625 0
12770 0.65 1.9625 0
12771 0.6625 1.9625 0
12772 0.675 1.9625 0
12773 0.6875 1.9625 0
12774 0.7 1.9625 0
12775 0.7125 1.9625 0
12776 0.725 1.9625 0
12777 0.7375 1.9625 0
12778 0.75 1.9625 0
12779 0.7625 1.9625 0
12780 0.775 1.9625 0
12781 0.7875 1.9625 0
12782 0.8 1.9625 0
12783 0.8125 1.9625 0
12784 0.825 1.9625 0
12785 0.8375 1.9625 0
12786 0.85 1.9625 0
12787 0.8625 1.9625 0
12788 0.875 1.9625 0
12789 0.8875 1.9625 0
12790 0.9 1.9625 0
12791 0.9125 1.9625 0
12792 0.925 1.9625 0
12793 0.9375 1.9625 0
12794 0.95 1.9625 0
12795 0.9625 1.9625 0
12796 0.975 1.9625 0
12797 0.9875 1.9625 0
12798 1 1.9625 0
12799 0 1.975 0
12800 0.0125 1.975 0
12801 0.025 1.975 0
12802 0.0375 1.975 0
12803 0.05 1.975 0
12804 0.0625 1.975 0
12805 0.075 1.975 0
12806 0.08749999999999999 1.975 0
12807 0.1 1.975 0
12808 0.1125 1.975 0
12809 0.125 1.975 0
12810 0.1375 1.975 0
12811 0.15 1.975 0
12812 0.1625 1.975 0
12813 0.175 1.975 0
12814 0.1875 1.975 0
12815 0.2 1.975 0
12816 0.2125 1.975 0
12817 0.225 1.975 0
12818 0.2375 1.975 0
12819 0.25 1.975 0
12820 0.2625 1.975 0
12821 0.275 1.975 0
12822 0.2875 1.975 0
12823 0.3 1.975 0
12824 0.3125 1.975 0
12825 0.325 1.975 0
12826 0.3375 1.975 0
12827 0.35 1.975 0
12828 0.3625 1.975 0
12829 0.375 1.975 0
12830 0.3875 1.975 0
12831 0.4 1.975 0
12832 0.4125 1.975 0
12833 0.425 1.975 0
12834 0.4375 1.975 0
12835 0.45 1.975 0
12836 0.4625 1.975 0
12837 0.475 1.975 0
12838 0.4875 1.975 0
12839 0.5 1.975 0
12840 0.5125 1.975 0
12841 0.525 1.975 0
12842 0.5375 1.975 0
12843 0.55 1.975 0
12844 0.5625 1.975 0
12845 0.575 1.975 0
12846 0.5875 1.975 0
12847 0.6 1.975 0
12848 0.6125 1.975 0
12849 0.625 1.975 0
12850 0.6375 1.975 0
12851 0.65 1.975 0
12852 0.6625 1.975 0
12853 0.675 1.975 0
12854 0.6875 1.975 0
12855 0.7 1.975 0
12856 0.7125 1.975 0
12857 0.725 1.975 0
12858 0.7375 1.975 0
12859 0.75 1.975 0
12860 0.7625 1.975 0
12861 0.775 1.975 0
12862 0.7875 1.975 0
12863 0.8 1.975 0
12864 0.8125 1.975 0
12865 0.825 1.975 0
12866 0.8375 1.975 0
12867 0.85 1.975 0
12868 0.8625 1.975 0
12869 0.875 1.975 0
12870 0.8875 1.975 0
12871 0.9 1.975 0
12872 0.9125 1.975 0
12873 0.925 1.975 0
12874 0.9375 1.975 0
12875 0.95 1.975 0
12876 0.9625 1.975 0
12877 0.975 1.975 0
12878 0.9875 1.975 0
12879 1 1.975 0
12880 0 1.9875 0
12881 0.0125 1.9875 0
12882 0.025 1.9875 0
12883 0.0375 1.9875 0
12884 0.05 1.9875 0
12885 0.0625 1.9875 0
12886 0.075 1.9875 0
12887 0.08749999999999999 1.9875 0
12888 0.1 1.9875 0
12889 0.1125 1.9875 0
12890 0.125 1.9875 0
12891 0.1375 1.9875 0
12892 0.15 1.9875 0
12893 0.1625 1.9875 0
12894 0.175 1.9875 0
12895 0.1875 1.9875 0
12896 0.2 1.9875 0
12897 0.2125 1.9875 0
12898 0.225 1.9875 0
12899 0.2375 1.9875 0
12900 0.25 1.9875 0
12901 0.2625 1.9875 0
12902 0.275 1.9875 0
12903 0.2875 1.9875 0
12904 0.3 1.9875 0
12905 0.3125 1.9875 0
12906 0.325 1.9875 0
12907 0.3375 1.9875 0
12908 0.35 1.9875 0
12909 0.3625 1.9875 0
12910 0.375 1.9875 0
12911 0.3875 1.9875 0
12912 0.4 1.9875 0
12913 0.4125 1.9875 0
12914 0.425 1.9875 0
12915 0.4375 1.9875 0
12916 0.45 1.9875 0
12917 0.4625 1.9875 0
12918 0.475 1.9875 0
12919 0.4875 1.9875 0
12920 0.5 1.9875 0
12921 0.5125 1.9875 0
12922 0.525 1.9875 0
12923 0.5375 1.9875 0
12924 0.55 1.9875 0
12925 0.5625 1.9875 0
12926 0.575 1.9875 0
12927 0.5875 1.9875 0
12928 0.6 1.9875 0
12929 0.6125 1.9875 0
12930 0.625 1.9875 0
12931 0.6375 1.9875 0
12932 0.65 1.9875 0
12933 0.6625 1.9875 0
12934 0.675 1.9875 0
12935 0.6875 1.9875 0
12936 0.7 1.9875 0
12937 0.7125 1.9875 0
12938 0.725 1.9875 0
12939 0.7375 1.9875 0
12940 0.75 1.9875 0
12941 0.7625 1.9875 0
12942 0.775 1.9875 0
12943 0.7875 1.9875 0
12944 0.8 1.9875 0
12945 0.8125 1.9875 0
12946 0.825 1.9875 0
12947 0.8375 1.9875 0
12948 0.85 1.9875 0
12949 0.8625 1.9875 0
12950 0.875 1.9875 0
12951 0.8875 1.9875 0
12952 0.9 1.9875 0
12953 0.9125 1.9875 0
12954 0.925 1.9875 0
12955 0.9375 1.9875 0
12956 0.95 1.9875 0
12957 0.9625 1.9875 0
12958 0.975 1.9875 0
12959 0.9875 1.9875 0
12960 1 1.9875 0
12961 0 2 0
12962 0.0125 2 0
12963 0.025 2 0
12964 0.0375 2 0
12965 0.05 2 0
12966 0.0625 2 0
12967 0.075 2 0
12968 0.08749999999999999 2 0
12969 0.1 2 0
12970 0.1125 2 0
12971 0.125 2 0
12972 0.1375 2 0
12973 0.15 2 0
12974 0.1625 2 0
12975 0.175 2 0
12976 0.1875 2 0
12977 0.2 2 0
12978 0.2125 2 0
12979 0.225 2 0
12980 0.2375 2 0
12981 0.25 2 0
12982 0.2625 2 0
12983 0.275 2 0
12984 0.2875 2 0
12985 0.3 2 0
12986 0.3125 2 0
12987 0.325 2 0
12988 0.3375 2 0
12989 0.35 2 0
12990 0.3625 2 0
12991 0.375 2 0
12992 0.3875 2 0
12993 0.4 2 0
12994 0.4125 2 0
12995 0.425 2 0
12996 0.4375 2 0
12997 0.45 2 0
12998 0.4625 2 0
12999 0.475 2 0
13000 0.4875 2 0
13001 0.5 2 0
13002 0.5125 2 0
13003 0.525 2 0
13004 0.5375 2 0
13005 0.55 2 0
13006 0.5625 2 0
13007 0.575 2 0
13008 0.5875 2 0
13009 0.6 2 0
13010 0.6125 2 0
13011 0.625 2 0
13012 0.6375 2 0
13013 0.65 2 0
13014 0.6625 2 0
13015 0.675 2 0
13016 0.6875 2 0
13017 0.7 2 0
13018 0.7125 2 0
13019 0.725 2 0
13020 0.7375 2 0
13021 0.75 2 0
13022 0.7625 2 0
13023 0.775 2 0
13024 0.7875 2 0
13025 0.8 2 0
13026 0.8125 2 0
13027 0.825 2 0
13028 0.8375 2 0
13029 0.85 2 0
13030 0.8625 2 0
13031 0.875 2 0
13032 0.8875 2 0
13033 0.9 2 0
13034 0.9125 2 0
13035 0.925 2 0
13036 0.9375 2 0
13037 0.95 2 0
13038 0.9625 2 0
13039 0.975 2 0
13040 0.9875 2 0
13041 1 2 0
$EndNodes
$Elements
13280
1 1 2 1 1 1 2
2 1 2 1 1 2 3
3 1 2 1 1 3 4
4 1 2 1 1 4 5
5 1 2 1 1 5 6
6 1 2 1 1 6 7
7 1 2 1 1 7 8
8 1 2 1 1 8 9
9 1 2 1 1 9 10
10 1 2 1 1 10 11
11 1 2 1 1 11 12
12 1 2 1 1 12 13
13 1 2 1 1 13 14
14 1 2 1 1 14 15
15 1 2 1 1 15 16
16 1 2 1 1 16 17
17 1 2 1 1 17 18
18 1 2 1 1 18 19
19 1 2 1 1 19 20
20 1 2 1 1 20 21
21 1 2 1 1 21 22
22 1 2 1 1 22 23
23 1 2 1 1 23 24
24 1 2 1 1 24 25
25 1 2 1 1 25 26
26 1 2 1 1 26 27
27 1 2 1 1 27 28
28 1 2 1 1 28 29
29 1 2 1 1 29 30
30 1 2 1 1 30 31
31 1 2 1 1 31 32
32 1 2 1 1 32 33
33 1 2 1 1 33 34
34 1 2 1 1 34 35
35 1 2 1 1 35 36
36 1 2 1 1 36 37
37 1 2 1 1 37 38
38 1 2 1 1 38 39
39 1 2 1 1 39 40
40 1 2 1 1 40 41
41 1 2 1 1 41 42
42 1 2 1 1 42 43
43 1 2 1 1 43 44
44 1 2 1 1 44 45
45 1 2 1 1 45 46
46 1 2 1 1 46 47
47 1 2 1 1 47 48
48 1 2 1 1 48 49
49 1 2 1 1 49 50
50 1 2 1 1 50 51
51 1 2 1 1 51 52
52 1 2 1 1 52 53
53 1 2 1 1 53 54
54 1 2 1 1 54 55
55 1 2 1 1 55 56
56 1 2 1 1 56 57
57 1 2 1 1 57 58
58 1 2 1 1 58 59
59 1 2 1 1 59 60
60 1 2 1 1 60 61
61 1 2 1 1 61 62
62 1 2 1 1 62 63
63 1 2 1 1 63 64
64 1 2 1 1 64 65
65 1 2 1 1 65 66
66 1 2 1 1 66 67
67 1 2 1 1 67 68
68 1 2 1 1 68 69
69 1 2 1 1 69 70
70 1 2 1 1 70 71
71 1 2 1 1 71 72
72 1 2 1 1 72 73
73 1 2 1 1 73 74
74 1 2 1 1 74 75
75 1 2 1 1 75 76
76 1 2 1 1 76 77
77 1 2 1 1 77 78
78 1 2 1 1 78 79
79 1 2 1 1 79 80
80 1 2 1 1 80 81
81 1 2 4 1 81 162
82 1 2 4 1 162 243
83 1 2 4 1 243 324
84 1 2 4 1 324 405
85 1 2 4 1 405 486
86 1 2 4 1 486 567
87 1 2 4 1 567 648
88 1 2 4 1 648 729
89 1 2 4 1 729 810
90 1 2 4 1 810 891
91 1 2 4 1 891 972
92 1 2 4 1 972 1053
93 1 2 4 1 1053 1134
94 1 2 4 1 1134 1215
95 1 2 4 1 1215 1296
96 1 2 4 1 1296 1377
97 1 2 4 1 1377 1458
98 1 2 4 1 1458 1539
99 1 2 4 1 1539 1620
100 1 2 4 1 1620 1701
101 1 2 4 1 1701 1782
102 1 2 4 1 1782 1863
103 1 2 4 1 1863 1944
104 1 2 4 1 1944 2025
105 1 2 4 1 2025 2106
106 1 2 4 1 2106 2187
107 1 2 4 1 2187 2268
108 1 2 4 1 2268 2349
109 1 2 4 1 2349 2430
110 1 2 4 1 2430 2511
111 1 2 4 1 2511 2592
112 1 2 4 1 2592 2673
113 1 2 4 1 2673 2754
114 1 2 4 1 2754 2835
115 1 2 4 1 2835 2916
116 1 2 4 1 2916 2997
117 1 2 4 1 2997 3078
118 1 2 4 1 3078 3159
119 1 2 4 1 3159 3240
120 1 2 4 1 3240 3321
121 1 2 4 1 3321 3402
122 1 2 4 1 3402 3483
123 1 2 4 1 3483 3564
124 1 2 4 1 3564 3645
125 1 2 4 1 3645 3726
126 1 2 4 1 3726 3807
127 1 2 4 1 3807 3888
128 1 2 4 1 3888 3969
129 1 2 4 1 3969 4050
130 1 2 4 1 4050 4131
131 1 2 4 1 4131 4212
132 1 2 4 1 4212 4293
133 1 2 4 1 4293 4374
134 1 2 4 1 4374 4455
135 1 2 4 1 4455 4536
136 1 2 4 1 4536 4617
137 1 2 4 1 4617 4698
138 1 2 4 1 4698 4779
139 1 2 4 1 4779 4860
140 1 2 4 1 4860 4941
141 1 2 4 1 4941 5022
142 1 2 4 1 5022 5103
143 1 2 4 1 5103 5184
144 1 2 4 1 5184 5265
145 1 2 4 1 5265 5346
146 1 2 4 1 5346 5427
147 1 2 4 1 5427 5508
148 1 2 4 1 5508 5589
149 1 2 4 1 5589 5670
150 1 2 4 1 5670 5751
151 1 2 4 1 5751 5832
152 1 2 4 1 5832 5913
153 1 2 4 1 5913 5994
154 1 2 4 1 5994 6075
155 1 2 4 1 6075 6156
156 1 2 4 1 6156 6237
157 1 2 4 1 6237 6318
158 1 2 4 1 6318 6399
159 1 2 4 1 6399 6480
160 1 2 4 1 6480 6561
161 1 2 4 1 6561 6642
162 1 2 4 1 6642 6723
163 1 2 4 1 6723 6804
164 1 2 4 1 6804 6885
165 1 2 4 1 6885 6966
166 1 2 4 1 6966 7047
167 1 2 4 1 7047 7128
168 1 2 4 1 7128 7209
169 1 2 4 1 7209 7290
170 1 2 4 1 7290 7371
171 1 2 4 1 7371 7452
172 1 2 4 1 7452 7533
173 1 2 4 1 7533 7614
174 1 2 4 1 7614 7695
175 1 2 4 1 7695 7776
176 1 2 4 1 7776 7857
177 1 2 4 1 7857 7938
178 1 2 4 1 7938 8019
179 1 2 4 1 8019 8100
180 1 2 4 1 8100 8181
181 1 2 4 1 8181 8262
182 1 2 4 1 8262 8343
183 1 2 4 1 8343 8424
184 1 2 4 1 8424 8505
185 1 2 4 1 8505 8586
186 1 2 4 1 8586 8667
187 1 2 4 1 8667 8748
188 1 2 4 1 8748 8829
189 1 2 4 1 8829 8910
190 1 2 4 1 8910 8991
191 1 2 4 1 8991 9072
192 1 2 4 1 9072 9153
193 1 2 4 1 9153 9234
194 1 2 4 1 9234 9315
195 1 2 4 1 9315 9396
196 1 2 4 1 9396 9477
197 1 2 4 1 9477 9558
198 1 2 4 1 9558 9639
199 1 2 4 1 9639 9720
200 1 2 4 1 9720 9801
201 1 2 4 1 9801 9882
202 1 2 4 1 9882 9963
203 1 2 4 1 9963 10044
204 1 2 4 1 10044 10125
205 1 2 4 1 10125 10206
206 1 2 4 1 10206 10287
207 1 2 4 1 10287 10368
208 1 2 4 1 10368 10449
209 1 2 4 1 10449 10530
210 1 2 4 1 10530 10611
211 1 2 4 1 10611 10692
212 1 2 4 1 10692 10773
213 1 2 4 1 10773 10854
214 1 2 4 1 10854 10935
215 1 2 4 1 10935 11016
216 1 2 4 1 11016 11097
217 1 2 4 1 11097 11178
218 1 2 4 1 11178 11259
219 1 2 4 1 11259 11340
220 1 2 4 1 11340 11421
221 1 2 4 1 11421 11502
222 1 2 4 1 11502 11583
223 1 2 4 1 11583 11664
224 1 2 4 1 11664 11745
225 1 2 4 1 11745 11826
226 1 2 4 1 11826 11907
227 1 2 4 1 11907 11988
228 1 2 4 1 11988 12069
229 1 2 4 1 12069 12150
230 1 2 4 1 12150 12231
231 1 2 4 1 12231 12312
232 1 2 4 1 12312 12393
233 1 2 4 1 12393 12474
234 1 2 4 1 12474 12555
235 1 2 4 1 12555 12636
236 1 2 4 1 12636 12717
237 1 2 4 1 12717 12798
238 1 2 4 1 12798 12879
239 1 2 4 1 12879 12960
240 1 2 4 1 12960 13041
241 1 2 1 1 12962 12961
242 1 2 1 1 12963 12962
243 1 2 1 1 12964 12963
244 1 2 1 1 12965 12964
245 1 2 1 1 12966 12965
246 1 2 1 1 12967 12966
247 1 2 1 1 12968 12967
248 1 2 1 1 12969 12968
249 1 2 1 1 12970 12969
250 1 2 1 1 12971 12970
251 1 2 1 1 12972 12971
252 1 2 1 1 12973 12972
253 1 2 1 1 12974 12973
254 1 2 1 1 12975 12974
255 1 2 1 1 12976 12975
256 1 2 1 1 12977 12976
257 1 2 1 1 12978 12977
258 1 2 1 1 12979 12978
259 1 2 1 1 12980 12979
260 1 2 1 1 12981 12980
261 1 2 1 1 12982 12981
262 1 2 1 1 12983 12982
263 1 2 1 1 12984 12983
264 1 2 1 1 12985 12984
265 1 2 1 1 12986 12985
266 1 2 1 1 12987 12986
267 1 2 1 1 12988 12987
268 1 2 1 1 12989 12988
269 1 2 1 1 12990 12989
270 1 2 1 1 12991 12990
271 1 2 1 1 12992 12991
272 1 2 1 1 12993 12992
273 1 2 1 1 12994 12993
274 1 2 1 1 12995 12994
275 1 2 1 1 12996 12995
276 1 2 1 1 12997 12996
277 1 2 1 1 12998 12997
278 1 2 1 1 12999 12998
279 1 2 1 1 13000 12999
280 1 2 1 1 13001 13000
281 1 2 1 1 13002 13001
282 1 2 1 1 13003 13002
283 1 2 1 1 13004 13003
284 1 2 1 1 13005 13004
285 1 2 1 1 13006 13005
286 1 2 1 1 13007 13006
287 1 2 1 1 13008 13007
288 1 2 1 1 13009 13008
289 1 2 1 1 13010 13009
290 1 2 1 1 13011 13010
291 1 2 1 1 13012 13011
292 1 2 1 1 13013 13012
293 1 2 1 1 13014 13013
294 1 2 1 1 13015 13014
295 1 2 1 1 13016 13015
296 1 2 1 1 13017 13016
297 1 2 1 1 13018 13017
298 1 2 1 1 13019 13018
299 1 2 1 1 13020 13019
300 1 2 1 1 13021 13020
301 1 2 1 1 13022 13021
302 1 2 1 1 13023 13022
303 1 2 1 1 13024 13023
304 1 2 1 1 13025 13024
305 1 2 1 1 13026 13025
306 1 2 1 1 13027 13026
307 1 2 1 1 13028 13027
308 1 2 1 1 13029 13028
309 1 2 1 1 13030 13029
310 1 2 1 1 13031 13030
311 1 2 1 1 13032 13031
312 1 2 1 1 13033 13032
313 1 2 1 1 13034 13033
314 1 2 1 1 13035 13034
315 1 2 1 1 13036 13035
316 1 2 1 1 13037 13036
317 1 2 1 1 13038 13037
318 1 2 1 1 13039 13038
319 1 2 1 1 13040 13039
320 1 2 1 1 13041 13040
321 1 2 4 1 82 1
322 1 2 4 1 163 82
323 1 2 4 1 244 163
324 1 2 4 1 325 244
325 1 2 4 1 406 325
326 1 2 4 1 487 406
327 1 2 4 1 568 487
328 1 2 4 1 649 568
329 1 2 4 1 730 649
330 1 2 4 1 811 730
331 1 2 4 1 892 811
332 1 2 4 1 973 892
333 1 2 4 1 1054 973
334 1 2 4 1 1135 1054
335 1 2 4 1 1216 1135
336 1 2 4 1 1297 1216
337 1 2 4 1 1378 1297
338 1 2 4 1 1459 1378
339 1 2 4 1 1540 1459
340 1 2 4 1 1621 1540
341 1 2 4 1 1702 1621
342 1 2 4 1 1783 1702
343 1 2 4 1 1864 1783
344 1 2 4 1 1945 1864
345 1 2 4 1 2026 1945
346 1 2 4 1 2107 2026
347 1 2 4 1 2188 2107
348 1 2 4 1 2269 2188
349 1 2 4 1 2350 2269
350 1 2 4 1 2431 2350
351 1 2 4 1 2512 2431
352 1 2 4 1 2593 2512
353 1 2 4 1 2674 2593
354 1 2 4 1 2755 2674
355 1 2 4 1 2836 2755
356 1 2 4 1 2917 2836
357 1 2 4 1 2998 2917
358 1 2 4 1 3079 2998
359 1 2 4 1 3160 3079
360 1 2 4 1 3241 3160
361 1 2 4 1 3322 3241
362 1 2 4 1 3403 3322
363 1 2 4 1 3484 3403
364 1 2 4 1 3565 3484
365 1 2 4 1 3646 3565
366 1 2 4 1 3727 3646
367 1 2 4 1 3808 3727
368 1 2 4 1 3889 3808
369 1 2 4 1 3970 3889
370 1 2 4 1 4051 3970
371 1 2 4 1 4132 4051
372 1 2 4 1 4213 4132
373 1 2 4 1 4294 4213
374 1 2 4 1 4375 4294
375 1 2 4 1 4456 4375
376 1 2 4 1 4537 4456
377 1 2 4 1 4618 4537
378 1 2 4 1 4699 4618
379 1 2 4 1 4780 4699
380 1 2 4 1 4861 4780
381 1 2 4 1 4942 4861
382 1 2 4 1 5023 4942
383 1 2 4 1 5104 5023
384 1 2 4 1 5185 5104
385 1 2 4 1 5266 5185
386 1 2 4 1 5347 5266
387 1 2 4 1 5428 5347
388 1 2 4 1 5509 5428
389 1 2 4 1 5590 5509
390 1 2 4 1 5671 5590
391 1 2 4 1 5752 5671
392 1 2 4 1 5833 5752
393 1 2 4 1 5914 5833
394 1 2 4 1 5995 5914
395 1 2 4 1 6076 5995
396 1 2 4 1 6157 6076
397 1 2 4 1 6238 6157
398 1 2 4 1 6319 6238
399 1 2 4 1 6400 6319
400 1 2 4 1 6481 6400
401 1 2 4 1 6562 6481
402 1 2 4 1 6643 6562
403 1 2 4 1 6724 6643
404 1 2 4 1 6805 6724
405 1 2 4 1 6886 6805
406 1 2 4 1 6967 6886
407 1 2 4 1 7048 6967
408 1 2 4 1 7129 7048
409 1 2 4 1 7210 7129
410 1 2 4 1 7291 7210
411 1 2 4 1 7372 7291
412 1 2 4 1 7453 7372
413 1 2 4 1 7534 7453
414 1 2 4 1 7615 7534
415 1 2 4 1 7696 7615
416 1 2 4 1 7777 7696
417 1 2 4 1 7858 7777
418 1 2 4 1 7939 7858
419 1 2 4 1 8020 7939
420 1 2 4 1 8101 8020
421 1 2 4 1 8182 8101
422 1 2 4 1 8263 8182
423 1 2 4 1 8344 8263
424 1 2 4 1 8425 8344
425 1 2 4 1 8506 8425
426 1 2 4 1 8587 8506
427 1 2 4 1 8668 8587
428 1 2 4 1 8749 8668
429 1 2 4 1 8830 8749
430 1 2 4 1 8911 8830
431 1 2 4 1 8992 8911
432 1 2 4 1 9073 8992
433 1 2 4 1 9154 9073
434 1 2 4 1 9235 9154
435 1 2 4 1 9316 9235
436 1 2 4 1 9397 9316
437 1 2 4 1 9478 9397
438 1 2 4 1 9559 9478
439 1 2 4 1 9640 9559
440 1 2 4 1 9721 9640
441 1 2 4 1 9802 9721
442 1 2 4 1 9883 9802
443 1 2 4 1 9964 9883
444 1 2 4 1 10045 9964
445 1 2 4 1 10126 10045
446 1 2 4 1 10207 10126
447 1 2 4 1 10288 10207
448 1 2 4 1 10369 10288
449 1 2 4 1 10450 10369
450 1 2 4 1 10531 10450
451 1 2 4 1 10612 10531
452 1 2 4 1 10693 10612
453 1 2 4 1 10774 10693
454 1 2 4 1 10855 10774
455 1 2 4 1 10936 10855
456 1 2 4 1 11017 10936
457 1 2 4 1 11098 11017
458 1 2 4 1 11179 11098
459 1 2 4 1 11260 11179
460 1 2 4 1 11341 11260
461 1 2 4 1 11422 11341
462 1 2 4 1 11503 11422
463 1 2 4 1 11584 11503
464 1 2 4 1 11665 11584
465 1 2 4 1 11746 11665
466 1 2 4 1 11827 11746
467 1 2 4 1 11908 11827
468 1 2 4 1 11989 11908
469 1 2 4 1 12070 11989
470 1 2 4 1 12151 12070
471 1 2 4 1 12232 12151
472 1 2 4 1 12313 12232
473 1 2 4 1 12394 12313
474 1 2 4 1 12475 12394
475 1 2 4 1 12556 12475
476 1 2 4 1 12637 12556
477 1 2 4 1 12718 12637
478 1 2 4 1 12799 12718
479 1 2 4 1 12880 12799
480 1 2 4 1 12961 12880
481 3 2 9 1 1 2 83 82
482 3 2 9 1 2 3 84 83
483 3 2 9 1 3 4 85 84
484 3 2 9 1 4 5 86 85
485 3 2 9 1 5 6 87 86
486 3 2 9 1 6 7 88 87
487 3 2 9 1 7 8 89 88
488 3 2 9 1 8 9 90 89
489 3 2 9 1 9 10 91 90
490 3 2 9 1 10 11 92 91
491 3 2 9 1 11 12 93 92
492 3 2 9 1 12 13 94 93
493 3 2 9 1 13 14 95 94
494 3 2 9 1 14 15 96 95
495 3 2 9 1 15 16 97 96
496 3 2 9 1 16 17 98 97
497 3 2 9 1 17 18 99 98
498 3 2 9 1 18 19 100 99
499 3 2 9 1 19 20 101 100
500 3 2 9 1 20 21 102 101
501 3 2 9 1 21 22 103 102
502 3 2 9 1 22 23 104 103
503 3 2 9 1 23 24 105 104
504 3 2 9 1 24 25 106 105
505 3 2 9 1 25 26 107 106
506 3 2 9 1 26 27 108 107
507 3 2 9 1 27 28 109 108
508 3 2 9 1 28 29 110 109
509 3 2 9 1 29 30 111 110
510 3 2 9 1 30 31 112 111
511 3 2 9 1 31 32 113 112
512 3 2 9 1 32 33 114 113
513 3 2 9 1 33 34 115 114
514 3 2 9 1 34 35 116 115
515 3 2 9 1 35 36 117 116
516 3 2 9 1 36 37 118 117
517 3 2 9 1 37 38 119 118
518 3 2 9 1 38 39 120 119
519 3 2 9 1 39 40 121 120
520 3 2 9 1 40 41 122 121
521 3 2 9 1 41 42 123 122
522 3 2 9 1 42 43 124 123
523 3 2 9 1 43 44 125 124
524 3 2 9 1 44 45 126 125
525 3 2 9 1 45 46 127 126
526 3 2 9 1 46 47 128 127
527 3 2 9 1 47 48 129 128
528 3 2 9 1 48 49 130 129
529 3 2 9 1 49 50 131 130
530 3 2 9 1 50 51 132 131
531 3 2 9 1 51 52 133 132
532 3 2 9 1 52 53 134 133
533 3 2 9 1 53 54 135 134
534 3 2 9 1 54 55 136 135
535 3 2 9 1 55 56 137 136
536 3 2 9 1 56 57 138 137
537 3 2 9 1 57 58 139 138
538 3 2 9 1 58 59 140 139
539 3 2 9 1 59 60 141 140
540 3 2 9 1 60 61 142 141
541 3 2 9 1 61 62 143 142
542 3 2 9 1 62 63 144 143
543 3 2 9 1 63 64 145 144
544 3 2 9 1 64 65 146 145
545 3 2 9 1 65 66 147 146
546 3 2 9 1 66 67 148 147
547 3 2 9 1 67 68 149 148
548 3 2 9 1 68 69 150 149
549 3 2 9 1 69 70 151 150
550 3 2 9 1 70 71 152 151
551 3 2 9 1 71 72 153 152
552 3 2 9 1 72 73 154 153
553 3 2 9 1 73 74 155 154
554 3 2 9 1 74 75 156 155
555 3 2 9 1 75 76 157 156
556 3 2 9 1 76 77 158 157
557 3 2 9 1 77 78 159 158
558 3 2 9 1 78 79 160 159
559 3 2 9 1 79 80 161 160
560 3 2 9 1 80 81 162 161
561 3 2 9 1 82 83 164 163
562 3 2 9 1 83 84 165 164
563 3 2 9 1 84 85 166 165
564 3 2 9 1 85 86 167 166
565 3 2 9 1 86 87 168 167
566 3 2 9 1 87 88 169 168
567 3 2 9 1 88 89 170 169
568 3 2 9 1 89 90 171 170
569 3 2 9 1 90 91 172 171
570 3 2 9 1 91 92 173 172
571 3 2 9 1 92 93 174 173
572 3 2 9 1 93 94 175 174
573 3 2 9 1 94 95 176 175
574 3 2 9 1 95 96 177 176
575 3 2 9 1 96 97 178 177
576 3 2 9 1 97 98 179 178
577 3 2 9 1 98 99 180 179
578 3 2 9 1 99 100 181 180
579 3 2 9 1 100 101 182 181
580 3 2 9 1 101 102 183 182
581 3 2 9 1 102 103 184 183
582 3 2 9 1 103 104 185 184
583 3 2 9 1 104 105 186 185
584 3 2 9 1 105 106 187 186
585 3 2 9 1 106 107 188 187
586 3 2 9 1 107 108 189 188
587 3 2 9 1 108 109 190 189
588 3 2 9 1 109 110 191 190
589 3 2 9 1 110 111 192 191
590 3 2 9 1 111 112 193 192
591 3 2 9 1 112 113 194 193
592 3 2 9 1 113 114 195 194
593 3 2 9 1 114 115 196 195
594 3 2 9 1 115 116 197 196
595 3 2 9 1 116 117 198 197
596 3 2 9 1 117 118 199 198
597 3 2 9 1 118 119 200 199
598 3 2 9 1 119 120 201 200
599 3 2 9 1 120 121 202 201
600 3 2 9 1 121 122 203 202
601 3 2 9 1 122 123 204 203
602 3 2 9 1 123 124 205 204
603 3 2 9 1 124 125 206 205
604 3 2 9 1 125 126 207 206
605 3 2 9 1 126 127 208 207
606 3 2 9 1 127 128 209 208
607 3 2 9 1 128 129 210 209
608 3 2 9 1 129 130 211 210
609 3 2 9 1 130 131 212 211
610 3 2 9 1 131 132 213 212
611 3 2 9 1 132 133 214 213
612 3 2 9 1 133 134 215 214
613 3 2 9 1 134 135 216 215
614 3 2 9 1 135 136 217 216
615 3 2 9 1 136 137 218 217
616 3 2 9 1 137 138 219 218
617 3 2 9 1 138 139 220 219
618 3 2 9 1 139 140 221 220
619 3 2 9 1 140 141 222 221
620 3 2 9 1 141 142 223 222
621 3 2 9 1 142 143 224 223
622 3 2 9 1 143 144 225 224
623 3 2 9 1 144 145 226 225
624 3 2 9 1 145 146 227 226
625 3 2 9 1 146 147 228 227
626 3 2 9 1 147 148 229 228
627 3 2 9 1 148 149 230 229
628 3 2 9 1 149 150 231 230
629 3 2 9 1 150 151 232 231
630 3 2 9 1 151 152 233 232
631 3 2 9 1 152 153 234 233
632 3 2 9 1 153 154 235 234
633 3 2 9 1 154 155 236 235
634 3 2 9 1 155 156 237 236
635 3 2 9 1 156 157 238 237
636 3 2 9 1 157 158 239 238
637 3 2 9 1 158 159 240 239
638 3 2 9 1 159 160 241 240
639 3 2 9 1 160 161 242 241
640 3 2 9 1 161 162 243 242
641 3 2 9 1 163 164 245 244
642 3 2 9 1 164 165 246 245
643 3 2 9 1 165 166 247 246
644 3 2 9 1 166 167 248 247
645 3 2 9 1 167 168 249 248
646 3 2 9 1 168 169 250 249
647 3 2 9 1 169 170 251 250
648 3 2 9 1 170 171 252 251
649 3 2 9 1 171 172 253 252
650 3 2 9 1 172 173 254 253
651 3 2 9 1 173 174 255 254
652 3 2 9 1 174 175 256 255
653 3 2 9 1 175 176 257 256
654 3 2 9 1 176 177 258 257
655 3 2 9 1 177 178 259 258
656 3 2 9 1 178 179 260 259
657 3 2 9 1 179 180 261 260
658 3 2 9 1 180 181 262 261
659 3 2 9 1 181 182 263 262
660 3 2 9 1 182 183 264 263
661 3 2 9 1 183 184 265 264
662 3 2 9 1 184 185 266 265
663 3 2 9 1 185 186 267 266
664 3 2 9 1 186 187 268 267
665 3 2 9 1 187 188 269 268
666 3 2 9 1 188 189 270 269
667 3 2 9 1 189 190 271 270
668 3 2 9 1 190 191 272 271
669 3 2 9 1 191 192 273 272
670 3 2 9 1 192 193 274 273
671 3 2 9 1 193 194 275 274
672 3 2 9 1 194 195 276 275
673 3 2 9 1 195 196 277 276
674 3 2 9 1 196 197 278 277
675 3 2 9 1 197 198 279 278
676 3 2 9 1 198 199 280 279
677 3 2 9 1 199 200 281 280
678 3 2 9 1 200 201 282 281
679 3 2 9 1 201 202 283 282
680 3 2 9 1 202 203 284 283
681 3 2 9 1 203 204 285 284
682 3 2 9 1 204 205 286 285
683 3 2 9 1 205 206 287 286
684 3 2 9 1 206 207 288 287
685 3 2 9 1 207 208 289 288
686 3 2 9 1 208 209 290 289
687 3 2 9 1 209 210 291 290
688 3 2 9 1 210 211 292 291
689 3 2 9 1 211 212 293 292
690 3 2 9 1 212 213 294 293
691 3 2 9 1 213 214 295 294
692 3 2 9 1 214 215 296 295
693 3 2 9 1 215 216 297 296
694 3 2 9 1 216 217 298 297
695 3 2 9 1 217 218 299 298
696 3 2 9 1 218 219 300 299
697 3 2 9 1 219 220 301 300
698 3 2 9 1 220 221 302 301
699 3 2 9 1 221 222 303 302
700 3 2 9 1 222 223 304 303
701 3 2 9 1 223 224 305 304
702 3 2 9 1 224 225 306 305
703 3 2 9 1 225 226 307 306
704 3 2 9 1 226 227 308 307
705 3 2 9 1 227 228 309 308
706 3 2 9 1 228 229 310 309
707 3 2 9 1 229 230 311 310
708 3 2 9 1 230 231 312 311
709 3 2 9 1 231 232 313 312
710 3 2 9 1 232 233 314 313
711 3 2 9 1 233 234 315 314
712 3 2 9 1 234 235 316 315
713 3 2 9 1 235 236 317 316
714 3 2 9 1 236 237 318 317
715 3 2 9 1 237 238 319 318
716 3 2 9 1 238 239 320 319
717 3 2 9 1 239 240 321 320
718 3 2 9 1 240 241 322 321
719 3 2 9 1 241 242 323 322
720 3 2 9 1 242 243 324 323
721 3 2 9 1 244 245 326 325
722 3 2 9 1 245 246 327 326
723 3 2 9 1 246 247 328 327
724 3 2 9 1 247 248 329 328
725 3 2 9 1 248 249 330 329
726 3 2 9 1 249 250 331 330
727 3 2 9 1 250 251 332 331
728 3 2 9 1 251 252 333 332
729 3 2 9 1 252 253 334 333
730 3 2 9 1 253 254 335 334
731 3 2 9 1 254 255 336 335
732 3 2 9 1 255 256 337 336
733 3 2 9 1 256 257 338 337
734 3 2 9 1 257 258 339 338
735 3 2 9 1 258 259 340 339
736 3 2 9 1 259 260 341 340
737 3 2 9 1 260 261 342 341
738 3 2 9 1 261 262 343 342
739 3 2 9 1 262 263 344 343
740 3 2 9 1 263 264 345 344
741 3 2 9 1 264 265 346 345
742 3 2 9 1 265 266 347 346
743 3 2 9 1 266 267 348 347
744 3 2 9 1 267 268 349 348
745 3 2 9 1 268 269 350 349
746 3 2 9 1 269 270 351 350
747 3 2 9 1 270 271 352 351
748 3 2 9 1 271 272 353 352
749 3 2 9 1 272 273 354 353
750 3 2 9 1 273 274 355 354
751 3 2 9 1 274 275 356 355
752 3 2 9 1 275 276 357 356
753 3 2 9 1 276 277 358 357
754 3 2 9 1 277 278 359 358
755 3 2 9 1 278 279 360 359
756 3 2 9 1 279 280 361 360
757 3 2 9 1 280 281 362 361
758 3 2 9 1 281 282 363 362
759 3 2 9 1 282 283 364 363
760 3 2 9 1 283 284 365 364
761 3 2 9 1 284 285 366 365
762 3 2 9 1 285 286 367 366
763 3 2 9 1 286 287 368 367
764 3 2 9 1 287 288 369 368
765 3 2 9 1 288 289 370 369
766 3 2 9 1 289 290 371 370
767 3 2 9 1 290 291 372 371
768 3 2 9 1 291 292 373 372
769 3 2 9 1 292 293 374 373
770 3 2 9 1 293 294 375 374
771 3 2 9 1 294 295 376 375
772 3 2 9 1 295 296 377 376
773 3 2 9 1 296 297 378 377
774 3 2 9 1 297 298 379 378
775 3 2 9 1 298 299 380 379
776 3 2 9 1 299 300 381 380
777 3 2 9 1 300 301 382 381
778 3 2 9 1 301 302 383 382
779 3 2 9 1 302 303 384 383
780 3 2 9 1 303 304 385 384
781 3 2 9 1 304 305 386 385
782 3 2 9 1 305 306 387 386
783 3 2 9 1 306 307 388 387
784 3 2 9 1 307 308 389 388
785 3 2 9 1 308 309 390 389
786 3 2 9 1 309 310 391 390
787 3 2 9 1 310 311 392 391
788 3 2 9 1 311 312 393 392
789 3 2 9 1 312 313 394 393
790 3 2 9 1 313 314 395 394
791 3 2 9 1 314 315 396 395
792 3 2 9 1 315 316 397 396
793 3 2 9 1 316 317 398 397
794 3 2 9 1 317 318 399 398
795 3 2 9 1 318 319 400 399
796 3 2 9 1 319 320 401 400
797 3 2 9 1 320 321 402 401
798 3 2 9 1 321 322 403 402
799 3 2 9 1 322 323 404 403
800 3 2 9 1 323 324 405 404
801 3 2 9 1 325 326 407 406
802 3 2 9 1 326 327 408 407
803 3 2 9 1 327 328 409 408
804 3 2 9 1 328 329 410 409
805 3 2 9 1 329 330 411 410
806 3 2 9 1 330 331 412 411
807 3 2 9 1 331 332 413 412
808 3 2 9 1 332 333 414 413
809 3 2 9 1 333 334 415 414
810 3 2 9 1 334 335 416 415
811 3 2 9 1 335 336 417 416
812 3 2 9 1 336 337 418 417
813 3 2 9 1 337 338 419 418
814 3 2 9 1 338 339 420 419
815 3 2 9 1 339 340 421 420
816 3 2 9 1 340 341 422 421
817 3 2 9 1 341 342 423 422
818 3 2 9 1 342 343 424 423
819 3 2 9 1 343 344 425 424
820 3 2 9 1 344 345 426 425
821 3 2 9 1 345 346 427 426
822 3 2 9 1 346 347 428 427
823 3 2 9 1 347 348 429 428
824 3 2 9 1 348 349 430 429
825 3 2 9 1 349 350 431 430
826 3 2 9 1 350 351 432 431
827 3 2 9 1 351 352 433 432
828 3 2 9 1 352 353 434 433
829 3 2 9 1 353 354 435 434
830 3 2 9 1 354 355 436 435
831 3 2 9 1 355 356 437 436
832 3 2 9 1 356 357 438 437
833 3 2 9 1 357 358 439 438
834 3 2 9 1 358 359 440 439
835 3 2 9 1 359 360 441 440
836 3 2 9 1 360 361 442 441
837 3 2 9 1 361 362 443 442
838 3 2 9 1 362 363 444 443
839 3 2 9 1 363 364 445 444
840 3 2 9 1 364 365 446 445
841 3 2 9 1 365 366 447 446
842 3 2 9 1 366 367 448 447
843 3 2 9 1 367 368 449 448
844 3 2 9 1 368 369 450 449
845 3 2 9 1 369 370 451 450
846 3 2 9 1 370 371 452 451
847 3 2 9 1 371 372 453 452
848 3 2 9 1 372 373 454 453
849 3 2 9 1 373 374 455 454
850 3 2 9 1 374 375 456 455
851 3 2 9 1 375 376 457 456
852 3 2 9 1 376 377 458 457
853 3 2 9 1 377 378 459 458
854 3 2 9 1 378 379 460 459
855 3 2 9 1 379 380 461 460
856 3 2 9 1 380 381 462 461
857 3 2 9 1 381 382 463 462
858 3 2 9 1 382 383 464 463
859 3 2 9 1 383 384 465 464
860 3 2 9 1 384 385 466 465
861 3 2 9 1 385 386 467 466
862 3 2 9 1 386 387 468 467
863 3 2 9 1 387 388 469 468
864 3 2 9 1 388 389 470 469
865 3 2 9 1 389 390 471 470
866 3 2 9 1 390 391 472 471
867 3 2 9 1 391 392 473 472
868 3 2 9 1 392 393 474 473
869 3 2 9 1 393 394 475 474
870 3 2 9 1 394 395 476 475
871 3 2 9 1 395 396 477 476
872 3 2 9 1 396 397 478 477
873 3 2 9 1 397 398 479 478
874 3 2 9 1 398 399 480 479
875 3 2 9 1 399 400 481 480
876 3 2 9 1 400 401 482 481
877 3 2 9 1 401 402 483 482
878 3 2 9 1 402 403 484 483
879 3 2 9 1 403 404 485 484
880 3 2 9 1 404 405 486 485
881 3 2 9 1 406 407 488 487
882 3 2 9 1 407 408 489 488
883 3 2 9 1 408 409 490 489
884 3 2 9 1 409 410 491 490
885 3 2 9 1 410 411 492 491
886 3 2 9 1 411 412 493 492
887 3 2 9 1 412 413 494 493
888 3 2 9 1 413 414 495 494
889 3 2 9 1 414 415 496 495
890 3 2 9 1 415 416 497 496
891 3 2 9 1 416 417 498 497
892 3 2 9 1 417 418 499 498
893 3 2 9 1 418 419 500 499
894 3 2 9 1 419 420 501 500
895 3 2 9 1 420 421 502 501
896 3 2 9 1 421 422 503 502
897 3 2 9 1 422 423 504 503
898 3 2 9 1 423 424 505 504
899 3 2 9 1 424 425 506 505
900 3 2 9 1 425 426 507 506
901 3 2 9 1 426 427 508 507
902 3 2 9 1 427 428 509 508
903 3 2 9 1 428 429 510 509
904 3 2 9 1 429 430 511 510
905 3 2 9 1 430 431 512 511
906 3 2 9 1 431 432 513 512
907 3 2 9 1 432 433 514 513
908 3 2 9 1 433 434 515 514
909 3 2 9 1 434 435 516 515
910 3 2 9 1 435 436 517 516
911 3 2 9 1 436 437 518 517
912 3 2 9 1 437 438 519 518
913 3 2 9 1 438 439 520 519
914 3 2 9 1 439 440 521 520
915 3 2 9 1 440 441 522 521
916 3 2 9 1 441 442 523 522
917 3 2 9 1 442 443 524 523
918 3 2 9 1 443 444 525 524
919 3 2 9 1 444 445 526 525
920 3 2 9 1 445 446 527 526
921 3 2 9 1 446 447 528 527
922 3 2 9 1 447 448 529 528
923 3 2 9 1 448 449 530 529
924 3 2 9 1 449 450 531 530
925 3 2 9 1 450 451 532 531
926 3 2 9 1 451 452 533 532
927 3 2 9 1 452 453 534 533
928 3 2 9 1 453 454 535 534
929 3 2 9 1 454 455 536 535
930 3 2 9 1 455 456 537 536
931 3 2 9 1 456 457 538 537
932 3 2 9 1 457 458 539 538
933 3 2 9 1 458 459 540 539
934 3 2 9 1 459 460 541 540
935 3 2 9 1 460 461 542 541
936 3 2 9 1 461 462 543 542
937 3 2 9 1 462 463 544 543
938 3 2 9 1 463 464 545 544
939 3 2 9 1 464 465 546 545
940 3 2 9 1 465 466 547 546
941 3 2 9 1 466 467 548 547
942 3 2 9 1 467 468 549 548
943 3 2 9 1 468 469 550 549
944 3 2 9 1 469 470 551 550
945 3 2 9 1 470 471 552 551
946 3 2 9 1 471 472 553 552
947 3 2 9 1 472 473 554 553
948 3 2 9 1 473 474 555 554
949 3 2 9 1 474 475 556 555
950 3 2 9 1 475 476 557 556
951 3 2 9 1 476 477 558 557
952 3 2 9 1 477 478 559 558
953 3 2 9 1 478 479 560 559
954 3 2 9 1 479 480 561 560
955 3 2 9 1 480 481 562 561
956 3 2 9 1 481 482 563 562
957 3 2 9 1 482 483 564 563
958 3 2 9 1 483 484 565 564
959 3 2 9 1 484 485 566 565
960 3 2 9 1 485 486 567 566
961 3 2 9 1 487 488 569 568
962 3 2 9 1 488 489 570 569
963 3 2 9 1 489 490 571 570
964 3 2 9 1 490 491 572 571
965 3 2 9 1 491 492 573 572
966 3 2 9 1 492 493 574 573
967 3 2 9 1 493 494 575 574
968 3 2 9 1 494 495 576 575
969 3 2 9 1 495 496 577 576
970 3 2 9 1 496 497 578 577
971 3 2 9 1 497 498 579 578
972 3 2 9 1 498 499 580 579
973 3 2 9 1 499 500 581 580
974 3 2 9 1 500 501 582 581
975 3 2 9 1 501 502 583 582
976 3 2 9 1 502 503 584 583
977 3 2 9 1 503 504 585 584
978 3 2 9 1 504 505 586 585
979 3 2 9 1 505 506 587 586
980 3 2 9 1 506 507 588 587
981 3 2 9 1 507 508 589 588
982 3 2 9 1 508 509 590 589
983 3 2 9 1 509 510 591 590
984 3 2 9 1 510 511 592 591
985 3 2 9 1 511 512 593 592
986 3 2 9 1 512 513 594 593
987 3 2 9 1 513 514 595 594
988 3 2 9 1 514 515 596 595
989 3 2 9 1 515 516 597 596
990 3 2 9 1 516 517 598 597
991 3 2 9 1 517 518 599 598
992 3 2 9 1 518 519 600 599
993 3 2 9 1 519 520 601 600
994 3 2 9 1 520 521 602 601
995 3 2 9 1 521 522 603 602
996 3 2 9 1 522 523 604 603
997 3 2 9 1 523 524 605 604
998 3 2 9 1 524 525 606 605
999 3 2 9 1 525 526 607 606
1000 3 2 9 1 526 527 608 607
1001 3 2 9 1 527 528 609 608
1002 3 2 9 1 528 529 610 609
1003 3 2 9 1 529 530 611 610
1004 3 2 9 1 530 531 612 611
1005 3 2 9 1 531 532 613 612
1006 3 2 9 1 532 533 614 613
1007 3 2 9 1 533 534 615 614
1008 3 2 9 1 534 535 616 615
1009 3 2 9 1 535 536 617 616
1010 3 2 9 1 536 537 618 617
1011 3 2 9 1 537 538 619 618
1012 3 2 9 1 538 539 620 619
1013 3 2 9 1 539 540 621 620
1014 3 2 9 1 540 541 622 621
1015 3 2 9 1 541 542 623 622
1016 3 2 9 1 542 543 624 623
1017 3 2 9 1 543 544 625 624
1018 3 2 9 1 544 545 626 625
1019 3 2 9 1 545 546 627 626
1020 3 2 9 1 546 547 628 627
1021 3 2 9 1 547 548 629 628
1022 3 2 9 1 548 549 630 629
1023 3 2 9 1 549 550 631 630
1024 3 2 9 1 550 551 632 631
1025 3 2 9 1 551 552 633 632
1026 3 2 9 1 552 553 634 633
1027 3 2 9 1 553 554 635 634
1028 3 2 9 1 554 555 636 635
1029 3 2 9 1 555 556 637 636
1030 3 2 9 1 556 557 638 637
1031 3 2 9 1 557 558 639 638
1032 3 2 9 1 558 559 640 639
1033 3 2 9 1 559 560 641 640
1034 3 2 9 1 560 561 642 641
1035 3 2 9 1 561 562 643 642
1036 3 2 9 1 562 563 644 643
1037 3 2 9 1 563 564 645 644
1038 3 2 9 1 564 565 646 645
1039 3 2 9 1 565 566 647 646
1040 3 2 9 1 566 567 648 647
1041 3 2 9 1 568 569 650 649
1042 3 2 9 1 569 570 651 650
1043 3 2 9 1 570 571 652 651
1044 3 2 9 1 571 572 653 652
1045 3 2 9 1 572 573 654 653
1046 3 2 9 1 573 574 655 654
1047 3 2 9 1 574 575 656 655
1048 3 2 9 1 575 576 657 656
1049 3 2 9 1 576 577 658 657
1050 3 2 9 1 577 578 659 658
1051 3 2 9 1 578 579 660 659
1052 3 2 9 1 579 580 661 660
1053 3 2 9 1 580 581 662 661
1054 3 2 9 1 581 582 663 662
1055 3 2 9 1 582 583 664 663
1056 3 2 9 1 583 584 665 664
1057 3 2 9 1 584 585 666 665
1058 3 2 9 1 585 586 667 666
1059 3 2 9 1 586 587 668 667
1060 3 2 9 1 587 588 669 668
1061 3 2 9 1 588 589 670 669
1062 3 2 9 1 589 590 671 670
1063 3 2 9 1 590 591 672 671
1064 3 2 9 1 591 592 673 672
1065 3 2 9 1 592 593 674 673
1066 3 2 9 1 593 594 675 674
1067 3 2 9 1 594 595 676 675
1068 3 2 9 1 595 596 677 676
1069 3 2 9 1 596 597 678 677
1070 3 2 9 1 597 598 679 678
1071 3 2 9 1 598 599 680 679
1072 3 2 9 1 599 600 681 680
1073 3 2 9 1 600 601 682 681
1074 3 2 9 1 601 602 683 682
1075 3 2 9 1 602 603 684 683
1076 3 2 9 1 603 604 685 684
1077 3 2 9 1 604 605 686 685
1078 3 2 9 1 605 606 687 686
1079 3 2 9 1 606 607 688 687
1080 3 2 9 1 607 608 689 688
1081 3 2 9 1 608 609 690 689
1082 3 2 9 1 609 610 691 690
1083 3 2 9 1 610 611 692 691
1084 3 2 9 1 611 612 693 692
1085 3 2 9 1 612 613 694 693
1086 3 2 9 1 613 614 695 694
1087 3 2 9 1 614 615 696 695
1088 3 2 9 1 615 616 697 696
1089 3 2 9 1 616 617 698 697
1090 3 2 9 1 617 618 699 698
1091 3 2 9 1 618 619 700 699
1092 3 2 9 1 619 620 701 700
1093 3 2 9 1 620 621 702 701
1094 3 2 9 1 621 622 703 702
1095 3 2 9 1 622 623 704 703
1096 3 2 9 1 623 624 705 704
1097 3 2 9 1 624 625 706 705
1098 3 2 9 1 625 626 707 706
1099 3 2 9 1 626 627 708 707
1100 3 2 9 1 627 628 709 708
1101 3 2 9 1 628 629 710 709
1102 3 2 9 1 629 630 711 710
1103 3 2 9 1 630 631 712 711
1104 3 2 9 1 631 632 713 712
1105 3 2 9 1 632 633 714 713
1106 3 2 9 1 633 634 715 714
1107 3 2 9 1 634 635 716 715
1108 3 2 9 1 635 636 717 716
1109 3 2 9 1 636 637 718 717
1110 3 2 9 1 637 638 719 718
1111 3 2 9 1 638 639 720 719
1112 3 2 9 1 639 640 721 720
1113 3 2 9 1 640 641 722 721
1114 3 2 9 1 641 642 723 722
1115 3 2 9 1 642 643 724 723
1116 3 2 9 1 643 644 725 724
1117 3 2 9 1 644 645 726 725
1118 3 2 9 1 645 646 727 726
1119 3 2 9 1 646 647 728 727
1120 3 2 9 1 647 648 729 728
1121 3 2 9 1 649 650 731 730
1122 3 2 9 1 650 651 732 731
1123 3 2 9 1 651 652 733 732
1124 3 2 9 1 652 653 734 733
1125 3 2 9 1 653 654 735 734
1126 3 2 9 1 654 655 736 735
1127 3 2 9 1 655 656 737 736
1128 3 2 9 1 656 657 738 737
1129 3 2 9 1 657 658 739 738
1130 3 2 9 1 658 659 740 739
1131 3 2 9 1 659 660 741 740
1132 3 2 9 1 660 661 742 741
1133 3 2 9 1 661 662 743 742
1134 3 2 9 1 662 663 744 743
1135 3 2 9 1 663 664 745 744
1136 3 2 9 1 664 665 746 745
1137 3 2 9 1 665 666 747 746
1138 3 2 9 1 666 667 748 747
1139 3 2 9 1 667 668 749 748
1140 3 2 9 1 668 669 750 749
1141 3 2 9 1 669 670 751 750
1142 3 2 9 1 670 671 752 751
1143 3 2 9 1 671 672 753 752
1144 3 2 9 1 672 673 754 753
1145 3 2 9 1 673 674 755 754
1146 3 2 9 1 674 675 756 755
1147 3 2 9 1 675 676 757 756
1148 3 2 9 1 676 677 758 757
1149 3 2 9 1 677 678 759 758
1150 3 2 9 1 678 679 760 759
1151 3 2 9 1 679 680 761 760
1152 3 2 9 1 680 681 762 761
1153 3 2 9 1 681 682 763 762
1154 3 2 9 1 682 683 764 763
1155 3 2 9 1 683 684 765 764
1156 3 2 9 1 684 685 766 765
1157 3 2 9 1 685 686 767 766
1158 3 2 9 1 686 687 768 767
1159 3 2 9 1 687 688 769 768
1160 3 2 9 1 688 689 770 769
1161 3 2 9 1 689 690 771 770
1162 3 2 9 1 690 691 772 771
1163 3 2 9 1 691 692 773 772
1164 3 2 9 1 692 693 774 773
1165 3 2 9 1 693 694 775 774
1166 3 2 9 1 694 695 776 775
1167 3 2 9 1 695 696 777 776
1168 3 2 9 1 696 697 778 777
1169 3 2 9 1 697 698 779 778
1170 3 2 9 1 698 699 780 779
1171 3 2 9 1 699 700 781 780
1172 3 2 9 1 700 701 782 781
1173 3 2 9 1 701 702 783 782
1174 3 2 9 1 702 703 784 783
1175 3 2 9 1 703 704 785 784
1176 3 2 9 1 704 705 786 785
1177 3 2 9 1 705 706 787 786
1178 3 2 9 1 706 707 788 787
1179 3 2 9 1 707 708 789 788
1180 3 2 9 1 708 709 790 789
1181 3 2 9 1 709 710 791 790
1182 3 2 9 1 710 711 792 791
1183 3 2 9 1 711 712 793 792
1184 3 2 9 1 712 713 794 793
1185 3 2 9 1 713 714 795 794
1186 3 2 9 1 714 715 796 795
1187 3 2 9 1 715 716 797 796
1188 3 2 9 1 716 717 798 797
1189 3 2 9 1 717 718 799 798
1190 3 2 9 1 718 719 800 799
1191 3 2 9 1 719 720 801 800
1192 3 2 9 1 720 721 802 801
1193 3 2 9 1 721 722 803 802
1194 3 2 9 1 722 723 804 803
1195 3 2 9 1 723 724 805 804
1196 3 2 9 1 724 725 806 805
1197 3 2 9 1 725 726 807 806
1198 3 2 9 1 726 727 808 807
1199 3 2 9 1 727 728 809 808
1200 3 2 9 1 728 729 810 809
1201 3 2 9 1 730 731 812 811
1202 3 2 9 1 731 732 813 812
1203 3 2 9 1 732 733 814 813
1204 3 2 9 1 733 734 815 814
1205 3 2 9 1 734 735 816 815
1206 3 2 9 1 735 736 817 816
1207 3 2 9 1 736 737 818 817
1208 3 2 9 1 737 738 819 818
1209 3 2 9 1 738 739 820 819
1210 3 2 9 1 739 740 821 820
1211 3 2 9 1 740 741 822 821
1212 3 2 9 1 741 742 823 822
1213 3 2 9 1 742 743 824 823
1214 3 2 9 1 743 744 825 824
1215 3 2 9 1 744 745 826 825
1216 3 2 9 1 745 746 827 826
1217 3 2 9 1 746 747 828 827
1218 3 2 9 1 747 748 829 828
1219 3 2 9 1 748 749 830 829
1220 3 2 9 1 749 750 831 830
1221 3 2 9 1 750 751 832 831
1222 3 2 9 1 751 752 833 832
1223 3 2 9 1 752 753 834 833
1224 3 2 9 1 753 754 835 834
1225 3 2 9 1 754 755 836 835
1226 3 2 9 1 755 756 837 836
1227 3 2 9 1 756 757 838 837
1228 3 2 9 1 757 758 839 838
1229 3 2 9 1 758 759 840 839
1230 3 2 9 1 759 760 841 840
1231 3 2 9 1 760 761 842 841
1232 3 2 9 1 761 762 843 842
1233 3 2 9 1 762 763 844 843
1234 3 2 9 1 763 764 845 844
1235 3 2 9 1 764 765 846 845
1236 3 2 9 1 765 766 847 846
1237 3 2 9 1 766 767 848 847
1238 3 2 9 1 767 768 849 848
1239 3 2 9 1 768 769 850 849
1240 3 2 9 1 769 770 851 850
1241 3 2 9 1 770 771 852 851
1242 3 2 9 1 771 772 853 852
1243 3 2 9 1 772 773 854 853
1244 3 2 9 1 773 774 855 854
1245 3 2 9 1 774 775 856 855
1246 3 2 9 1 775 776 857 856
1247 3 2 9 1 776 777 858 857
1248 3 2 9 1 777 778 859 858
1249 3 2 9 1 778 779 860 859
1250 3 2 9 1 779 780 861 860
1251 3 2 9 1 780 781 862 861
1252 3 2 9 1 781 782 863 862
1253 3 2 9 1 782 783 864 863
1254 3 2 9 1 783 784 865 864
1255 3 2 9 1 784 785 866 865
1256 3 2 9 1 785 786 867 866
1257 3 2 9 1 786 787 868 867
1258 3 2 9 1 787 788 869 868
1259 3 2 9 1 788 789 870 869
1260 3 2 9 1 789 790 871 870
1261 3 2 9 1 790 791 872 871
1262 3 2 9 1 791 792 873 872
1263 3 2 9 1 792 793 874 873
1264 3 2 9 1 793 794 875 874
1265 3 2 9 1 794 795 876 875
1266 3 2 9 1 795 796 877 876
1267 3 2 9 1 796 797 878 877
1268 3 2 9 1 797 798 879 878
1269 3 2 9 1 798 799 880 879
1270 3 2 9 1 799 800 881 880
1271 3 2 9 1 800 801 882 881
1272 3 2 9 1 801 802 883 882
1273 3 2 9 1 802 803 884 883
1274 3 2 9 1 803 804 885 884
1275 3 2 9 1 804 805 886 885
1276 3 2 9 1 805 806 887 886
1277 3 2 9 1 806 807 888 887
1278 3 2 9 1 807 808 889 888
1279 3 2 9 1 808 809 890 889
1280 3 2 9 1 809 810 891 890
1281 3 2 9 1 811 812 893 892
1282 3 2 9 1 812 813 894 893
1283 3 2 9 1 813 814 895 894
1284 3 2 9 1 814 815 896 895
1285 3 2 9 1 815 816 897 896
1286 3 2 9 1 816 817 898 897
1287 3 2 9 1 817 818 899 898
1288 3 2 9 1 818 819 900 899
1289 3 2 9 1 819 820 901 900
1290 3 2 9 1 820 821 902 901
1291 3 2 9 1 821 822 903 902
1292 3 2 9 1 822 823 904 903
1293 3 2 9 1 823 824 905 904
1294 3 2 9 1 824 825 906 905
1295 3 2 9 1 825 826 907 906
1296 3 2 9 1 826 827 908 907
1297 3 2 9 1 827 828 909 908
1298 3 2 9 1 828 829 910 909
1299 3 2 9 1 829 830 911 910
1300 3 2 9 1 830 831 912 911
1301 3 2 9 1 831 832 913 912
1302 3 2 9 1 832 833 914 913
1303 3 2 9 1 833 834 915 914
1304 3 2 9 1 834 835 916 915
1305 3 2 9 1 835 836 917 916
1306 3 2 9 1 836 837 918 917
1307 3 2 9 1 837 838 919 918
1308 3 2 9 1 838 839 920 919
1309 3 2 9 1 839 840 921 920
1310 3 2 9 1 840 841 922 921
1311 3 2 9 1 841 842 923 922
1312 3 2 9 1 842 843 924 923
1313 3 2 9 1 843 844 925 924
1314 3 2 9 1 844 845 926 925
1315 3 2 9 1 845 846 927 926
1316 3 2 9 1 846 847 928 927
1317 3 2 9 1 847 848 929 928
1318 3 2 9 1 848 849 930 929
1319 3 2 9 1 849 850 931 930
1320 3 2 9 1 850 851 932 931
1321 3 2 9 1 851 852 933 932
1322 3 2 9 1 852 853 934 933
1323 3 2 9 1 853 854 935 934
1324 3 2 9 1 854 855 936 935
1325 3 2 9 1 855 856 937 936
1326 3 2 9 1 856 857 938 937
1327 3 2 9 1 857 858 939 938
1328 3 2 9 1 858 859 940 939
1329 3 2 9 1 859 860 941 940
1330 3 2 9 1 860 861 942 941
1331 3 2 9 1 861 862 943 942
1332 3 2 9 1 862 863 944 943
1333 3 2 9 1 863 864 945 944
1334 3 2 9 1 864 865 946 945
1335 3 2 9 1 865 866 947 946
1336 3 2 9 1 866 867 948 947
1337 3 2 9 1 867 868 949 948
1338 3 2 9 1 868 869 950 949
1339 3 2 9 1 869 870 951 950
1340 3 2 9 1 870 871 952 951
1341 3 2 9 1 871 872 953 952
1342 3 2 9 1 872 873 954 953
1343 3 2 9 1 873 874 955 954
1344 3 2 9 1 874 875 956 955
1345 3 2 9 1 875 876 957 956
1346 3 2 9 1 876 877 958 957
1347 3 2 9 1 877 878 959 958
1348 3 2 9 1 878 879 960 959
1349 3 2 9 1 879 880 961 960
1350 3 2 9 1 880 881 962 961
1351 3 2 9 1 881 882 963 962
1352 3 2 9 1 882 883 964 963
1353 3 2 9 1 883 884 965 964
1354 3 2 9 1 884 885 966 965
1355 3 2 9 1 885 886 967 966
1356 3 2 9 1 886 887 968 967
1357 3 2 9 1 887 888 969 968
1358 3 2 9 1 888 889 970 969
1359 3 2 9 1 889 890 971 970
1360 3 2 9 1 890 891 972 971
1361 3 2 9 1 892 893 974 973
1362 3 2 9 1 893 894 975 974
1363 3 2 9 1 894 895 976 975
1364 3 2 9 1 895 896 977 976
1365 3 2 9 1 896 897 978 977
1366 3 2 9 1 897 898 979 978
1367 3 2 9 1 898 899 980 979
1368 3 2 9 1 899 900 981 980
1369 3 2 9 1 900 901 982 981
1370 3 2 9 1 901 902 983 982
1371 3 2 9 1 902 903 984 983
1372 3 2 9 1 903 904 985 984
1373 3 2 9 1 904 905 986 985
1374 3 2 9 1 905 906 987 986
1375 3 2 9 1 906 907 988 987
1376 3 2 9 1 907 908 989 988
1377 3 2 9 1 908 909 990 989
1378 3 2 9 1 909 910 991 990
1379 3 2 9 1 910 911 992 991
1380 3 2 9 1 911 912 993 992
1381 3 2 9 1 912 913 994 993
1382 3 2 9 1 913 914 995 994
1383 3 2 9 1 914 915 996 995
1384 3 2 9 1 915 916 997 996
1385 3 2 9 1 916 917 998 997
1386 3 2 9 1 917 918 999 998
1387 3 2 9 1 918 919 1000 999
1388 3 2 9 1 919 920 1001 1000
1389 3 2 9 1 920 921 1002 1001
1390 3 2 9 1 921 922 1003 1002
1391 3 2 9 1 922 923 1004 1003
1392 3 2 9 1 923 924 1005 1004
1393 3 2 9 1 924 925 1006 1005
1394 3 2 9 1 925 926 1007 1006
1395 3 2 9 1 926 927 1008 1007
1396 3 2 9 1 927 928 1009 1008
1397 3 2 9 1 928 929 1010 1009
1398 3 2 9 1 929 930 1011 1010
1399 3 2 9 1 930 931 1012 1011
1400 3 2 9 1 931 932 1013 1012
1401 3 2 9 1 932 933 1014 1013
1402 3 2 9 1 933 934 1015 1014
1403 3 2 9 1 934 935 1016 1015
1404 3 2 9 1 935 936 1017 1016
1405 3 2 9 1 936 937 1018 1017
1406 3 2 9 1 937 938 1019 1018
1407 3 2 9 1 938 939 1020 1019
1408 3 2 9 1 939 940 1021 1020
1409 3 2 9 1 940 941 1022 1021
1410 3 2 9 1 941 942 1023 1022
1411 3 2 9 1 942 943 1024 1023
1412 3 2 9 1 943 944 1025 1024
1413 3 2 9 1 944 945 1026 1025
1414 3 2 9 1 945 946 1027 1026
1415 3 2 9 1 946 947 1028 1027
1416 3 2 9 1 947 948 1029 1028
1417 3 2 9 1 948 949 1030 1029
1418 3 2 9 1 949 950 1031 1030
1419 3 2 9 1 950 951 1032 1031
1420 3 2 9 1 951 952 1033 1032
1421 3 2 9 1 952 953 1034 1033
1422 3 2 9 1 953 954 1035 1034
1423 3 2 9 1 954 955 1036 1035
1424 3 2 9 1 955 956 1037 1036
1425 3 2 9 1 956 957 1038 1037
1426 3 2 9 1 957 958 1039 1038
1427 3 2 9 1 958 959 1040 1039
1428 3 2 9 1 959 960 1041 1040
1429 3 2 9 1 960 961 1042 1041
1430 3 2 9 1 961 962 1043 1042
1431 3 2 9 1 962 963 1044 1043
1432 3 2 9 1 963 964 1045 1044
1433 3 2 9 1 964 965 1046 1045
1434 3 2 9 1 965 966 1047 1046
1435 3 2 9 1 966 967 1048 1047
1436 3 2 9 1 967 968 1049 1048
1437 3 2 9 1 968 969 1050 1049
1438 3 2 9 1 969 970 1051 1050
1439 3 2 9 1 970 971 1052 1051
1440 3 2 9 1 971 972 1053 1052
1441 3 2 9 1 973 974 1055 1054
1442 3 2 9 1 974 975 1056 1055
1443 3 2 9 1 975 976 1057 1056
1444 3 2 9 1 976 977 1058 1057
1445 3 2 9 1 977 978 1059 1058
1446 3 2 9 1 978 979 1060 1059
1447 3 2 9 1 979 980 1061 1060
1448 3 2 9 1 980 981 1062 1061
1449 3 2 9 1 981 982 1063 1062
1450 3 2 9 1 982 983 1064 1063
1451 3 2 9 1 983 984 1065 1064
1452 3 2 9 1 984 985 1066 1065
1453 3 2 9 1 985 986 1067 1066
1454 3 2 9 1 986 987 1068 1067
1455 3 2 9 1 987 988 1069 1068
1456 3 2 9 1 988 989 1070 1069
1457 3 2 9 1 989 990 1071 1070
1458 3 2 9 1 990 991 1072 1071
1459 3 2 9 1 991 992 1073 1072
1460 3 2 9 1 992 993 1074 1073
1461 3 2 9 1 993 994 1075 1074
1462 3 2 9 1 994 995 1076 1075
1463 3 2 9 1 995 996 1077 1076
1464 3 2 9 1 996 997 1078 1077
1465 3 2 9 1 997 998 1079 1078
1466 3 2 9 1 998 999 1080 1079
1467 3 2 9 1 999 1000 1081 1080
1468 3 2 9 1 1000 1001 1082 1081
1469 3 2 9 1 1001 1002 1083 1082
1470 3 2 9 1 1002 1003 1084 1083
1471 3 2 9 1 1003 1004 1085 1084
1472 3 2 9 1 1004 1005 1086 1085
1473 3 2 9 1 1005 1006 1087 1086
1474 3 2 9 1 1006 1007 1088 1087
1475 3 2 9 1 1007 1008 1089 1088
1476 3 2 9 1 1008 1009 1090 1089
1477 3 2 9 1 1009 1010 1091 1090
1478 3 2 9 1 1010 1011 1092 1091
1479 3 2 9 1 1011 1012 1093 1092
1480 3 2 9 1 1012 1013 1094 1093
1481 3 2 9 1 1013 1014 1095 1094
1482 3 2 9 1 1014 1015 1096 1095
1483 3 2 9 1 1015 1016 1097 1096
1484 3 2 9 1 1016 1017 1098 1097
1485 3 2 9 1 1017 1018 1099 1098
1486 3 2 9 1 1018 1019 1100 1099
1487 3 2 9 1 1019 1020 1101 1100
1488 3 2 9 1 1020 1021 1102 1101
1489 3 2 9 1 1021 1022 1103 1102
1490 3 2 9 1 1022 1023 1104 1103
1491 3 2 9 1 1023 1024 1105 1104
1492 3 2 9 1 1024 1025 1106 1105
1493 3 2 9 1 1025 1026 1107 1106
1494 3 2 9 1 1026 1027 1108 1107
1495 3 2 9 1 1027 1028 1109 1108
1496 3 2 9 1 1028 1029 1110 1109
1497 3 2 9 1 1029 1030 1111 1110
1498 3 2 9 1 1030 1031 1112 1111
1499 3 2 9 1 1031 1032 1113 1112
1500 3 2 9 1 1032 1033 1114 1113
1501 3 2 9 1 1033 1034 1115 1114
1502 3 2 9 1 1034 1035 1116 1115
1503 3 2 9 1 1035 1036 1117 1116
1504 3 2 9 1 1036 1037 1118 1117
1505 3 2 9 1 1037 1038 1119 1118
1506 3 2 9 1 1038 1039 1120 1119
1507 3 2 9 1 1039 1040 1121 1120
1508 3 2 9 1 1040 1041 1122 1121
1509 3 2 9 1 1041 1042 1123 1122
1510 3 2 9 1 1042 1043 1124 1123
1511 3 2 9 1 1043 1044 1125 1124
1512 3 2 9 1 1044 1045 1126 1125
1513 3 2 9 1 1045 1046 1127 1126
1514 3 2 9 1 1046 1047 1128 1127
1515 3 2 9 1 1047 1048 1129 1128
1516 3 2 9 1 1048 1049 1130 1129
1517 3 2 9 1 1049 1050 1131 1130
1518 3 2 9 1 1050 1051 1132 1131
1519 3 2 9 1 1051 1052 1133 1132
1520 3 2 9 1 1052 1053 1134 1133
1521 3 2 9 1 1054 1055 1136 1135
1522 3 2 9 1 1055 1056 1137 1136
1523 3 2 9 1 1056 1057 1138 1137
1524 3 2 9 1 1057 1058 1139 1138
1525 3 2 9 1 1058 1059 1140 1139
1526 3 2 9 1 1059 1060 1141 1140
1527 3 2 9 1 1060 1061 1142 1141
1528 3 2 9 1 1061 1062 1143 1142
1529 3 2 9 1 1062 1063 1144 1143
1530 3 2 9 1 1063 1064 1145 1144
1531 3 2 9 1 1064 1065 1146 1145
1532 3 2 9 1 1065 1066 1147 1146
1533 3 2 9 1 1066 1067 1148 1147
1534 3 2 9 1 1067 1068 1149 1148
1535 3 2 9 1 1068 1069 1150 1149
1536 3 2 9 1 1069 1070 1151 1150
1537 3 2 9 1 1070 1071 1152 1151
1538 3 2 9 1 1071 1072 1153 1152
1539 3 2 9 1 1072 1073 1154 1153
1540 3 2 9 1 1073 1074 1155 1154
1541 3 2 9 1 1074 1075 1156 1155
1542 3 2 9 1 1075 1076 1157 1156
1543 3 2 9 1 1076 1077 1158 1157
1544 3 2 9 1 1077 1078 1159 1158
1545 3 2 9 1 1078 1079 1160 1159
1546 3 2 9 1 1079 1080 1161 1160
1547 3 2 9 1 1080 1081 1162 1161
1548 3 2 9 1 1081 1082 1163 1162
1549 3 2 9 1 1082 1083 1164 1163
1550 3 2 9 1 1083 1084 1165 1164
1551 3 2 9 1 1084 1085 1166 1165
1552 3 2 9 1 1085 1086 1167 1166
1553 3 2 9 1 1086 1087 1168 1167
1554 3 2 9 1 1087 1088 1169 1168
1555 3 2 9 1 1088 1089 1170 1169
1556 3 2 9 1 1089 1090 1171 1170
1557 3 2 9 1 1090 1091 1172 1171
1558 3 2 9 1 1091 1092 1173 1172
1559 3 2 9 1 1092 1093 1174 1173
1560 3 2 9 1 1093 1094 1175 1174
1561 3 2 9 1 1094 1095 1176 1175
1562 3 2 9 1 1095 1096 1177 1176
1563 3 2 9 1 1096 1097 1178 1177
1564 3 2 9 1 1097 1098 1179 1178
1565 3 2 9 1 1098 1099 1180 1179
1566 3 2 9 1 1099 1100 1181 1180
1567 3 2 9 1 1100 1101 1182 1181
1568 3 2 9 1 1101 1102 1183 1182
1569 3 2 9 1 1102 1103 1184 1183
1570 3 2 9 1 1103 1104 1185 1184
1571 3 2 9 1 1104 1105 1186 1185
1572 3 2 9 1 1105 1106 1187 1186
1573 3 2 9 1 1106 1107 1188 1187
1574 3 2 9 1 1107 1108 1189 1188
1575 3 2 9 1 1108 1109 1190 1189
1576 3 2 9 1 1109 1110 1191 1190
1577 3 2 9 1 1110 1111 1192 1191
1578 3 2 9 1 1111 1112 1193 1192
1579 3 2 9 1 1112 1113 1194 1193
1580 3 2 9 1 1113 1114 1195 1194
1581 3 2 9 1 1114 1115 1196 1195
1582 3 2 9 1 1115 1116 1197 1196
1583 3 2 9 1 1116 1117 1198 1197
1584 3 2 9 1 1117 1118 1199 1198
1585 3 2 9 1 1118 1119 1200 1199
1586 3 2 9 1 1119 1120 1201 1200
1587 3 2 9 1 1120 1121 1202 1201
1588 3 2 9 1 1121 1122 1203 1202
1589 3 2 9 1 1122 1123 1204 1203
1590 3 2 9 1 1123 1124 1205 1204
1591 3 2 9 1 1124 1125 1206 1205
1592 3 2 9 1 1125 1126 1207 1206
1593 3 2 9 1 1126 1127 1208 1207
1594 3 2 9 1 1127 1128 1209 1208
1595 3 2 9 1 1128 1129 1210 1209
1596 3 2 9 1 1129 1130 1211 1210
1597 3 2 9 1 1130 1131 1212 1211
1598 3 2 9 1 1131 1132 1213 1212
1599 3 2 9 1 1132 1133 1214 1213
1600 3 2 9 1 1133 1134 1215 1214
1601 3 2 9 1 1135 1136 1217 1216
1602 3 2 9 1 1136 1137 1218 1217
1603 3 2 9 1 1137 1138 1219 1218
1604 3 2 9 1 1138 1139 1220 1219
1605 3 2 9 1 1139 1140 1221 1220
1606 3 2 9 1 1140 1141 1222 1221
1607 3 2 9 1 1141 1142 1223 1222
1608 3 2 9 1 1142 1143 1224 1223
1609 3 2 9 1 1143 1144 1225 1224
1610 3 2 9 1 1144 1145 1226 1225
1611 3 2 9 1 1145 1146 1227 1226
1612 3 2 9 1 1146 1147 1228 1227
1613 3 2 9 1 1147 1148 1229 1228
1614 3 2 9 1 1148 1149 1230 1229
1615 3 2 9 1 1149 1150 1231 1230
1616 3 2 9 1 1150 1151 1232 1231
1617 3 2 9 1 1151 1152 1233 1232
1618 3 2 9 1 1152 1153 1234 1233
1619 3 2 9 1 1153 1154 1235 1234
1620 3 2 9 1 1154 1155 1236 1235
1621 3 2 9 1 1155 1156 1237 1236
1622 3 2 9 1 1156 1157 1238 1237
1623 3 2 9 1 1157 1158 1239 1238
1624 3 2 9 1 1158 1159 1240 1239
1625 3 2 9 1 1159 1160 1241 1240
1626 3 2 9 1 1160 1161 1242 1241
1627 3 2 9 1 1161 1162 1243 1242
1628 3 2 9 1 1162 1163 1244 1243
1629 3 2 9 1 1163 1164 1245 1244
1630 3 2 9 1 1164 1165 1246 1245
1631 3 2 9 1 1165 1166 1247 1246
1632 3 2 9 1 1166 1167 1248 1247
1633 3 2 9 1 1167 1168 1249 1248
1634 3 2 9 1 1168 1169 1250 1249
1635 3 2 9 1 1169 1170 1251 1250
1636 3 2 9 1 1170 1171 1252 1251
1637 3 2 9 1 1171 1172 1253 1252
1638 3 2 9 1 1172 1173 1254 1253
1639 3 2 9 1 1173 1174 1255 1254
1640 3 2 9 1 1174 1175 1256 1255
1641 3 2 9 1 1175 1176 1257 1256
1642 3 2 9 1 1176 1177 1258 1257
1643 3 2 9 1 1177 1178 1259 1258
1644 3 2 9 1 1178 1179 1260 1259
1645 3 2 9 1 1179 1180 1261 1260
1646 3 2 9 1 1180 1181 1262 1261
1647 3 2 9 1 1181 1182 1263 1262
1648 3 2 9 1 1182 1183 1264 1263
1649 3 2 9 1 1183 1184 1265 1264
1650 3 2 9 1 1184 1185 1266 1265
1651 3 2 9 1 1185 1186 1267 1266
1652 3 2 9 1 1186 1187 1268 1267
1653 3 2 9 1 1187 1188 1269 1268
1654 3 2 9 1 1188 1189 1270 1269
1655 3 2 9 1 1189 1190 1271 1270
1656 3 2 9 1 1190 1191 1272 1271
1657 3 2 9 1 1191 1192 1273 1272
1658 3 2 9 1 1192 1193 1274 1273
1659 3 2 9 1 1193 1194 1275 1274
1660 3 2 9 1 1194 1195 1276 1275
1661 3 2 9 1 1195 1196 1277 1276
1662 3 2 9 1 1196 1197 1278 1277
1663 3 2 9 1 1197 1198 1279 1278
1664 3 2 9 1 1198 1199 1280 1279
1665 3 2 9 1 1199 1200 1281 1280
1666 3 2 9 1 1200 1201 1282 1281
1667 3 2 9 1 1201 1202 1283 1282
1668 3 2 9 1 1202 1203 1284 1283
1669 3 2 9 1 1203 1204 1285 1284
1670 3 2 9 1 1204 1205 1286 1285
1671 3 2 9 1 1205 1206 1287 1286
1672 3 2 9 1 1206 1207 1288 1287
1673 3 2 9 1 1207 1208 1289 1288
1674 3 2 9 1 1208 1209 1290 1289
1675 3 2 9 1 1209 1210 1291 1290
1676 3 2 9 1 1210 1211 1292 1291
1677 3 2 9 1 1211 1212 1293 1292
1678 3 2 9 1 1212 1213 1294 1293
1679 3 2 9 1 1213 1214 1295 1294
1680 3 2 9 1 1214 1215 1296 1295
1681 3 2 9 1 1216 1217 1298 1297
1682 3 2 9 1 1217 1218 1299 1298
1683 3 2 9 1 1218 1219 1300 1299
1684 3 2 9 1 1219 1220 1301 1300
1685 3 2 9 1 1220 1221 1302 1301
1686 3 2 9 1 1221 1222 1303 1302
1687 3 2 9 1 1222 1223 1304 1303
1688 3 2 9 1 1223 1224 1305 1304
1689 3 2 9 1 1224 1225 1306 1305
1690 3 2 9 1 1225 1226 1307 1306
1691 3 2 9 1 1226 1227 1308 1307
1692 3 2 9 1 1227 1228 1309 1308
1693 3 2 9 1 1228 1229 1310 1309
1694 3 2 9 1 1229 1230 1311 1310
1695 3 2 9 1 1230 1231 1312 1311
1696 3 2 9 1 1231 1232 1313 1312
1697 3 2 9 1 1232 1233 1314 1313
1698 3 2 9 1 1233 1234 1315 1314
1699 3 2 9 1 1234 1235 1316 1315
1700 3 2 9 1 1235 1236 1317 1316
1701 3 2 9 1 1236 1237 1318 1317
1702 3 2 9 1 1237 1238 1319 1318
1703 3 2 9 1 1238 1239 1320 1319
1704 3 2 9 1 1239 1240 1321 1320
1705 3 2 9 1 1240 1241 1322 1321
1706 3 2 9 1 1241 1242 1323 1322
1707 3 2 9 1 1242 1243 1324 1323
1708 3 2 9 1 1243 1244 1325 1324
1709 3 2 9 1 1244 1245 1326 1325
1710 3 2 9 1 1245 1246 1327 1326
1711 3 2 9 1 1246 1247 1328 1327
1712 3 2 9 1 1247 1248 1329 1328
1713 3 2 9 1 1248 1249 1330 1329
1714 3 2 9 1 1249 1250 1331 1330
1715 3 2 9 1 1250 1251 1332 1331
1716 3 2 9 1 1251 1252 1333 1332
1717 3 2 9 1 1252 1253 1334 1333
1718 3 2 9 1 1253 1254 1335 1334
1719 3 2 9 1 1254 1255 1336 1335
1720 3 2 9 1 1255 1256 1337 1336
1721 3 2 9 1 1256 1257 1338 1337
1722 3 2 9 1 1257 1258 1339 1338
1723 3 2 9 1 1258 1259 1340 1339
1724 3 2 9 1 1259 1260 1341 1340
1725 3 2 9 1 1260 1261 1342 1341
1726 3 2 9 1 1261 1262 1343 1342
1727 3 2 9 1 1262 1263 1344 1343
1728 3 2 9 1 1263 1264 1345 1344
1729 3 2 9 1 1264 1265 1346 1345
1730 3 2 9 1 1265 1266 1347 1346
1731 3 2 9 1 1266 1267 1348 1347
1732 3 2 9 1 1267 1268 1349 1348
1733 3 2 9 1 1268 1269 1350 1349
1734 3 2 9 1 1269 1270 1351 1350
1735 3 2 9 1 1270 1271 1352 1351
1736 3 2 9 1 1271 1272 1353 1352
1737 3 2 9 1 1272 1273 1354 1353
1738 3 2 9 1 1273 1274 1355 1354
1739 3 2 9 1 1274 1275 1356 1355
1740 3 2 9 1 1275 1276 1357 1356
1741 3 2 9 1 1276 1277 1358 1357
1742 3 2 9 1 1277 1278 1359 1358
1743 3 2 9 1 1278 1279 1360 1359
1744 3 2 9 1 1279 1280 1361 1360
1745 3 2 9 1 1280 1281 1362 1361
1746 3 2 9 1 1281 1282 1363 1362
1747 3 2 9 1 1282 1283 1364 1363
1748 3 2 9 1 1283 1284 1365 1364
1749 3 2 9 1 1284 1285 1366 1365
1750 3 2 9 1 1285 1286 1367 1366
1751 3 2 9 1 1286 1287 1368 1367
1752 3 2 9 1 1287 1288 1369 1368
1753 3 2 9 1 1288 1289 1370 1369
1754 3 2 9 1 1289 1290 1371 1370
1755 3 2 9 1 1290 1291 1372 1371
1756 3 2 9 1 1291 1292 1373 1372
1757 3 2 9 1 1292 1293 1374 1373
1758 3 2 9 1 1293 1294 1375 1374
1759 3 2 9 1 1294 1295 1376 1375
1760 3 2 9 1 1295 1296 1377 1376
1761 3 2 9 1 1297 1298 1379 1378
1762 3 2 9 1 1298 1299 1380 1379
1763 3 2 9 1 1299 1300 1381 1380
1764 3 2 9 1 1300 1301 1382 1381
1765 3 2 9 1 1301 1302 1383 1382
1766 3 2 9 1 1302 1303 1384 1383
1767 3 2 9 1 1303 1304 1385 1384
1768 3 2 9 1 1304 1305 1386 1385
1769 3 2 9 1 1305 1306 1387 1386
1770 3 2 9 1 1306 1307 1388 1387
1771 3 2 9 1 1307 1308 1389 1388
1772 3 2 9 1 1308 1309 1390 1389
1773 3 2 9 1 1309 1310 1391 1390
1774 3 2 9 1 1310 1311 1392 1391
1775 3 2 9 1 1311 1312 1393 1392
1776 3 2 9 1 1312 1313 1394 1393
1777 3 2 9 1 1313 1314 1395 1394
1778 3 2 9 1 1314 1315 1396 1395
1779 3 2 9 1 1315 1316 1397 1396
1780 3 2 9 1 1316 1317 1398 1397
1781 3 2 9 1 1317 1318 1399 1398
1782 3 2 9 1 1318 1319 1400 1399
1783 3 2 9 1 1319 1320 1401 1400
1784 3 2 9 1 1320 1321 1402 1401
1785 3 2 9 1 1321 1322 1403 1402
1786 3 2 9 1 1322 1323 1404 1403
1787 3 2 9 1 1323 1324 1405 1404
1788 3 2 9 1 1324 1325 1406 1405
1789 3 2 9 1 1325 1326 1407 1406
1790 3 2 9 1 1326 1327 1408 1407
1791 3 2 9 1 1327 1328 1409 1408
1792 3 2 9 1 1328 1329 1410 1409
1793 3 2 9 1 1329 1330 1411 1410
1794 3 2 9 1 1330 1331 1412 1411
1795 3 2 9 1 1331 1332 1413 1412
1796 3 2 9 1 1332 1333 1414 1413
1797 3 2 9 1 1333 1334 1415 1414
1798 3 2 9 1 1334 1335 1416 1415
1799 3 2 9 1 1335 1336 1417 1416
1800 3 2 9 1 1336 1337 1418 1417
1801 3 2 9 1 1337 1338 1419 1418
1802 3 2 9 1 1338 1339 1420 1419
1803 3 2 9 1 1339 1340 1421 1420
1804 3 2 9 1 1340 1341 1422 1421
1805 3 2 9 1 1341 1342 1423 1422
1806 3 2 9 1 1342 1343 1424 1423
1807 3 2 9 1 1343 1344 1425 1424
1808 3 2 9 1 1344 1345 1426 1425
1809 3 2 9 1 1345 1346 1427 1426
1810 3 2 9 1 1346 1347 1428 1427
1811 3 2 9 1 1347 1348 1429 1428
1812 3 2 9 1 1348 1349 1430 1429
1813 3 2 9 1 1349 1350 1431 1430
1814 3 2 9 1 1350 1351 1432 1431
1815 3 2 9 1 1351 1352 1433 1432
1816 3 2 9 1 1352 1353 1434 1433
1817 3 2 9 1 1353 1354 1435 1434
1818 3 2 9 1 1354 1355 1436 1435
1819 3 2 9 1 1355 1356 1437 1436
1820 3 2 9 1 1356 1357 1438 1437
1821 3 2 9 1 1357 1358 1439 1438
1822 3 2 9 1 1358 1359 1440 1439
1823 3 2 9 1 1359 1360 1441 1440
1824 3 2 9 1 1360 1361 1442 1441
1825 3 2 9 1 1361 1362 1443 1442
1826 3 2 9 1 1362 1363 1444 1443
1827 3 2 9 1 1363 1364 1445 1444
1828 3 2 9 1 1364 1365 1446 1445
1829 3 2 9 1 1365 1366 1447 1446
1830 3 2 9 1 1366 1367 1448 1447
1831 3 2 9 1 1367 1368 1449 1448
1832 3 2 9 1 1368 1369 1450 1449
1833 3 2 9 1 1369 1370 1451 1450
1834 3 2 9 1 1370 1371 1452 1451
1835 3 2 9 1 1371 1372 1453 1452
1836 3 2 9 1 1372 1373 1454 1453
1837 3 2 9 1 1373 1374 1455 1454
1838 3 2 9 1 1374 1375 1456 1455
1839 3 2 9 1 1375 1376 1457 1456
1840 3 2 9 1 1376 1377 1458 1457
1841 3 2 9 1 1378 1379 1460 1459
1842 3 2 9 1 1379 1380 1461 1460
1843 3 2 9 1 1380 1381 1462 1461
1844 3 2 9 1 1381 1382 1463 1462
1845 3 2 9 1 1382 1383 1464 1463
1846 3 2 9 1 1383 1384 1465 1464
1847 3 2 9 1 1384 1385 1466 1465
1848 3 2 9 1 1385 1386 1467 1466
1849 3 2 9 1 1386 1387 1468 1467
1850 3 2 9 1 1387 1388 1469 1468
1851 3 2 9 1 1388 1389 1470 1469
1852 3 2 9 1 1389 1390 1471 1470
1853 3 2 9 1 1390 1391 1472 1471
1854 3 2 9 1 1391 1392 1473 1472
1855 3 2 9 1 1392 1393 1474 1473
1856 3 2 9 1 1393 1394 1475 1474
1857 3 2 9 1 1394 1395 1476 1475
1858 3 2 9 1 1395 1396 1477 1476
1859 3 2 9 1 1396 1397 1478 1477
1860 3 2 9 1 1397 1398 1479 1478
1861 3 2 9 1 1398 1399 1480 1479
1862 3 2 9 1 1399 1400 1481 1480
1863 3 2 9 1 1400 1401 1482 1481
1864 3 2 9 1 1401 1402 1483 1482
1865 3 2 9 1 1402 1403 1484 1483
1866 3 2 9 1 1403 1404 1485 1484
1867 3 2 9 1 1404 1405 1486 1485
1868 3 2 9 1 1405 1406 1487 1486
1869 3 2 9 1 1406 1407 1488 1487
1870 3 2 9 1 1407 1408 1489 1488
1871 3 2 9 1 1408 1409 1490 1489
1872 3 2 9 1 1409 1410 1491 1490
1873 3 2 9 1 1410 1411 1492 1491
1874 3 2 9 1 1411 1412 1493 1492
1875 3 2 9 1 1412 1413 1494 1493
1876 3 2 9 1 1413 1414 1495 1494
1877 3 2 9 1 1414 1415 1496 1495
1878 3 2 9 1 1415 1416 1497 1496
1879 3 2 9 1 1416 1417 1498 1497
1880 3 2 9 1 1417 1418 1499 1498
1881 3 2 9 1 1418 1419 1500 1499
1882 3 2 9 1 1419 1420 1501 1500
1883 3 2 9 1 1420 1421 1502 1501
1884 3 2 9 1 1421 1422 1503 1502
1885 3 2 9 1 1422 1423 1504 1503
1886 3 2 9 1 1423 1424 1505 1504
1887 3 2 9 1 1424 1425 1506 1505
1888 3 2 9 1 1425 1426 1507 1506
1889 3 2 9 1 1426 1427 1508 1507
1890 3 2 9 1 1427 1428 1509 1508
1891 3 2 9 1 1428 1429 1510 1509
1892 3 2 9 1 1429 1430 1511 1510
1893 3 2 9 1 1430 1431 1512 1511
1894 3 2 9 1 1431 1432 1513 1512
1895 3 2 9 1 1432 1433 1514 1513
1896 3 2 9 1 1433 1434 1515 1514
1897 3 2 9 1 1434 1435 1516 1515
1898 3 2 9 1 1435 1436 1517 1516
1899 3 2 9 1 1436 1437 1518 1517
1900 3 2 9 1 1437 1438 1519 1518
1901 3 2 9 1 1438 1439 1520 1519
1902 3 2 9 1 1439 1440 1521 1520
1903 3 2 9 1 1440 1441 1522 1521
1904 3 2 9 1 1441 1442 1523 1522
1905 3 2 9 1 1442 1443 1524 1523
1906 3 2 9 1 1443 1444 1525 1524
1907 3 2 9 1 1444 1445 1526 1525
1908 3 2 9 1 1445 1446 1527 1526
1909 3 2 9 1 1446 1447 1528 1527
1910 3 2 9 1 1447 1448 1529 1528
1911 3 2 9 1 1448 1449 1530 1529
1912 3 2 9 1 1449 1450 1531 1530
1913 3 2 9 1 1450 1451 1532 1531
1914 3 2 9 1 1451 1452 1533 1532
1915 3 2 9 1 1452 1453 1534 1533
1916 3 2 9 1 1453 1454 1535 1534
1917 3 2 9 1 1454 1455 1536 1535
1918 3 2 9 1 1455 1456 1537 1536
1919 3 2 9 1 1456 1457 1538 1537
1920 3 2 9 1 1457 1458 1539 1538
1921 3 2 9 1 1459 1460 1541 1540
1922 3 2 9 1 1460 1461 1542 1541
1923 3 2 9 1 1461 1462 1543 1542
1924 3 2 9 1 1462 1463 1544 1543
1925 3 2 9 1 1463 1464 1545 1544
1926 3 2 9 1 1464 1465 1546 1545
1927 3 2 9 1 1465 1466 1547 1546
1928 3 2 9 1 1466 1467 1548 1547
1929 3 2 9 1 1467 1468 1549 1548
1930 3 2 9 1 1468 1469 1550 1549
1931 3 2 9 1 1469 1470 1551 1550
1932 3 2 9 1 1470 1471 1552 1551
1933 3 2 9 1 1471 1472 1553 1552
1934 3 2 9 1 1472 1473 1554 1553
1935 3 2 9 1 1473 1474 1555 1554
1936 3 2 9 1 1474 1475 1556 1555
1937 3 2 9 1 1475 1476 1557 1556
1938 3 2 9 1 1476 1477 1558 1557
1939 3 2 9 1 1477 1478 1559 1558
1940 3 2 9 1 1478 1479 1560 1559
1941 3 2 9 1 1479 1480 1561 1560
1942 3 2 9 1 1480 1481 1562 1561
1943 3 2 9 1 1481 1482 1563 1562
1944 3 2 9 1 1482 1483 1564 1563
1945 3 2 9 1 1483 1484 1565 1564
1946 3 2 9 1 1484 1485 1566 1565
1947 3 2 9 1 1485 1486 1567 1566
1948 3 2 9 1 1486 1487 1568 1567
1949 3 2 9 1 1487 1488 1569 1568
1950 3 2 9 1 1488 1489 1570 1569
1951 3 2 9 1 1489 1490 1571 1570
1952 3 2 9 1 1490 1491 1572 1571
1953 3 2 9 1 1491 1492 1573 1572
1954 3 2 9 1 1492 1493 1574 1573
1955 3 2 9 1 1493 1494 1575 1574
1956 3 2 9 1 1494 1495 1576 1575
1957 3 2 9 1 1495 1496 1577 1576
1958 3 2 9 1 1496 1497 1578 1577
1959 3 2 9 1 1497 1498 1579 1578
1960 3 2 9 1 1498 1499 1580 1579
1961 3 2 9 1 1499 1500 1581 1580
1962 3 2 9 1 1500 1501 1582 1581
1963 3 2 9 1 1501 1502 1583 1582
1964 3 2 9 1 1502 1503 1584 1583
1965 3 2 9 1 1503 1504 1585 1584
1966 3 2 9 1 1504 1505 1586 1585
1967 3 2 9 1 1505 1506 1587 1586
1968 3 2 9 1 1506 1507 1588 1587
1969 3 2 9 1 1507 1508 1589 1588
1970 3 2 9 1 1508 1509 1590 1589
1971 3 2 9 1 1509 1510 1591 1590
1972 3 2 9 1 1510 1511 1592 1591
1973 3 2 9 1 1511 1512 1593 1592
1974 3 2 9 1 1512 1513 1594 1593
1975 3 2 9 1 1513 1514 1595 1594
1976 3 2 9 1 1514 1515 1596 1595
1977 3 2 9 1 1515 1516 1597 1596
1978 3 2 9 1 1516 1517 1598 1597
1979 3 2 9 1 1517 1518 1599 1598
1980 3 2 9 1 1518 1519 1600 1599
1981 3 2 9 1 1519 1520 1601 1600
1982 3 2 9 1 1520 1521 1602 1601
1983 3 2 9 1 1521 1522 1603 1602
1984 3 2 9 1 1522 1523 1604 1603
1985 3 2 9 1 1523 1524 1605 1604
1986 3 2 9 1 1524 1525 1606 1605
1987 3 2 9 1 1525 1526 1607 1606
1988 3 2 9 1 1526 1527 1608 1607
1989 3 2 9 1 1527 1528 1609 1608
1990 3 2 9 1 1528 1529 1610 1609
1991 3 2 9 1 1529 1530 1611 1610
1992 3 2 9 1 1530 1531 1612 1611
1993 3 2 9 1 1531 1532 1613 1612
1994 3 2 9 1 1532 1533 1614 1613
1995 3 2 9 1 1533 1534 1615 1614
1996 3 2 9 1 1534 1535 1616 1615
1997 3 2 9 1 1535 1536 1617 1616
1998 3 2 9 1 1536 1537 1618 1617
1999 3 2 9 1 1537 1538 1619 1618
2000 3 2 9 1 1538 1539 1620 1619
2001 3 2 9 1 1540 1541 1622 1621
2002 3 2 9 1 1541 1542 1623 1622
2003 3 2 9 1 1542 1543 1624 1623
2004 3 2 9 1 1543 1544 1625 1624
2005 3 2 9 1 1544 1545 1626 1625
2006 3 2 9 1 1545 1546 1627 1626
2007 3 2 9 1 1546 1547 1628 1627
2008 3 2 9 1 1547 1548 1629 1628
2009 3 2 9 1 1548 1549 1630 1629
2010 3 2 9 1 1549 1550 1631 1630
2011 3 2 9 1 1550 1551 1632 1631
2012 3 2 9 1 1551 1552 1633 1632
2013 3 2 9 1 1552 1553 1634 1633
2014 3 2 9 1 1553 1554 1635 1634
2015 3 2 9 1 1554 1555 1636 1635
2016 3 2 9 1 1555 1556 1637 1636
2017 3 2 9 1 1556 1557 1638 1637
2018 3 2 9 1 1557 1558 1639 1638
2019 3 2 9 1 1558 1559 1640 1639
2020 3 2 9 1 1559 1560 1641 1640
2021 3 2 9 1 1560 1561 1642 1641
2022 3 2 9 1 1561 1562 1643 1642
2023 3 2 9 1 1562 1563 1644 1643
2024 3 2 9 1 1563 1564 1645 1644
2025 3 2 9 1 1564 1565 1646 1645
2026 3 2 9 1 1565 1566 1647 1646
2027 3 2 9 1 1566 1567 1648 1647
2028 3 2 9 1 1567 1568 1649 1648
2029 3 2 9 1 1568 1569 1650 1649
2030 3 2 9 1 1569 1570 1651 1650
2031 3 2 9 1 1570 1571 1652 1651
2032 3 2 9 1 1571 1572 1653 1652
2033 3 2 9 1 1572 1573 1654 1653
2034 3 2 9 1 1573 1574 1655 1654
2035 3 2 9 1 1574 1575 1656 1655
2036 3 2 9 1 1575 1576 1657 1656
2037 3 2 9 1 1576 1577 1658 1657
2038 3 2 9 1 1577 1578 1659 1658
2039 3 2 9 1 1578 1579 1660 1659
2040 3 2 9 1 1579 1580 1661 1660
2041 3 2 9 1 1580 1581 1662 1661
2042 3 2 9 1 1581 1582 1663 1662
2043 3 2 9 1 1582 1583 1664 1663
2044 3 2 9 1 1583 1584 1665 1664
2045 3 2 9 1 1584 1585 1666 1665
2046 3 2 9 1 1585 1586 1667 1666
2047 3 2 9 1 1586 1587 1668 1667
2048 3 2 9 1 1587 1588 1669 1668
2049 3 2 9 1 1588 1589 1670 1669
2050 3 2 9 1 1589 1590 1671 1670
2051 3 2 9 1 1590 1591 1672 1671
2052 3 2 9 1 1591 1592 1673 1672
2053 3 2 9 1 1592 1593 1674 1673
2054 3 2 9 1 1593 1594 1675 1674
2055 3 2 9 1 1594 1595 1676 1675
2056 3 2 9 1 1595 1596 1677 1676
2057 3 2 9 1 1596 1597 1678 1677
2058 3 2 9 1 1597 1598 1679 1678
2059 3 2 9 1 1598 1599 1680 1679
2060 3 2 9 1 1599 1600 1681 1680
2061 3 2 9 1 1600 1601 1682 1681
2062 3 2 9 1 1601 1602 1683 1682
2063 3 2 9 1 1602 1603 1684 1683
2064 3 2 9 1 1603 1604 1685 1684
2065 3 2 9 1 1604 1605 1686 1685
2066 3 2 9 1 1605 1606 1687 1686
2067 3 2 9 1 1606 1607 1688 1687
2068 3 2 9 1 1607 1608 1689 1688
2069 3 2 9 1 1608 1609 1690 1689
2070 3 2 9 1 1609 1610 1691 1690
2071 3 2 9 1 1610 1611 1692 1691
2072 3 2 9 1 1611 1612 1693 1692
2073 3 2 9 1 1612 1613 1694 1693
2074 3 2 9 1 1613 1614 1695 1694
2075 3 2 9 1 1614 1615 1696 1695
2076 3 2 9 1 1615 1616 1697 1696
2077 3 2 9 1 1616 1617 1698 1697
2078 3 2 9 1 1617 1618 1699 1698
2079 3 2 9 1 1618 1619 1700 1699
2080 3 2 9 1 1619 1620 1701 1700
2081 3 2 9 1 1621 1622 1703 1702
2082 3 2 9 1 1622 1623 1704 1703
2083 3 2 9 1 1623 1624 1705 1704
2084 3 2 9 1 1624 1625 1706 1705
2085 3 2 9 1 1625 1626 1707 1706
2086 3 2 9 1 1626 1627 1708 1707
2087 3 2 9 1 1627 1628 1709 1708
2088 3 2 9 1 1628 1629 1710 1709
2089 3 2 9 1 1629 1630 1711 1710
2090 3 2 9 1 1630 1631 1712 1711
2091 3 2 9 1 1631 1632 1713 1712
2092 3 2 9 1 1632 1633 1714 1713
2093 3 2 9 1 1633 1634 1715 1714
2094 3 2 9 1 1634 1635 1716 1715
2095 3 2 9 1 1635 1636 1717 1716
2096 3 2 9 1 1636 1637 1718 1717
2097 3 2 9 1 1637 1638 1719 1718
2098 3 2 9 1 1638 1639 1720 1719
2099 3 2 9 1 1639 1640 1721 1720
2100 3 2 9 1 1640 1641 1722 1721
2101 3 2 9 1 1641 1642 1723 1722
2102 3 2 9 1 1642 1643 1724 1723
2103 3 2 9 1 1643 1644 1725 1724
2104 3 2 9 1 1644 1645 1726 1725
2105 3 2 9 1 1645 1646 1727 1726
2106 3 2 9 1 1646 1647 1728 1727
2107 3 2 9 1 1647 1648 1729 1728
2108 3 2 9 1 1648 1649 1730 1729
2109 3 2 9 1 1649 1650 1731 1730
2110 3 2 9 1 1650 1651 1732 1731
2111 3 2 9 1 1651 1652 1733 1732
2112 3 2 9 1 1652 1653 1734 1733
2113 3 2 9 1 1653 1654 1735 1734
2114 3 2 9 1 1654 1655 1736 1735
2115 3 2 9 1 1655 1656 1737 1736
2116 3 2 9 1 1656 1657 1738 1737
2117 3 2 9 1 1657 1658 1739 1738
2118 3 2 9 1 1658 1659 1740 1739
2119 3 2 9 1 1659 1660 1741 1740
2120 3 2 9 1 1660 1661 1742 1741
2121 3 2 9 1 1661 1662 1743 1742
2122 3 2 9 1 1662 1663 1744 1743
2123 3 2 9 1 1663 1664 1745 1744
2124 3 2 9 1 1664 1665 1746 1745
2125 3 2 9 1 1665 1666 1747 1746
2126 3 2 9 1 1666 1667 1748 1747
2127 3 2 9 1 1667 1668 1749 1748
2128 3 2 9 1 1668 1669 1750 1749
2129 3 2 9 1 1669 1670 1751 1750
2130 3 2 9 1 1670 1671 1752 1751
2131 3 2 9 1 1671 1672 1753 1752
2132 3 2 9 1 1672 1673 1754 1753
2133 3 2 9 1 1673 1674 1755 1754
2134 3 2 9 1 1674 1675 1756 1755
2135 3 2 9 1 1675 1676 1757 1756
2136 3 2 9 1 1676 1677 1758 1757
2137 3 2 9 1 1677 1678 1759 1758
2138 3 2 9 1 1678 1679 1760 1759
2139 3 2 9 1 1679 1680 1761 1760
2140 3 2 9 1 1680 1681 1762 1761
2141 3 2 9 1 1681 1682 1763 1762
2142 3 2 9 1 1682 1683 1764 1763
2143 3 2 9 1 1683 1684 1765 1764
2144 3 2 9 1 1684 1685 1766 1765
2145 3 2 9 1 1685 1686 1767 1766
2146 3 2 9 1 1686 1687 1768 1767
2147 3 2 9 1 1687 1688 1769 1768
2148 3 2 9 1 1688 1689 1770 1769
2149 3 2 9 1 1689 1690 1771 1770
2150 3 2 9 1 1690 1691 1772 1771
2151 3 2 9 1 1691 1692 1773 1772
2152 3 2 9 1 1692 1693 1774 1773
2153 3 2 9 1 1693 1694 1775 1774
2154 3 2 9 1 1694 1695 1776 1775
2155 3 2 9 1 1695 1696 1777 1776
2156 3 2 9 1 1696 1697 1778 1777
2157 3 2 9 1 1697 1698 1779 1778
2158 3 2 9 1 1698 1699 1780 1779
2159 3 2 9 1 1699 1700 1781 1780
2160 3 2 9 1 1700 1701 1782 1781
2161 3 2 9 1 1702 1703 1784 1783
2162 3 2 9 1 1703 1704 1785 1784
2163 3 2 9 1 1704 1705 1786 1785
2164 3 2 9 1 1705 1706 1787 1786
2165 3 2 9 1 1706 1707 1788 1787
2166 3 2 9 1 1707 1708 1789 1788
2167 3 2 9 1 1708 1709 1790 1789
2168 3 2 9 1 1709 1710 1791 1790
2169 3 2 9 1 1710 1711 1792 1791
2170 3 2 9 1 1711 1712 1793 1792
2171 3 2 9 1 1712 1713 1794 1793
2172 3 2 9 1 1713 1714 1795 1794
2173 3 2 9 1 1714 1715 1796 1795
2174 3 2 9 1 1715 1716 1797 1796
2175 3 2 9 1 1716 1717 1798 1797
2176 3 2 9 1 1717 1718 1799 1798
2177 3 2 9 1 1718 1719 1800 1799
2178 3 2 9 1 1719 1720 1801 1800
2179 3 2 9 1 1720 1721 1802 1801
2180 3 2 9 1 1721 1722 1803 1802
2181 3 2 9 1 1722 1723 1804 1803
2182 3 2 9 1 1723 1724 1805 1804
2183 3 2 9 1 1724 1725 1806 1805
2184 3 2 9 1 1725 1726 1807 1806
2185 3 2 9 1 1726 1727 1808 1807
2186 3 2 9 1 1727 1728 1809 1808
2187 3 2 9 1 1728 1729 1810 1809
2188 3 2 9 1 1729 1730 1811 1810
2189 3 2 9 1 1730 1731 1812 1811
2190 3 2 9 1 1731 1732 1813 1812
2191 3 2 9 1 1732 1733 1814 1813
2192 3 2 9 1 1733 1734 1815 1814
2193 3 2 9 1 1734 1735 1816 1815
2194 3 2 9 1 1735 1736 1817 1816
2195 3 2 9 1 1736 1737 1818 1817
2196 3 2 9 1 1737 1738 1819 1818
2197 3 2 9 1 1738 1739 1820 1819
2198 3 2 9 1 1739 1740 1821 1820
2199 3 2 9 1 1740 1741 1822 1821
2200 3 2 9 1 1741 1742 1823 1822
2201 3 2 9 1 1742 1743 1824 1823
2202 3 2 9 1 1743 1744 1825 1824
2203 3 2 9 1 1744 1745 1826 1825
2204 3 2 9 1 1745 1746 1827 1826
2205 3 2 9 1 1746 1747 1828 1827
2206 3 2 9 1 1747 1748 1829 1828
2207 3 2 9 1 1748 1749 1830 1829
2208 3 2 9 1 1749 1750 1831 1830
2209 3 2 9 1 1750 1751 1832 1831
2210 3 2 9 1 1751 1752 1833 1832
2211 3 2 9 1 1752 1753 1834 1833
2212 3 2 9 1 1753 1754 1835 1834
2213 3 2 9 1 1754 1755 1836 1835
2214 3 2 9 1 1755 1756 1837 1836
2215 3 2 9 1 1756 1757 1838 1837
2216 3 2 9 1 1757 1758 1839 1838
2217 3 2 9 1 1758 1759 1840 1839
2218 3 2 9 1 1759 1760 1841 1840
2219 3 2 9 1 1760 1761 1842 1841
2220 3 2 9 1 1761 1762 1843 1842
2221 3 2 9 1 1762 1763 1844 1843
2222 3 2 9 1 1763 1764 1845 1844
2223 3 2 9 1 1764 1765 1846 1845
2224 3 2 9 1 1765 1766 1847 1846
2225 3 2 9 1 1766 1767 1848 1847
2226 3 2 9 1 1767 1768 1849 1848
2227 3 2 9 1 1768 1769 1850 1849
2228 3 2 9 1 1769 1770 1851 1850
2229 3 2 9 1 1770 1771 1852 1851
2230 3 2 9 1 1771 1772 1853 1852
2231 3 2 9 1 1772 1773 1854 1853
2232 3 2 9 1 1773 1774 1855 1854
2233 3 2 9 1 1774 1775 1856 1855
2234 3 2 9 1 1775 1776 1857 1856
2235 3 2 9 1 1776 1777 1858 1857
2236 3 2 9 1 1777 1778 1859 1858
2237 3 2 9 1 1778 1779 1860 1859
2238 3 2 9 1 1779 1780 1861 1860
2239 3 2 9 1 1780 1781 1862 1861
2240 3 2 9 1 1781 1782 1863 1862
2241 3 2 9 1 1783 1784 1865 1864
2242 3 2 9 1 1784 1785 1866 1865
2243 3 2 9 1 1785 1786 1867 1866
2244 3 2 9 1 1786 1787 1868 1867
2245 3 2 9 1 1787 1788 1869 1868
2246 3 2 9 1 1788 1789 1870 1869
2247 3 2 9 1 1789 1790 1871 1870
2248 3 2 9 1 1790 1791 1872 1871
2249 3 2 9 1 1791 1792 1873 1872
2250 3 2 9 1 1792 1793 1874 1873
2251 3 2 9 1 1793 1794 1875 1874
2252 3 2 9 1 1794 1795 1876 1875
2253 3 2 9 1 1795 1796 1877 1876
2254 3 2 9 1 1796 1797 1878 1877
2255 3 2 9 1 1797 1798 1879 1878
2256 3 2 9 1 1798 1799 1880 1879
2257 3 2 9 1 1799 1800 1881 1880
2258 3 2 9 1 1800 1801 1882 1881
2259 3 2 9 1 1801 1802 1883 1882
2260 3 2 9 1 1802 1803 1884 1883
2261 3 2 9 1 1803 1804 1885 1884
2262 3 2 9 1 1804 1805 1886 1885
2263 3 2 9 1 1805 1806 1887 1886
2264 3 2 9 1 1806 1807 1888 1887
2265 3 2 9 1 1807 1808 1889 1888
2266 3 2 9 1 1808 1809 1890 1889
2267 3 2 9 1 1809 1810 1891 1890
2268 3 2 9 1 1810 1811 1892 1891
2269 3 2 9 1 1811 1812 1893 1892
2270 3 2 9 1 1812 1813 1894 1893
2271 3 2 9 1 1813 1814 1895 1894
2272 3 2 9 1 1814 1815 1896 1895
2273 3 2 9 1 1815 1816 1897 1896
2274 3 2 9 1 1816 1817 1898 1897
2275 3 2 9 1 1817 1818 1899 1898
2276 3 2 9 1 1818 1819 1900 1899
2277 3 2 9 1 1819 1820 1901 1900
2278 3 2 9 1 1820 1821 1902 1901
2279 3 2 9 1 1821 1822 1903 1902
2280 3 2 9 1 1822 1823 1904 1903
2281 3 2 9 1 1823 1824 1905 1904
2282 3 2 9 1 1824 1825 1906 1905
2283 3 2 9 1 1825 1826 1907 1906
2284 3 2 9 1 1826 1827 1908 1907
2285 3 2 9 1 1827 1828 1909 1908
2286 3 2 9 1 1828 1829 1910 1909
2287 3 2 9 1 1829 1830 1911 1910
2288 3 2 9 1 1830 1831 1912 1911
2289 3 2 9 1 1831 1832 1913 1912
2290 3 2 9 1 1832 1833 1914 1913
2291 3 2 9 1 1833 1834 1915 1914
2292 3 2 9 1 1834 1835 1916 1915
2293 3 2 9 1 1835 1836 1917 1916
2294 3 2 9 1 1836 1837 1918 1917
2295 3 2 9 1 1837 1838 1919 1918
2296 3 2 9 1 1838 1839 1920 1919
2297 3 2 9 1 1839 1840 1921 1920
2298 3 2 9 1 1840 1841 1922 1921
2299 3 2 9 1 1841 1842 1923 1922
2300 3 2 9 1 1842 1843 1924 1923
2301 3 2 9 1 1843 1844 1925 1924
2302 3 2 9 1 1844 1845 1926 1925
2303 3 2 9 1 1845 1846 1927 1926
2304 3 2 9 1 1846 1847 1928 1927
2305 3 2 9 1 1847 1848 1929 1928
2306 3 2 9 1 1848 1849 1930 1929
2307 3 2 9 1 1849 1850 1931 1930
2308 3 2 9 1 1850 1851 1932 1931
2309 3 2 9 1 1851 1852 1933 1932
2310 3 2 9 1 1852 1853 1934 1933
2311 3 2 9 1 1853 1854 1935 1934
2312 3 2 9 1 1854 1855 1936 1935
2313 3 2 9 1 1855 1856 1937 1936
2314 3 2 9 1 1856 1857 1938 1937
2315 3 2 9 1 1857 1858 1939 1938
2316 3 2 9 1 1858 1859 1940 1939
2317 3 2 9 1 1859 1860 1941 1940
2318 3 2 9 1 1860 1861 1942 1941
2319 3 2 9 1 1861 1862 1943 1942
2320 3 2 9 1 1862 1863 1944 1943
2321 3 2 9 1 1864 1865 1946 1945
2322 3 2 9 1 1865 1866 1947 1946
2323 3 2 9 1 1866 1867 1948 1947
2324 3 2 9 1 1867 1868 1949 1948
2325 3 2 9 1 1868 1869 1950 1949
2326 3 2 9 1 1869 1870 1951 1950
2327 3 2 9 1 1870 1871 1952 1951
2328 3 2 9 1 1871 1872 1953 1952
2329 3 2 9 1 1872 1873 1954 1953
2330 3 2 9 1 1873 1874 1955 1954
2331 3 2 9 1 1874 1875 1956 1955
2332 3 2 9 1 1875 1876 1957 1956
2333 3 2 9 1 1876 1877 1958 1957
2334 3 2 9 1 1877 1878 1959 1958
2335 3 2 9 1 1878 1879 1960 1959
2336 3 2 9 1 1879 1880 1961 1960
2337 3 2 9 1 1880 1881 1962 1961
2338 3 2 9 1 1881 1882 1963 1962
2339 3 2 9 1 1882 1883 1964 1963
2340 3 2 9 1 1883 1884 1965 1964
2341 3 2 9 1 1884 1885 1966 1965
2342 3 2 9 1 1885 1886 1967 1966
2343 3 2 9 1 1886 1887 1968 1967
2344 3 2 9 1 1887 1888 1969 1968
2345 3 2 9 1 1888 1889 1970 1969
2346 3 2 9 1 1889 1890 1971 1970
2347 3 2 9 1 1890 1891 1972 1971
2348 3 2 9 1 1891 1892 1973 1972
2349 3 2 9 1 1892 1893 1974 1973
2350 3 2 9 1 1893 1894 1975 1974
2351 3 2 9 1 1894 1895 1976 1975
2352 3 2 9 1 1895 1896 1977 1976
2353 3 2 9 1 1896 1897 1978 1977
2354 3 2 9 1 1897 1898 1979 1978
2355 3 2 9 1 1898 1899 1980 1979
2356 3 2 9 1 1899 1900 1981 1980
2357 3 2 9 1 1900 1901 1982 1981
2358 3 2 9 1 1901 1902 1983 1982
2359 3 2 9 1 1902 1903 1984 1983
2360 3 2 9 1 1903 1904 1985 1984
2361 3 2 9 1 1904 1905 1986 1985
2362 3 2 9 1 1905 1906 1987 1986
2363 3 2 9 1 1906 1907 1988 1987
2364 3 2 9 1 1907 1908 1989 1988
2365 3 2 9 1 1908 1909 1990 1989
2366 3 2 9 1 1909 1910 1991 1990
2367 3 2 9 1 1910 1911 1992 1991
2368 3 2 9 1 1911 1912 1993 1992
2369 3 2 9 1 1912 1913 1994 1993
2370 3 2 9 1 1913 1914 1995 1994
2371 3 2 9 1 1914 1915 1996 1995
2372 3 2 9 1 1915 1916 1997 1996
2373 3 2 9 1 1916 1917 1998 1997
2374 3 2 9 1 1917 1918 1999 1998
2375 3 2 9 1 1918 1919 2000 1999
2376 3 2 9 1 1919 1920 2001 2000
2377 3 2 9 1 1920 1921 2002 2001
2378 3 2 9 1 1921 1922 2003 2002
2379 3 2 9 1 1922 1923 2004 2003
2380 3 2 9 1 1923 1924 2005 2004
2381 3 2 9 1 1924 1925 2006 2005
2382 3 2 9 1 1925 1926 2007 2006
2383 3 2 9 1 1926 1927 2008 2007
2384 3 2 9 1 1927 1928 2009 2008
2385 3 2 9 1 1928 1929 2010 2009
2386 3 2 9 1 1929 1930 2011 2010
2387 3 2 9 1 1930 1931 2012 2011
2388 3 2 9 1 1931 1932 2013 2012
2389 3 2 9 1 1932 1933 2014 2013
2390 3 2 9 1 1933 1934 2015 2014
2391 3 2 9 1 1934 1935 2016 2015
2392 3 2 9 1 1935 1936 2017 2016
2393 3 2 9 1 1936 1937 2018 2017
2394 3 2 9 1 1937 1938 2019 2018
2395 3 2 9 1 1938 1939 2020 2019
2396 3 2 9 1 1939 1940 2021 2020
2397 3 2 9 1 1940 1941 2022 2021
2398 3 2 9 1 1941 1942 2023 2022
2399 3 2 9 1 1942 1943 2024 2023
2400 3 2 9 1 1943 1944 2025 2024
2401 3 2 9 1 1945 1946 2027 2026
2402 3 2 9 1 1946 1947 2028 2027
2403 3 2 9 1 1947 1948 2029 2028
2404 3 2 9 1 1948 1949 2030 2029
2405 3 2 9 1 1949 1950 2031 2030
2406 3 2 9 1 1950 1951 2032 2031
2407 3 2 9 1 1951 1952 2033 2032
2408 3 2 9 1 1952 1953 2034 2033
2409 3 2 9 1 1953 1954 2035 2034
2410 3 2 9 1 1954 1955 2036 2035
2411 3 2 9 1 1955 1956 2037 2036
2412 3 2 9 1 1956 1957 2038 2037
2413 3 2 9 1 1957 1958 2039 2038
2414 3 2 9 1 1958 1959 2040 2039
2415 3 2 9 1 1959 1960 2041 2040
2416 3 2 9 1 1960 1961 2042 2041
2417 3 2 9 1 1961 1962 2043 2042
2418 3 2 9 1 1962 1963 2044 2043
2419 3 2 9 1 1963 1964 2045 2044
2420 3 2 9 1 1964 1965 2046 2045
2421 3 2 9 1 1965 1966 2047 2046
2422 3 2 9 1 1966 1967 2048 2047
2423 3 2 9 1 1967 1968 2049 2048
2424 3 2 9 1 1968 1969 2050 2049
2425 3 2 9 1 1969 1970 2051 2050
2426 3 2 9 1 1970 1971 2052 2051
2427 3 2 9 1 1971 1972 2053 2052
2428 3 2 9 1 1972 1973 2054 2053
2429 3 2 9 1 1973 1974 2055 2054
2430 3 2 9 1 1974 1975 2056 2055
2431 3 2 9 1 1975 1976 2057 2056
2432 3 2 9 1 1976 1977 2058 2057
2433 3 2 9 1 1977 1978 2059 2058
2434 3 2 9 1 1978 1979 2060 2059
2435 3 2 9 1 1979 1980 2061 2060
2436 3 2 9 1 1980 1981 2062 2061
2437 3 2 9 1 1981 1982 2063 2062
2438 3 2 9 1 1982 1983 2064 2063
2439 3 2 9 1 1983 1984 2065 2064
2440 3 2 9 1 1984 1985 2066 2065
2441 3 2 9 1 1985 1986 2067 2066
2442 3 2 9 1 1986 1987 2068 2067
2443 3 2 9 1 1987 1988 2069 2068
2444 3 2 9 1 1988 1989 2070 2069
2445 3 2 9 1 1989 1990 2071 2070
2446 3 2 9 1 1990 1991 2072 2071
2447 3 2 9 1 1991 1992 2073 2072
2448 3 2 9 1 1992 1993 2074 2073
2449 3 2 9 1 1993 1994 2075 2074
2450 3 2 9 1 1994 1995 2076 2075
2451 3 2 9 1 1995 1996 2077 2076
2452 3 2 9 1 1996 1997 2078 2077
2453 3 2 9 1 1997 1998 2079 2078
2454 3 2 9 1 1998 1999 2080 2079
2455 3 2 9 1 1999 2000 2081 2080
2456 3 2 9 1 2000 2001 2082 2081
2457 3 2 9 1 2001 2002 2083 2082
2458 3 2 9 1 2002 2003 2084 2083
2459 3 2 9 1 2003 2004 2085 2084
2460 3 2 9 1 2004 2005 2086 2085
2461 3 2 9 1 2005 2006 2087 2086
2462 3 2 9 1 2006 2007 2088 2087
2463 3 2 9 1 2007 2008 2089 2088
2464 3 2 9 1 2008 2009 2090 2089
2465 3 2 9 1 2009 2010 2091 2090
2466 3 2 9 1 2010 2011 2092 2091
2467 3 2 9 1 2011 2012 2093 2092
2468 3 2 9 1 2012 2013 2094 2093
2469 3 2 9 1 2013 2014 2095 2094
2470 3 2 9 1 2014 2015 2096 2095
2471 3 2 9 1 2015 2016 2097 2096
2472 3 2 9 1 2016 2017 2098 2097
2473 3 2 9 1 2017 2018 2099 2098
2474 3 2 9 1 2018 2019 2100 2099
2475 3 2 9 1 2019 2020 2101 2100
2476 3 2 9 1 2020 2021 2102 2101
2477 3 2 9 1 2021 2022 2103 2102
2478 3 2 9 1 2022 2023 2104 2103
2479 3 2 9 1 2023 2024 2105 2104
2480 3 2 9 1 2024 2025 2106 2105
2481 3 2 9 1 2026 2027 2108 2107
2482 3 2 9 1 2027 2028 2109 2108
2483 3 2 9 1 2028 2029 2110 2109
2484 3 2 9 1 2029 2030 2111 2110
2485 3 2 9 1 2030 2031 2112 2111
2486 3 2 9 1 2031 2032 2113 2112
2487 3 2 9 1 2032 2033 2114 2113
2488 3 2 9 1 2033 2034 2115 2114
2489 3 2 9 1 2034 2035 2116 2115
2490 3 2 9 1 2035 2036 2117 2116
2491 3 2 9 1 2036 2037 2118 2117
2492 3 2 9 1 2037 2038 2119 2118
2493 3 2 9 1 2038 2039 2120 2119
2494 3 2 9 1 2039 2040 2121 2120
2495 3 2 9 1 2040 2041 2122 2121
2496 3 2 9 1 2041 2042 2123 2122
2497 3 2 9 1 2042 2043 2124 2123
2498 3 2 9 1 2043 2044 2125 2124
2499 3 2 9 1 2044 2045 2126 2125
2500 3 2 9 1 2045 2046 2127 2126
2501 3 2 9 1 2046 2047 2128 2127
2502 3 2 9 1 2047 2048 2129 2128
2503 3 2 9 1 2048 2049 2130 2129
2504 3 2 9 1 2049 2050 2131 2130
2505 3 2 9 1 2050 2051 2132 2131
2506 3 2 9 1 2051 2052 2133 2132
2507 3 2 9 1 2052 2053 2134 2133
2508 3 2 9 1 2053 2054 2135 2134
2509 3 2 9 1 2054 2055 2136 2135
2510 3 2 9 1 2055 2056 2137 2136
2511 3 2 9 1 2056 2057 2138 2137
2512 3 2 9 1 2057 2058 2139 2138
2513 3 2 9 1 2058 2059 2140 2139
2514 3 2 9 1 2059 2060 2141 2140
2515 3 2 9 1 2060 2061 2142 2141
2516 3 2 9 1 2061 2062 2143 2142
2517 3 2 9 1 2062 2063 2144 2143
2518 3 2 9 1 2063 2064 2145 2144
2519 3 2 9 1 2064 2065 2146 2145
2520 3 2 9 1 2065 2066 2147 2146
2521 3 2 9 1 2066 2067 2148 2147
2522 3 2 9 1 2067 2068 2149 2148
2523 3 2 9 1 2068 2069 2150 2149
2524 3 2 9 1 2069 2070 2151 2150
2525 3 2 9 1 2070 2071 2152 2151
2526 3 2 9 1 2071 2072 2153 2152
2527 3 2 9 1 2072 2073 2154 2153
2528 3 2 9 1 2073 2074 2155 2154
2529 3 2 9 1 2074 2075 2156 2155
2530 3 2 9 1 2075 2076 2157 2156
2531 3 2 9 1 2076 2077 2158 2157
2532 3 2 9 1 2077 2078 2159 2158
2533 3 2 9 1 2078 2079 2160 2159
2534 3 2 9 1 2079 2080 2161 2160
2535 3 2 9 1 2080 2081 2162 2161
2536 3 2 9 1 2081 2082 2163 2162
2537 3 2 9 1 2082 2083 2164 2163
2538 3 2 9 1 2083 2084 2165 2164
2539 3 2 9 1 2084 2085 2166 2165
2540 3 2 9 1 2085 2086 2167 2166
2541 3 2 9 1 2086 2087 2168 2167
2542 3 2 9 1 2087 2088 2169 2168
2543 3 2 9 1 2088 2089 2170 2169
2544 3 2 9 1 2089 2090 2171 2170
2545 3 2 9 1 2090 2091 2172 2171
2546 3 2 9 1 2091 2092 2173 2172
2547 3 2 9 1 2092 2093 2174 2173
2548 3 2 9 1 2093 2094 2175 2174
2549 3 2 9 1 2094 2095 2176 2175
2550 3 2 9 1 2095 2096 2177 2176
2551 3 2 9 1 2096 2097 2178 2177
2552 3 2 9 1 2097 2098 2179 2178
2553 3 2 9 1 2098 2099 2180 2179
2554 3 2 9 1 2099 2100 2181 2180
2555 3 2 9 1 2100 2101 2182 2181
2556 3 2 9 1 2101 2102 2183 2182
2557 3 2 9 1 2102 2103 2184 2183
2558 3 2 9 1 2103 2104 2185 2184
2559 3 2 9 1 2104 2105 2186 2185
2560 3 2 9 1 2105 2106 2187 2186
2561 3 2 9 1 2107 2108 2189 2188
2562 3 2 9 1 2108 2109 2190 2189
2563 3 2 9 1 2109 2110 2191 2190
2564 3 2 9 1 2110 2111 2192 2191
2565 3 2 9 1 2111 2112 2193 2192
2566 3 2 9 1 2112 2113 2194 2193
2567 3 2 9 1 2113 2114 2195 2194
2568 3 2 9 1 2114 2115 2196 2195
2569 3 2 9 1 2115 2116 2197 2196
2570 3 2 9 1 2116 2117 2198 2197
2571 3 2 9 1 2117 2118 2199 2198
2572 3 2 9 1 2118 2119 2200 2199
2573 3 2 9 1 2119 2120 2201 2200
2574 3 2 9 1 2120 2121 2202 2201
2575 3 2 9 1 2121 2122 2203 2202
2576 3 2 9 1 2122 2123 2204 2203
2577 3 2 9 1 2123 2124 2205 2204
2578 3 2 9 1 2124 2125 2206 2205
2579 3 2 9 1 2125 2126 2207 2206
2580 3 2 9 1 2126 2127 2208 2207
2581 3 2 9 1 2127 2128 2209 2208
2582 3 2 9 1 2128 2129 2210 2209
2583 3 2 9 1 2129 2130 2211 2210
2584 3 2 9 1 2130 2131 2212 2211
2585 3 2 9 1 2131 2132 2213 2212
2586 3 2 9 1 2132 2133 2214 2213
2587 3 2 9 1 2133 2134 2215 2214
2588 3 2 9 1 2134 2135 2216 2215
2589 3 2 9 1 2135 2136 2217 2216
2590 3 2 9 1 2136 2137 2218 2217
2591 3 2 9 1 2137 2138 2219 2218
2592 3 2 9 1 2138 2139 2220 2219
2593 3 2 9 1 2139 2140 2221 2220
2594 3 2 9 1 2140 2141 2222 2221
2595 3 2 9 1 2141 2142 2223 2222
2596 3 2 9 1 2142 2143 2224 2223
2597 3 2 9 1 2143 2144 2225 2224
2598 3 2 9 1 2144 2145 2226 2225
2599 3 2 9 1 2145 2146 2227 2226
2600 3 2 9 1 2146 2147 2228 2227
2601 3 2 9 1 2147 2148 2229 2228
2602 3 2 9 1 2148 2149 2230 2229
2603 3 2 9 1 2149 2150 2231 2230
2604 3 2 9 1 2150 2151 2232 2231
2605 3 2 9 1 2151 2152 2233 2232
2606 3 2 9 1 2152 2153 2234 2233
2607 3 2 9 1 2153 2154 2235 2234
2608 3 2 9 1 2154 2155 2236 2235
2609 3 2 9 1 2155 2156 2237 2236
2610 3 2 9 1 2156 2157 2238 2237
2611 3 2 9 1 2157 2158 2239 2238
2612 3 2 9 1 2158 2159 2240 2239
2613 3 2 9 1 2159 2160 2241 2240
2614 3 2 9 1 2160 2161 2242 2241
2615 3 2 9 1 2161 2162 2243 2242
2616 3 2 9 1 2162 2163 2244 2243
2617 3 2 9 1 2163 2164 2245 2244
2618 3 2 9 1 2164 2165 2246 2245
2619 3 2 9 1 2165 2166 2247 2246
2620 3 2 9 1 2166 2167 2248 2247
2621 3 2 9 1 2167 2168 2249 2248
2622 3 2 9 1 2168 2169 2250 2249
2623 3 2 9 1 2169 2170 2251 2250
2624 3 2 9 1 2170 2171 2252 2251
2625 3 2 9 1 2171 2172 2253 2252
2626 3 2 9 1 2172 2173 2254 2253
2627 3 2 9 1 2173 2174 2255 2254
2628 3 2 9 1 2174 2175 2256 2255
2629 3 2 9 1 2175 2176 2257 2256
2630 3 2 9 1 2176 2177 2258 2257
2631 3 2 9 1 2177 2178 2259 2258
2632 3 2 9 1 2178 2179 2260 2259
2633 3 2 9 1 2179 2180 2261 2260
2634 3 2 9 1 2180 2181 2262 2261
2635 3 2 9 1 2181 2182 2263 2262
2636 3 2 9 1 2182 2183 2264 2263
2637 3 2 9 1 2183 2184 2265 2264
2638 3 2 9 1 2184 2185 2266 2265
2639 3 2 9 1 2185 2186 2267 2266
2640 3 2 9 1 2186 2187 2268 2267
2641 3 2 9 1 2188 2189 2270 2269
2642 3 2 9 1 2189 2190 2271 2270
2643 3 2 9 1 2190 2191 2272 2271
2644 3 2 9 1 2191 2192 2273 2272
2645 3 2 9 1 2192 2193 2274 2273
2646 3 2 9 1 2193 2194 2275 2274
2647 3 2 9 1 2194 2195 2276 2275
2648 3 2 9 1 2195 2196 2277 2276
2649 3 2 9 1 2196 2197 2278 2277
2650 3 2 9 1 2197 2198 2279 2278
2651 3 2 9 1 2198 2199 2280 2279
2652 3 2 9 1 2199 2200 2281 2280
2653 3 2 9 1 2200 2201 2282 2281
2654 3 2 9 1 2201 2202 2283 2282
2655 3 2 9 1 2202 2203 2284 2283
2656 3 2 9 1 2203 2204 2285 2284
2657 3 2 9 1 2204 2205 2286 2285
2658 3 2 9 1 2205 2206 2287 2286
2659 3 2 9 1 2206 2207 2288 2287
2660 3 2 9 1 2207 2208 2289 2288
2661 3 2 9 1 2208 2209 2290 2289
2662 3 2 9 1 2209 2210 2291 2290
2663 3 2 9 1 2210 2211 2292 2291
2664 3 2 9 1 2211 2212 2293 2292
2665 3 2 9 1 2212 2213 2294 2293
2666 3 2 9 1 2213 2214 2295 2294
2667 3 2 9 1 2214 2215 2296 2295
2668 3 2 9 1 2215 2216 2297 2296
2669 3 2 9 1 2216 2217 2298 2297
2670 3 2 9 1 2217 2218 2299 2298
2671 3 2 9 1 2218 2219 2300 2299
2672 3 2 9 1 2219 2220 2301 2300
2673 3 2 9 1 2220 2221 2302 2301
2674 3 2 9 1 2221 2222 2303 2302
2675 3 2 9 1 2222 2223 2304 2303
2676 3 2 9 1 2223 2224 2305 2304
2677 3 2 9 1 2224 2225 2306 2305
2678 3 2 9 1 2225 2226 2307 2306
2679 3 2 9 1 2226 2227 2308 2307
2680 3 2 9 1 2227 2228 2309 2308
2681 3 2 9 1 2228 2229 2310 2309
2682 3 2 9 1 2229 2230 2311 2310
2683 3 2 9 1 2230 2231 2312 2311
2684 3 2 9 1 2231 2232 2313 2312
2685 3 2 9 1 2232 2233 2314 2313
2686 3 2 9 1 2233 2234 2315 2314
2687 3 2 9 1 2234 2235 2316 2315
2688 3 2 9 1 2235 2236 2317 2316
2689 3 2 9 1 2236 2237 2318 2317
2690 3 2 9 1 2237 2238 2319 2318
2691 3 2 9 1 2238 2239 2320 2319
2692 3 2 9 1 2239 2240 2321 2320
2693 3 2 9 1 2240 2241 2322 2321
2694 3 2 9 1 2241 2242 2323 2322
2695 3 2 9 1 2242 2243 2324 2323
2696 3 2 9 1 2243 2244 2325 2324
2697 3 2 9 1 2244 2245 2326 2325
2698 3 2 9 1 2245 2246 2327 2326
2699 3 2 9 1 2246 2247 2328 2327
2700 3 2 9 1 2247 2248 2329 2328
2701 3 2 9 1 2248 2249 2330 2329
2702 3 2 9 1 2249 2250 2331 2330
2703 3 2 9 1 2250 2251 2332 2331
2704 3 2 9 1 2251 2252 2333 2332
2705 3 2 9 1 2252 2253 2334 2333
2706 3 2 9 1 2253 2254 2335 2334
2707 3 2 9 1 2254 2255 2336 2335
2708 3 2 9 1 2255 2256 2337 2336
2709 3 2 9 1 2256 2257 2338 2337
2710 3 2 9 1 2257 2258 2339 2338
2711 3 2 9 1 2258 2259 2340 2339
2712 3 2 9 1 2259 2260 2341 2340
2713 3 2 9 1 2260 2261 2342 2341
2714 3 2 9 1 2261 2262 2343 2342
2715 3 2 9 1 2262 2263 2344 2343
2716 3 2 9 1 2263 2264 2345 2344
2717 3 2 9 1 2264 2265 2346 2345
2718 3 2 9 1 2265 2266 2347 2346
2719 3 2 9 1 2266 2267 2348 2347
2720 3 2 9 1 2267 2268 2349 2348
2721 3 2 9 1 2269 2270 2351 2350
2722 3 2 9 1 2270 2271 2352 2351
2723 3 2 9 1 2271 2272 2353 2352
2724 3 2 9 1 2272 2273 2354 2353
2725 3 2 9 1 2273 2274 2355 2354
2726 3 2 9 1 2274 2275 2356 2355
2727 3 2 9 1 2275 2276 2357 2356
2728 3 2 9 1 2276 2277 2358 2357
2729 3 2 9 1 2277 2278 2359 2358
2730 3 2 9 1 2278 2279 2360 2359
2731 3 2 9 1 2279 2280 2361 2360
2732 3 2 9 1 2280 2281 2362 2361
2733 3 2 9 1 2281 2282 2363 2362
2734 3 2 9 1 2282 2283 2364 2363
2735 3 2 9 1 2283 2284 2365 2364
2736 3 2 9 1 2284 2285 2366 2365
2737 3 2 9 1 2285 2286 2367 2366
2738 3 2 9 1 2286 2287 2368 2367
2739 3 2 9 1 2287 2288 2369 2368
2740 3 2 9 1 2288 2289 2370 2369
2741 3 2 9 1 2289 2290 2371 2370
2742 3 2 9 1 2290 2291 2372 2371
2743 3 2 9 1 2291 2292 2373 2372
2744 3 2 9 1 2292 2293 2374 2373
2745 3 2 9 1 2293 2294 2375 2374
2746 3 2 9 1 2294 2295 2376 2375
2747 3 2 9 1 2295 2296 2377 2376
2748 3 2 9 1 2296 2297 2378 2377
2749 3 2 9 1 2297 2298 2379 2378
2750 3 2 9 1 2298 2299 2380 2379
2751 3 2 9 1 2299 2300 2381 2380
2752 3 2 9 1 2300 2301 2382 2381
2753 3 2 9 1 2301 2302 2383 2382
2754 3 2 9 1 2302 2303 2384 2383
2755 3 2 9 1 2303 2304 2385 2384
2756 3 2 9 1 2304 2305 2386 2385
2757 3 2 9 1 2305 2306 2387 2386
2758 3 2 9 1 2306 2307 2388 2387
2759 3 2 9 1 2307 2308 2389 2388
2760 3 2 9 1 2308 2309 2390 2389
2761 3 2 9 1 2309 2310 2391 2390
2762 3 2 9 1 2310 2311 2392 2391
2763 3 2 9 1 2311 2312 2393 2392
2764 3 2 9 1 2312 2313 2394 2393
2765 3 2 9 1 2313 2314 2395 2394
2766 3 2 9 1 2314 2315 2396 2395
2767 3 2 9 1 2315 2316 2397 2396
2768 3 2 9 1 2316 2317 2398 2397
2769 3 2 9 1 2317 2318 2399 2398
2770 3 2 9 1 2318 2319 2400 2399
2771 3 2 9 1 2319 2320 2401 2400
2772 3 2 9 1 2320 2321 2402 2401
2773 3 2 9 1 2321 2322 2403 2402
2774 3 2 9 1 2322 2323 2404 2403
2775 3 2 9 1 2323 2324 2405 2404
2776 3 2 9 1 2324 2325 2406 2405
2777 3 2 9 1 2325 2326 2407 2406
2778 3 2 9 1 2326 2327 2408 2407
2779 3 2 9 1 2327 2328 2409 2408
2780 3 2 9 1 2328 2329 2410 2409
2781 3 2 9 1 2329 2330 2411 2410
2782 3 2 9 1 2330 2331 2412 2411
2783 3 2 9 1 2331 2332 2413 2412
2784 3 2 9 1 2332 2333 2414 2413
2785 3 2 9 1 2333 2334 2415 2414
2786 3 2 9 1 2334 2335 2416 2415
2787 3 2 9 1 2335 2336 2417 2416
2788 3 2 9 1 2336 2337 2418 2417
2789 3 2 9 1 2337 2338 2419 2418
2790 3 2 9 1 2338 2339 2420 2419
2791 3 2 9 1 2339 2340 2421 2420
2792 3 2 9 1 2340 2341 2422 2421
2793 3 2 9 1 2341 2342 2423 2422
2794 3 2 9 1 2342 2343 2424 2423
2795 3 2 9 1 2343 2344 2425 2424
2796 3 2 9 1 2344 2345 2426 2425
2797 3 2 9 1 2345 2346 2427 2426
2798 3 2 9 1 2346 2347 2428 2427
2799 3 2 9 1 2347 2348 2429 2428
2800 3 2 9 1 2348 2349 2430 2429
2801 3 2 9 1 2350 2351 2432 2431
2802 3 2 9 1 2351 2352 2433 2432
2803 3 2 9 1 2352 2353 2434 2433
2804 3 2 9 1 2353 2354 2435 2434
2805 3 2 9 1 2354 2355 2436 2435
2806 3 2 9 1 2355 2356 2437 2436
2807 3 2 9 1 2356 2357 2438 2437
2808 3 2 9 1 2357 2358 2439 2438
2809 3 2 9 1 2358 2359 2440 2439
2810 3 2 9 1 2359 2360 2441 2440
2811 3 2 9 1 2360 2361 2442 2441
2812 3 2 9 1 2361 2362 2443 2442
2813 3 2 9 1 2362 2363 2444 2443
2814 3 2 9 1 2363 2364 2445 2444
2815 3 2 9 1 2364 2365 2446 2445
2816 3 2 9 1 2365 2366 2447 2446
2817 3 2 9 1 2366 2367 2448 2447
2818 3 2 9 1 2367 2368 2449 2448
2819 3 2 9 1 2368 2369 2450 2449
2820 3 2 9 1 2369 2370 2451 2450
2821 3 2 9 1 2370 2371 2452 2451
2822 3 2 9 1 2371 2372 2453 2452
2823 3 2 9 1 2372 2373 2454 2453
2824 3 2 9 1 2373 2374 2455 2454
2825 3 2 9 1 2374 2375 2456 2455
2826 3 2 9 1 2375 2376 2457 2456
2827 3 2 9 1 2376 2377 2458 2457
2828 3 2 9 1 2377 2378 2459 2458
2829 3 2 9 1 2378 2379 2460 2459
2830 3 2 9 1 2379 2380 2461 2460
2831 3 2 9 1 2380 2381 2462 2461
2832 3 2 9 1 2381 2382 2463 2462
2833 3 2 9 1 2382 2383 2464 2463
2834 3 2 9 1 2383 2384 2465 2464
2835 3 2 9 1 2384 2385 2466 2465
2836 3 2 9 1 2385 2386 2467 2466
2837 3 2 9 1 2386 2387 2468 2467
2838 3 2 9 1 2387 2388 2469 2468
2839 3 2 9 1 2388 2389 2470 2469
2840 3 2 9 1 2389 2390 2471 2470
2841 3 2 9 1 2390 2391 2472 2471
2842 3 2 9 1 2391 2392 2473 2472
2843 3 2 9 1 2392 2393 2474 2473
2844 3 2 9 1 2393 2394 2475 2474
2845 3 2 9 1 2394 2395 2476 2475
2846 3 2 9 1 2395 2396 2477 2476
2847 3 2 9 1 2396 2397 2478 2477
2848 3 2 9 1 2397 2398 2479 2478
2849 3 2 9 1 2398 2399 2480 2479
2850 3 2 9 1 2399 2400 2481 2480
2851 3 2 9 1 2400 2401 2482 2481
2852 3 2 9 1 2401 2402 2483 2482
2853 3 2 9 1 2402 2403 2484 2483
2854 3 2 9 1 2403 2404 2485 2484
2855 3 2 9 1 2404 2405 2486 2485
2856 3 2 9 1 2405 2406 2487 2486
2857 3 2 9 1 2406 2407 2488 2487
2858 3 2 9 1 2407 2408 2489 2488
2859 3 2 9 1 2408 2409 2490 2489
2860 3 2 9 1 2409 2410 2491 2490
2861 3 2 9 1 2410 2411 2492 2491
2862 3 2 9 1 2411 2412 2493 2492
2863 3 2 9 1 2412 2413 2494 2493
2864 3 2 9 1 2413 2414 2495 2494
2865 3 2 9 1 2414 2415 2496 2495
2866 3 2 9 1 2415 2416 2497 2496
2867 3 2 9 1 2416 2417 2498 2497
2868 3 2 9 1 2417 2418 2499 2498
2869 3 2 9 1 2418 2419 2500 2499
2870 3 2 9 1 2419 2420 2501 2500
2871 3 2 9 1 2420 2421 2502 2501
2872 3 2 9 1 2421 2422 2503 2502
2873 3 2 9 1 2422 2423 2504 2503
2874 3 2 9 1 2423 2424 2505 2504
2875 3 2 9 1 2424 2425 2506 2505
2876 3 2 9 1 2425 2426 2507 2506
2877 3 2 9 1 2426 2427 2508 2507
2878 3 2 9 1 2427 2428 2509 2508
2879 3 2 9 1 2428 2429 2510 2509
2880 3 2 9 1 2429 2430 2511 2510
2881 3 2 9 1 2431 2432 2513 2512
2882 3 2 9 1 2432 2433 2514 2513
2883 3 2 9 1 2433 2434 2515 2514
2884 3 2 9 1 2434 2435 2516 2515
2885 3 2 9 1 2435 2436 2517 2516
2886 3 2 9 1 2436 2437 2518 2517
2887 3 2 9 1 2437 2438 2519 2518
2888 3 2 9 1 2438 2439 2520 2519
2889 3 2 9 1 2439 2440 2521 2520
2890 3 2 9 1 2440 2441 2522 2521
2891 3 2 9 1 2441 2442 2523 2522
2892 3 2 9 1 2442 2443 2524 2523
2893 3 2 9 1 2443 2444 2525 2524
2894 3 2 9 1 2444 2445 2526 2525
2895 3 2 9 1 2445 2446 2527 2526
2896 3 2 9 1 2446 2447 2528 2527
2897 3 2 9 1 2447 2448 2529 2528
2898 3 2 9 1 2448 2449 2530 2529
2899 3 2 9 1 2449 2450 2531 2530
2900 3 2 9 1 2450 2451 2532 2531
2901 3 2 9 1 2451 2452 2533 2532
2902 3 2 9 1 2452 2453 2534 2533
2903 3 2 9 1 2453 2454 2535 2534
2904 3 2 9 1 2454 2455 2536 2535
2905 3 2 9 1 2455 2456 2537 2536
2906 3 2 9 1 2456 2457 2538 2537
2907 3 2 9 1 2457 2458 2539 2538
2908 3 2 9 1 2458 2459 2540 2539
2909 3 2 9 1 2459 2460 2541 2540
2910 3 2 9 1 2460 2461 2542 2541
2911 3 2 9 1 2461 2462 2543 2542
2912 3 2 9 1 2462 2463 2544 2543
2913 3 2 9 1 2463 2464 2545 2544
2914 3 2 9 1 2464 2465 2546 2545
2915 3 2 9 1 2465 2466 2547 2546
2916 3 2 9 1 2466 2467 2548 2547
2917 3 2 9 1 2467 2468 2549 2548
2918 3 2 9 1 2468 2469 2550 2549
2919 3 2 9 1 2469 2470 2551 2550
2920 3 2 9 1 2470 2471 2552 2551
2921 3 2 9 1 2471 2472 2553 2552
2922 3 2 9 1 2472 2473 2554 2553
2923 3 2 9 1 2473 2474 2555 2554
2924 3 2 9 1 2474 2475 2556 2555
2925 3 2 9 1 2475 2476 2557 2556
2926 3 2 9 1 2476 2477 2558 2557
2927 3 2 9 1 2477 2478 2559 2558
2928 3 2 9 1 2478 2479 2560 2559
2929 3 2 9 1 2479 2480 2561 2560
2930 3 2 9 1 2480 2481 2562 2561
2931 3 2 9 1 2481 2482 2563 2562
2932 3 2 9 1 2482 2483 2564 2563
2933 3 2 9 1 2483 2484 2565 2564
2934 3 2 9 1 2484 2485 2566 2565
2935 3 2 9 1 2485 2486 2567 2566
2936 3 2 9 1 2486 2487 2568 2567
2937 3 2 9 1 2487 2488 2569 2568
2938 3 2 9 1 2488 2489 2570 2569
2939 3 2 9 1 2489 2490 2571 2570
2940 3 2 9 1 2490 2491 2572 2571
2941 3 2 9 1 2491 2492 2573 2572
2942 3 2 9 1 2492 2493 2574 2573
2943 3 2 9 1 2493 2494 2575 2574
2944 3 2 9 1 2494 2495 2576 2575
2945 3 2 9 1 2495 2496 2577 2576
2946 3 2 9 1 2496 2497 2578 2577
2947 3 2 9 1 2497 2498 2579 2578
2948 3 2 9 1 2498 2499 2580 2579
2949 3 2 9 1 2499 2500 2581 2580
2950 3 2 9 1 2500 2501 2582 2581
2951 3 2 9 1 2501 2502 2583 2582
2952 3 2 9 1 2502 2503 2584 2583
2953 3 2 9 1 2503 2504 2585 2584
2954 3 2 9 1 2504 2505 2586 2585
2955 3 2 9 1 2505 2506 2587 2586
2956 3 2 9 1 2506 2507 2588 2587
2957 3 2 9 1 2507 2508 2589 2588
2958 3 2 9 1 2508 2509 2590 2589
2959 3 2 9 1 2509 2510 2591 2590
2960 3 2 9 1 2510 2511 2592 2591
2961 3 2 9 1 2512 2513 2594 2593
2962 3 2 9 1 2513 2514 2595 2594
2963 3 2 9 1 2514 2515 2596 2595
2964 3 2 9 1 2515 2516 2597 2596
2965 3 2 9 1 2516 2517 2598 2597
2966 3 2 9 1 2517 2518 2599 2598
2967 3 2 9 1 2518 2519 2600 2599
2968 3 2 9 1 2519 2520 2601 2600
2969 3 2 9 1 2520 2521 2602 2601
2970 3 2 9 1 2521 2522 2603 2602
2971 3 2 9 1 2522 2523 2604 2603
2972 3 2 9 1 2523 2524 2605 2604
2973 3 2 9 1 2524 2525 2606 2605
2974 3 2 9 1 2525 2526 2607 2606
2975 3 2 9 1 2526 2527 2608 2607
2976 3 2 9 1 2527 2528 2609 2608
2977 3 2 9 1 2528 2529 2610 2609
2978 3 2 9 1 2529 2530 2611 2610
2979 3 2 9 1 2530 2531 2612 2611
2980 3 2 9 1 2531 2532 2613 2612
2981 3 2 9 1 2532 2533 2614 2613
2982 3 2 9 1 2533 2534 2615 2614
2983 3 2 9 1 2534 2535 2616 2615
2984 3 2 9 1 2535 2536 2617 2616
2985 3 2 9 1 2536 2537 2618 2617
2986 3 2 9 1 2537 2538 2619 2618
2987 3 2 9 1 2538 2539 2620 2619
2988 3 2 9 1 2539 2540 2621 2620
2989 3 2 9 1 2540 2541 2622 2621
2990 3 2 9 1 2541 2542 2623 2622
2991 3 2 9 1 2542 2543 2624 2623
2992 3 2 9 1 2543 2544 2625 2624
2993 3 2 9 1 2544 2545 2626 2625
2994 3 2 9 1 2545 2546 2627 2626
2995 3 2 9 1 2546 2547 2628 2627
2996 3 2 9 1 2547 2548 2629 2628
2997 3 2 9 1 2548 2549 2630 2629
2998 3 2 9 1 2549 2550 2631 2630
2999 3 2 9 1 2550 2551 2632 2631
3000 3 2 9 1 2551 2552 2633 2632
3001 3 2 9 1 2552 2553 2634 2633
3002 3 2 9 1 2553 2554 2635 2634
3003 3 2 9 1 2554 2555 2636 2635
3004 3 2 9 1 2555 2556 2637 2636
3005 3 2 9 1 2556 2557 2638 2637
3006 3 2 9 1 2557 2558 2639 2638
3007 3 2 9 1 2558 2559 2640 2639
3008 3 2 9 1 2559 2560 2641 2640
3009 3 2 9 1 2560 2561 2642 2641
3010 3 2 9 1 2561 2562 2643 2642
3011 3 2 9 1 2562 2563 2644 2643
3012 3 2 9 1 2563 2564 2645 2644
3013 3 2 9 1 2564 2565 2646 2645
3014 3 2 9 1 2565 2566 2647 2646
3015 3 2 9 1 2566 2567 2648 2647
3016 3 2 9 1 2567 2568 2649 2648
3017 3 2 9 1 2568 2569 2650 2649
3018 3 2 9 1 2569 2570 2651 2650
3019 3 2 9 1 2570 2571 2652 2651
3020 3 2 9 1 2571 2572 2653 2652
3021 3 2 9 1 2572 2573 2654 2653
3022 3 2 9 1 2573 2574 2655 2654
3023 3 2 9 1 2574 2575 2656 2655
3024 3 2 9 1 2575 2576 2657 2656
3025 3 2 9 1 2576 2577 2658 2657
3026 3 2 9 1 2577 2578 2659 2658
3027 3 2 9 1 2578 2579 2660 2659
3028 3 2 9 1 2579 2580 2661 2660
3029 3 2 9 1 2580 2581 2662 2661
3030 3 2 9 1 2581 2582 2663 2662
3031 3 2 9 1 2582 2583 2664 2663
3032 3 2 9 1 2583 2584 2665 2664
3033 3 2 9 1 2584 2585 2666 2665
3034 3 2 9 1 2585 2586 2667 2666
3035 3 2 9 1 2586 2587 2668 2667
3036 3 2 9 1 2587 2588 2669 2668
3037 3 2 9 1 2588 2589 2670 2669
3038 3 2 9 1 2589 2590 2671 2670
3039 3 2 9 1 2590 2591 2672 2671
3040 3 2 9 1 2591 2592 2673 2672
3041 3 2 9 1 2593 2594 2675 2674
3042 3 2 9 1 2594 2595 2676 2675
3043 3 2 9 1 2595 2596 2677 2676
3044 3 2 9 1 2596 2597 2678 2677
3045 3 2 9 1 2597 2598 2679 2678
3046 3 2 9 1 2598 2599 2680 2679
3047 3 2 9 1 2599 2600 2681 2680
3048 3 2 9 1 2600 2601 2682 2681
3049 3 2 9 1 2601 2602 2683 2682
3050 3 2 9 1 2602 2603 2684 2683
3051 3 2 9 1 2603 2604 2685 2684
3052 3 2 9 1 2604 2605 2686 2685
3053 3 2 9 1 2605 2606 2687 2686
3054 3 2 9 1 2606 2607 2688 2687
3055 3 2 9 1 2607 2608 2689 2688
3056 3 2 9 1 2608 2609 2690 2689
3057 3 2 9 1 2609 2610 2691 2690
3058 3 2 9 1 2610 2611 2692 2691
3059 3 2 9 1 2611 2612 2693 2692
3060 3 2 9 1 2612 2613 2694 2693
3061 3 2 9 1 2613 2614 2695 2694
3062 3 2 9 1 2614 2615 2696 2695
3063 3 2 9 1 2615 2616 2697 2696
3064 3 2 9 1 2616 2617 2698 2697
3065 3 2 9 1 2617 2618 2699 2698
3066 3 2 9 1 2618 2619 2700 2699
3067 3 2 9 1 2619 2620 2701 2700
3068 3 2 9 1 2620 2621 2702 2701
3069 3 2 9 1 2621 2622 2703 2702
3070 3 2 9 1 2622 2623 2704 2703
3071 3 2 9 1 2623 2624 2705 2704
3072 3 2 9 1 2624 2625 2706 2705
3073 3 2 9 1 2625 2626 2707 2706
3074 3 2 9 1 2626 2627 2708 2707
3075 3 2 9 1 2627 2628 2709 2708
3076 3 2 9 1 2628 2629 2710 2709
3077 3 2 9 1 2629 2630 2711 2710
3078 3 2 9 1 2630 2631 2712 2711
3079 3 2 9 1 2631 2632 2713 2712
3080 3 2 9 1 2632 2633 2714 2713
3081 3 2 9 1 2633 2634 2715 2714
3082 3 2 9 1 2634 2635 2716 2715
3083 3 2 9 1 2635 2636 2717 2716
3084 3 2 9 1 2636 2637 2718 2717
3085 3 2 9 1 2637 2638 2719 2718
3086 3 2 9 1 2638 2639 2720 2719
3087 3 2 9 1 2639 2640 2721 2720
3088 3 2 9 1 2640 2641 2722 2721
3089 3 2 9 1 2641 2642 2723 2722
3090 3 2 9 1 2642 2643 2724 2723
3091 3 2 9 1 2643 2644 2725 2724
3092 3 2 9 1 2644 2645 2726 2725
3093 3 2 9 1 2645 2646 2727 2726
3094 3 2 9 1 2646 2647 2728 2727
3095 3 2 9 1 2647 2648 2729 2728
3096 3 2 9 1 2648 2649 2730 2729
3097 3 2 9 1 2649 2650 2731 2730
3098 3 2 9 1 2650 2651 2732 2731
3099 3 2 9 1 2651 2652 2733 2732
3100 3 2 9 1 2652 2653 2734 2733
3101 3 2 9 1 2653 2654 2735 2734
3102 3 2 9 1 2654 2655 2736 2735
3103 3 2 9 1 2655 2656 2737 2736
3104 3 2 9 1 2656 2657 2738 2737
3105 3 2 9 1 2657 2658 2739 2738
3106 3 2 9 1 2658 2659 2740 2739
3107 3 2 9 1 2659 2660 2741 2740
3108 3 2 9 1 2660 2661 2742 2741
3109 3 2 9 1 2661 2662 2743 2742
3110 3 2 9 1 2662 2663 2744 2743
3111 3 2 9 1 2663 2664 2745 2744
3112 3 2 9 1 2664 2665 2746 2745
3113 3 2 9 1 2665 2666 2747 2746
3114 3 2 9 1 2666 2667 2748 2747
3115 3 2 9 1 2667 2668 2749 2748
3116 3 2 9 1 2668 2669 2750 2749
3117 3 2 9 1 2669 2670 2751 2750
3118 3 2 9 1 2670 2671 2752 2751
3119 3 2 9 1 2671 2672 2753 2752
3120 3 2 9 1 2672 2673 2754 2753
3121 3 2 9 1 2674 2675 2756 2755
3122 3 2 9 1 2675 2676 2757 2756
3123 3 2 9 1 2676 2677 2758 2757
3124 3 2 9 1 2677 2678 2759 2758
3125 3 2 9 1 2678 2679 2760 2759
3126 3 2 9 1 2679 2680 2761 2760
3127 3 2 9 1 2680 2681 2762 2761
3128 3 2 9 1 2681 2682 2763 2762
3129 3 2 9 1 2682 2683 2764 2763
3130 3 2 9 1 2683 2684 2765 2764
3131 3 2 9 1 2684 2685 2766 2765
3132 3 2 9 1 2685 2686 2767 2766
3133 3 2 9 1 2686 2687 2768 2767
3134 3 2 9 1 2687 2688 2769 2768
3135 3 2 9 1 2688 2689 2770 2769
3136 3 2 9 1 2689 2690 2771 2770
3137 3 2 9 1 2690 2691 2772 2771
3138 3 2 9 1 2691 2692 2773 2772
3139 3 2 9 1 2692 2693 2774 2773
3140 3 2 9 1 2693 2694 2775 2774
3141 3 2 9 1 2694 2695 2776 2775
3142 3 2 9 1 2695 2696 2777 2776
3143 3 2 9 1 2696 2697 2778 2777
3144 3 2 9 1 2697 2698 2779 2778
3145 3 2 9 1 2698 2699 2780 2779
3146 3 2 9 1 2699 2700 2781 2780
3147 3 2 9 1 2700 2701 2782 2781
3148 3 2 9 1 2701 2702 2783 2782
3149 3 2 9 1 2702 2703 2784 2783
3150 3 2 9 1 2703 2704 2785 2784
3151 3 2 9 1 2704 2705 2786 2785
3152 3 2 9 1 2705 2706 2787 2786
3153 3 2 9 1 2706 2707 2788 2787
3154 3 2 9 1 2707 2708 2789 2788
3155 3 2 9 1 2708 2709 2790 2789
3156 3 2 9 1 2709 2710 2791 2790
3157 3 2 9 1 2710 2711 2792 2791
3158 3 2 9 1 2711 2712 2793 2792
3159 3 2 9 1 2712 2713 2794 2793
3160 3 2 9 1 2713 2714 2795 2794
3161 3 2 9 1 2714 2715 2796 2795
3162 3 2 9 1 2715 2716 2797 2796
3163 3 2 9 1 2716 2717 2798 2797
3164 3 2 9 1 2717 2718 2799 2798
3165 3 2 9 1 2718 2719 2800 2799
3166 3 2 9 1 2719 2720 2801 2800
3167 3 2 9 1 2720 2721 2802 2801
3168 3 2 9 1 2721 2722 2803 2802
3169 3 2 9 1 2722 2723 2804 2803
3170 3 2 9 1 2723 2724 2805 2804
3171 3 2 9 1 2724 2725 2806 2805
3172 3 2 9 1 2725 2726 2807 2806
3173 3 2 9 1 2726 2727 2808 2807
3174 3 2 9 1 2727 2728 2809 2808
3175 3 2 9 1 2728 2729 2810 2809
3176 3 2 9 1 2729 2730 2811 2810
3177 3 2 9 1 2730 2731 2812 2811
3178 3 2 9 1 2731 2732 2813 2812
3179 3 2 9 1 2732 2733 2814 2813
3180 3 2 9 1 2733 2734 2815 2814
3181 3 2 9 1 2734 2735 2816 2815
3182 3 2 9 1 2735 2736 2817 2816
3183 3 2 9 1 2736 2737 2818 2817
3184 3 2 9 1 2737 2738 2819 2818
3185 3 2 9 1 2738 2739 2820 2819
3186 3 2 9 1 2739 2740 2821 2820
3187 3 2 9 1 2740 2741 2822 2821
3188 3 2 9 1 2741 2742 2823 2822
3189 3 2 9 1 2742 2743 2824 2823
3190 3 2 9 1 2743 2744 2825 2824
3191 3 2 9 1 2744 2745 2826 2825
3192 3 2 9 1 2745 2746 2827 2826
3193 3 2 9 1 2746 2747 2828 2827
3194 3 2 9 1 2747 2748 2829 2828
3195 3 2 9 1 2748 2749 2830 2829
3196 3 2 9 1 2749 2750 2831 2830
3197 3 2 9 1 2750 2751 2832 2831
3198 3 2 9 1 2751 2752 2833 2832
3199 3 2 9 1 2752 2753 2834 2833
3200 3 2 9 1 2753 2754 2835 2834
3201 3 2 9 1 2755 2756 2837 2836
3202 3 2 9 1 2756 2757 2838 2837
3203 3 2 9 1 2757 2758 2839 2838
3204 3 2 9 1 2758 2759 2840 2839
3205 3 2 9 1 2759 2760 2841 2840
3206 3 2 9 1 2760 2761 2842 2841
3207 3 2 9 1 2761 2762 2843 2842
3208 3 2 9 1 2762 2763 2844 2843
3209 3 2 9 1 2763 2764 2845 2844
3210 3 2 9 1 2764 2765 2846 2845
3211 3 2 9 1 2765 2766 2847 2846
3212 3 2 9 1 2766 2767 2848 2847
3213 3 2 9 1 2767 2768 2849 2848
3214 3 2 9 1 2768 2769 2850 2849
3215 3 2 9 1 2769 2770 2851 2850
3216 3 2 9 1 2770 2771 2852 2851
3217 3 2 9 1 2771 2772 2853 2852
3218 3 2 9 1 2772 2773 2854 2853
3219 3 2 9 1 2773 2774 2855 2854
3220 3 2 9 1 2774 2775 2856 2855
3221 3 2 9 1 2775 2776 2857 2856
3222 3 2 9 1 2776 2777 2858 2857
3223 3 2 9 1 2777 2778 2859 2858
3224 3 2 9 1 2778 2779 2860 2859
3225 3 2 9 1 2779 2780 2861 2860
3226 3 2 9 1 2780 2781 2862 2861
3227 3 2 9 1 2781 2782 2863 2862
3228 3 2 9 1 2782 2783 2864 2863
3229 3 2 9 1 2783 2784 2865 2864
3230 3 2 9 1 2784 2785 2866 2865
3231 3 2 9 1 2785 2786 2867 2866
3232 3 2 9 1 2786 2787 2868 2867
3233 3 2 9 1 2787 2788 2869 2868
3234 3 2 9 1 2788 2789 2870 2869
3235 3 2 9 1 2789 2790 2871 2870
3236 3 2 9 1 2790 2791 2872 2871
3237 3 2 9 1 2791 2792 2873 2872
3238 3 2 9 1 2792 2793 2874 2873
3239 3 2 9 1 2793 2794 2875 2874
3240 3 2 9 1 2794 2795 2876 2875
3241 3 2 9 1 2795 2796 2877 2876
3242 3 2 9 1 2796 2797 2878 2877
3243 3 2 9 1 2797 2798 2879 2878
3244 3 2 9 1 2798 2799 2880 2879
3245 3 2 9 1 2799 2800 2881 2880
3246 3 2 9 1 2800 2801 2882 2881
3247 3 2 9 1 2801 2802 2883 2882
3248 3 2 9 1 2802 2803 2884 2883
3249 3 2 9 1 2803 2804 2885 2884
3250 3 2 9 1 2804 2805 2886 2885
3251 3 2 9 1 2805 2806 2887 2886
3252 3 2 9 1 2806 2807 2888 2887
3253 3 2 9 1 2807 2808 2889 2888
3254 3 2 9 1 2808 2809 2890 2889
3255 3 2 9 1 2809 2810 2891 2890
3256 3 2 9 1 2810 2811 2892 2891
3257 3 2 9 1 2811 2812 2893 2892
3258 3 2 9 1 2812 2813 2894 2893
3259 3 2 9 1 2813 2814 2895 2894
3260 3 2 9 1 2814 2815 2896 2895
3261 3 2 9 1 2815 2816 2897 2896
3262 3 2 9 1 2816 2817 2898 2897
3263 3 2 9 1 2817 2818 2899 2898
3264 3 2 9 1 2818 2819 2900 2899
3265 3 2 9 1 2819 2820 2901 2900
3266 3 2 9 1 2820 2821 2902 2901
3267 3 2 9 1 2821 2822 2903 2902
3268 3 2 9 1 2822 2823 2904 2903
3269 3 2 9 1 2823 2824 2905 2904
3270 3 2 9 1 2824 2825 2906 2905
3271 3 2 9 1 2825 2826 2907 2906
3272 3 2 9 1 2826 2827 2908 2907
3273 3 2 9 1 2827 2828 2909 2908
3274 3 2 9 1 2828 2829 2910 2909
3275 3 2 9 1 2829 2830 2911 2910
3276 3 2 9 1 2830 2831 2912 2911
3277 3 2 9 1 2831 2832 2913 2912
3278 3 2 9 1 2832 2833 2914 2913
3279 3 2 9 1 2833 2834 2915 2914
3280 3 2 9 1 2834 2835 2916 2915
3281 3 2 9 1 2836 2837 2918 2917
3282 3 2 9 1 2837 2838 2919 2918
3283 3 2 9 1 2838 2839 2920 2919
3284 3 2 9 1 2839 2840 2921 2920
3285 3 2 9 1 2840 2841 2922 2921
3286 3 2 9 1 2841 2842 2923 2922
3287 3 2 9 1 2842 2843 2924 2923
3288 3 2 9 1 2843 2844 2925 2924
3289 3 2 9 1 2844 2845 2926 2925
3290 3 2 9 1 2845 2846 2927 2926
3291 3 2 9 1 2846 2847 2928 2927
3292 3 2 9 1 2847 2848 2929 2928
3293 3 2 9 1 2848 2849 2930 2929
3294 3 2 9 1 2849 2850 2931 2930
3295 3 2 9 1 2850 2851 2932 2931
3296 3 2 9 1 2851 2852 2933 2932
3297 3 2 9 1 2852 2853 2934 2933
3298 3 2 9 1 2853 2854 2935 2934
3299 3 2 9 1 2854 2855 2936 2935
3300 3 2 9 1 2855 2856 2937 2936
3301 3 2 9 1 2856 2857 2938 2937
3302 3 2 9 1 2857 2858 2939 2938
3303 3 2 9 1 2858 2859 2940 2939
3304 3 2 9 1 2859 2860 2941 2940
3305 3 2 9 1 2860 2861 2942 2941
3306 3 2 9 1 2861 2862 2943 2942
3307 3 2 9 1 2862 2863 2944 2943
3308 3 2 9 1 2863 2864 2945 2944
3309 3 2 9 1 2864 2865 2946 2945
3310 3 2 9 1 2865 2866 2947 2946
3311 3 2 9 1 2866 2867 2948 2947
3312 3 2 9 1 2867 2868 2949 2948
3313 3 2 9 1 2868 2869 2950 2949
3314 3 2 9 1 2869 2870 2951 2950
3315 3 2 9 1 2870 2871 2952 2951
3316 3 2 9 1 2871 2872 2953 2952
3317 3 2 9 1 2872 2873 2954 2953
3318 3 2 9 1 2873 2874 2955 2954
3319 3 2 9 1 2874 2875 2956 2955
3320 3 2 9 1 2875 2876 2957 2956
3321 3 2 9 1 2876 2877 2958 2957
3322 3 2 9 1 2877 2878 2959 2958
3323 3 2 9 1 2878 2879 2960 2959
3324 3 2 9 1 2879 2880 2961 2960
3325 3 2 9 1 2880 2881 2962 2961
3326 3 2 9 1 2881 2882 2963 2962
3327 3 2 9 1 2882 2883 2964 2963
3328 3 2 9 1 2883 2884 2965 2964
3329 3 2 9 1 2884 2885 2966 2965
3330 3 2 9 1 2885 2886 2967 2966
3331 3 2 9 1 2886 2887 2968 2967
3332 3 2 9 1 2887 2888 2969 2968
3333 3 2 9 1 2888 2889 2970 2969
3334 3 2 9 1 2889 2890 2971 2970
3335 3 2 9 1 2890 2891 2972 2971
3336 3 2 9 1 2891 2892 2973 2972
3337 3 2 9 1 2892 2893 2974 2973
3338 3 2 9 1 2893 2894 2975 2974
3339 3 2 9 1 2894 2895 2976 2975
3340 3 2 9 1 2895 2896 2977 2976
3341 3 2 9 1 2896 2897 2978 2977
3342 3 2 9 1 2897 2898 2979 2978
3343 3 2 9 1 2898 2899 2980 2979
3344 3 2 9 1 2899 2900 2981 2980
3345 3 2 9 1 2900 2901 2982 2981
3346 3 2 9 1 2901 2902 2983 2982
3347 3 2 9 1 2902 2903 2984 2983
3348 3 2 9 1 2903 2904 2985 2984
3349 3 2 9 1 2904 2905 2986 2985
3350 3 2 9 1 2905 2906 2987 2986
3351 3 2 9 1 2906 2907 2988 2987
3352 3 2 9 1 2907 2908 2989 2988
3353 3 2 9 1 2908 2909 2990 2989
3354 3 2 9 1 2909 2910 2991 2990
3355 3 2 9 1 2910 2911 2992 2991
3356 3 2 9 1 2911 2912 2993 2992
3357 3 2 9 1 2912 2913 2994 2993
3358 3 2 9 1 2913 2914 2995 2994
3359 3 2 9 1 2914 2915 2996 2995
3360 3 2 9 1 2915 2916 2997 2996
3361 3 2 9 1 2917 2918 2999 2998
3362 3 2 9 1 2918 2919 3000 2999
3363 3 2 9 1 2919 2920 3001 3000
3364 3 2 9 1 2920 2921 3002 3001
3365 3 2 9 1 2921 2922 3003 3002
3366 3 2 9 1 2922 2923 3004 3003
3367 3 2 9 1 2923 2924 3005 3004
3368 3 2 9 1 2924 2925 3006 3005
3369 3 2 9 1 2925 2926 3007 3006
3370 3 2 9 1 2926 2927 3008 3007
3371 3 2 9 1 2927 2928 3009 3008
3372 3 2 9 1 2928 2929 3010 3009
3373 3 2 9 1 2929 2930 3011 3010
3374 3 2 9 1 2930 2931 3012 3011
3375 3 2 9 1 2931 2932 3013 3012
3376 3 2 9 1 2932 2933 3014 3013
3377 3 2 9 1 2933 2934 3015 3014
3378 3 2 9 1 2934 2935 3016 3015
3379 3 2 9 1 2935 2936 3017 3016
3380 3 2 9 1 2936 2937 3018 3017
3381 3 2 9 1 2937 2938 3019 3018
3382 3 2 9 1 2938 2939 3020 3019
3383 3 2 9 1 2939 2940 3021 3020
3384 3 2 9 1 2940 2941 3022 3021
3385 3 2 9 1 2941 2942 3023 3022
3386 3 2 9 1 2942 2943 3024 3023
3387 3 2 9 1 2943 2944 3025 3024
3388 3 2 9 1 2944 2945 3026 3025
3389 3 2 9 1 2945 2946 3027 3026
3390 3 2 9 1 2946 2947 3028 3027
3391 3 2 9 1 2947 2948 3029 3028
3392 3 2 9 1 2948 2949 3030 3029
3393 3 2 9 1 2949 2950 3031 3030
3394 3 2 9 1 2950 2951 3032 3031
3395 3 2 9 1 2951 2952 3033 3032
3396 3 2 9 1 2952 2953 3034 3033
3397 3 2 9 1 2953 2954 3035 3034
3398 3 2 9 1 2954 2955 3036 3035
3399 3 2 9 1 2955 2956 3037 3036
3400 3 2 9 1 2956 2957 3038 3037
3401 3 2 9 1 2957 2958 3039 3038
3402 3 2 9 1 2958 2959 3040 3039
3403 3 2 9 1 2959 2960 3041 3040
3404 3 2 9 1 2960 2961 3042 3041
3405 3 2 9 1 2961 2962 3043 3042
3406 3 2 9 1 2962 2963 3044 3043
3407 3 2 9 1 2963 2964 3045 3044
3408 3 2 9 1 2964 2965 3046 3045
3409 3 2 9 1 2965 2966 3047 3046
3410 3 2 9 1 2966 2967 3048 3047
3411 3 2 9 1 2967 2968 3049 3048
3412 3 2 9 1 2968 2969 3050 3049
3413 3 2 9 1 2969 2970 3051 3050
3414 3 2 9 1 2970 2971 3052 3051
3415 3 2 9 1 2971 2972 3053 3052
3416 3 2 9 1 2972 2973 3054 3053
3417 3 2 9 1 2973 2974 3055 3054
3418 3 2 9 1 2974 2975 3056 3055
3419 3 2 9 1 2975 2976 3057 3056
3420 3 2 9 1 2976 2977 3058 3057
3421 3 2 9 1 2977 2978 3059 3058
3422 3 2 9 1 2978 2979 3060 3059
3423 3 2 9 1 2979 2980 3061 3060
3424 3 2 9 1 2980 2981 3062 3061
3425 3 2 9 1 2981 2982 3063 3062
3426 3 2 9 1 2982 2983 3064 3063
3427 3 2 9 1 2983 2984 3065 3064
3428 3 2 9 1 2984 2985 3066 3065
3429 3 2 9 1 2985 2986 3067 3066
3430 3 2 9 1 2986 2987 3068 3067
3431 3 2 9 1 2987 2988 3069 3068
3432 3 2 9 1 2988 2989 3070 3069
3433 3 2 9 1 2989 2990 3071 3070
3434 3 2 9 1 2990 2991 3072 3071
3435 3 2 9 1 2991 2992 3073 3072
3436 3 2 9 1 2992 2993 3074 3073
3437 3 2 9 1 2993 2994 3075 3074
3438 3 2 9 1 2994 2995 3076 3075
3439 3 2 9 1 2995 2996 3077 3076
3440 3 2 9 1 2996 2997 3078 3077
3441 3 2 9 1 2998 2999 3080 3079
3442 3 2 9 1 2999 3000 3081 3080
3443 3 2 9 1 3000 3001 3082 3081
3444 3 2 9 1 3001 3002 3083 3082
3445 3 2 9 1 3002 3003 3084 3083
3446 3 2 9 1 3003 3004 3085 3084
3447 3 2 9 1 3004 3005 3086 3085
3448 3 2 9 1 3005 3006 3087 3086
3449 3 2 9 1 3006 3007 3088 3087
3450 3 2 9 1 3007 3008 3089 3088
3451 3 2 9 1 3008 3009 3090 3089
3452 3 2 9 1 3009 3010 3091 3090
3453 3 2 9 1 3010 3011 3092 3091
3454 3 2 9 1 3011 3012 3093 3092
3455 3 2 9 1 3012 3013 3094 3093
3456 3 2 9 1 3013 3014 3095 3094
3457 3 2 9 1 3014 3015 3096 3095
3458 3 2 9 1 3015 3016 3097 3096
3459 3 2 9 1 3016 3017 3098 3097
3460 3 2 9 1 3017 3018 3099 3098
3461 3 2 9 1 3018 3019 3100 3099
3462 3 2 9 1 3019 3020 3101 3100
3463 3 2 9 1 3020 3021 3102 3101
3464 3 2 9 1 3021 3022 3103 3102
3465 3 2 9 1 3022 3023 3104 3103
3466 3 2 9 1 3023 3024 3105 3104
3467 3 2 9 1 3024 3025 3106 3105
3468 3 2 9 1 3025 3026 3107 3106
3469 3 2 9 1 3026 3027 3108 3107
3470 3 2 9 1 3027 3028 3109 3108
3471 3 2 9 1 3028 3029 3110 3109
3472 3 2 9 1 3029 3030 3111 3110
3473 3 2 9 1 3030 3031 3112 3111
3474 3 2 9 1 3031 3032 3113 3112
3475 3 2 9 1 3032 3033 3114 3113
3476 3 2 9 1 3033 3034 3115 3114
3477 3 2 9 1 3034 3035 3116 3115
3478 3 2 9 1 3035 3036 3117 3116
3479 3 2 9 1 3036 3037 3118 3117
3480 3 2 9 1 3037 3038 3119 3118
3481 3 2 9 1 3038 3039 3120 3119
3482 3 2 9 1 3039 3040 3121 3120
3483 3 2 9 1 3040 3041 3122 3121
3484 3 2 9 1 3041 3042 3123 3122
3485 3 2 9 1 3042 3043 3124 3123
3486 3 2 9 1 3043 3044 3125 3124
3487 3 2 9 1 3044 3045 3126 3125
3488 3 2 9 1 3045 3046 3127 3126
3489 3 2 9 1 3046 3047 3128 3127
3490 3 2 9 1 3047 3048 3129 3128
3491 3 2 9 1 3048 3049 3130 3129
3492 3 2 9 1 3049 3050 3131 3130
3493 3 2 9 1 3050 3051 3132 3131
3494 3 2 9 1 3051 3052 3133 3132
3495 3 2 9 1 3052 3053 3134 3133
3496 3 2 9 1 3053 3054 3135 3134
3497 3 2 9 1 3054 3055 3136 3135
3498 3 2 9 1 3055 3056 3137 3136
3499 3 2 9 1 3056 3057 3138 3137
3500 3 2 9 1 3057 3058 3139 3138
3501 3 2 9 1 3058 3059 3140 3139
3502 3 2 9 1 3059 3060 3141 3140
3503 3 2 9 1 3060 3061 3142 3141
3504 3 2 9 1 3061 3062 3143 3142
3505 3 2 9 1 3062 3063 3144 3143
3506 3 2 9 1 3063 3064 3145 3144
3507 3 2 9 1 3064 3065 3146 3145
3508 3 2 9 1 3065 3066 3147 3146
3509 3 2 9 1 3066 3067 3148 3147
3510 3 2 9 1 3067 3068 3149 3148
3511 3 2 9 1 3068 3069 3150 3149
3512 3 2 9 1 3069 3070 3151 3150
3513 3 2 9 1 3070 3071 3152 3151
3514 3 2 9 1 3071 3072 3153 3152
3515 3 2 9 1 3072 3073 3154 3153
3516 3 2 9 1 3073 3074 3155 3154
3517 3 2 9 1 3074 3075 3156 3155
3518 3 2 9 1 3075 3076 3157 3156
3519 3 2 9 1 3076 3077 3158 3157
3520 3 2 9 1 3077 3078 3159 3158
3521 3 2 9 1 3079 3080 3161 3160
3522 3 2 9 1 3080 3081 3162 3161
3523 3 2 9 1 3081 3082 3163 3162
3524 3 2 9 1 3082 3083 3164 3163
3525 3 2 9 1 3083 3084 3165 3164
3526 3 2 9 1 3084 3085 3166 3165
3527 3 2 9 1 3085 3086 3167 3166
3528 3 2 9 1 3086 3087 3168 3167
3529 3 2 9 1 3087 3088 3169 3168
3530 3 2 9 1 3088 3089 3170 3169
3531 3 2 9 1 3089 3090 3171 3170
3532 3 2 9 1 3090 3091 3172 3171
3533 3 2 9 1 3091 3092 3173 3172
3534 3 2 9 1 3092 3093 3174 3173
3535 3 2 9 1 3093 3094 3175 3174
3536 3 2 9 1 3094 3095 3176 3175
3537 3 2 9 1 3095 3096 3177 3176
3538 3 2 9 1 3096 3097 3178 3177
3539 3 2 9 1 3097 3098 3179 3178
3540 3 2 9 1 3098 3099 3180 3179
3541 3 2 9 1 3099 3100 3181 3180
3542 3 2 9 1 3100 3101 3182 3181
3543 3 2 9 1 3101 3102 3183 3182
3544 3 2 9 1 3102 3103 3184 3183
3545 3 2 9 1 3103 3104 3185 3184
3546 3 2 9 1 3104 3105 3186 3185
3547 3 2 9 1 3105 3106 3187 3186
3548 3 2 9 1 3106 3107 3188 3187
3549 3 2 9 1 3107 3108 3189 3188
3550 3 2 9 1 3108 3109 3190 3189
3551 3 2 9 1 3109 3110 3191 3190
3552 3 2 9 1 3110 3111 3192 3191
3553 3 2 9 1 3111 3112 3193 3192
3554 3 2 9 1 3112 3113 3194 3193
3555 3 2 9 1 3113 3114 3195 3194
3556 3 2 9 1 3114 3115 3196 3195
3557 3 2 9 1 3115 3116 3197 3196
3558 3 2 9 1 3116 3117 3198 3197
3559 3 2 9 1 3117 3118 3199 3198
3560 3 2 9 1 3118 3119 3200 3199
3561 3 2 9 1 3119 3120 3201 3200
3562 3 2 9 1 3120 3121 3202 3201
3563 3 2 9 1 3121 3122 3203 3202
3564 3 2 9 1 3122 3123 3204 3203
3565 3 2 9 1 3123 3124 3205 3204
3566 3 2 9 1 3124 3125 3206 3205
3567 3 2 9 1 3125 3126 3207 3206
3568 3 2 9 1 3126 3127 3208 3207
3569 3 2 9 1 3127 3128 3209 3208
3570 3 2 9 1 3128 3129 3210 3209
3571 3 2 9 1 3129 3130 3211 3210
3572 3 2 9 1 3130 3131 3212 3211
3573 3 2 9 1 3131 3132 3213 3212
3574 3 2 9 1 3132 3133 3214 3213
3575 3 2 9 1 3133 3134 3215 3214
3576 3 2 9 1 3134 3135 3216 3215
3577 3 2 9 1 3135 3136 3217 3216
3578 3 2 9 1 3136 3137 3218 3217
3579 3 2 9 1 3137 3138 3219 3218
3580 3 2 9 1 3138 3139 3220 3219
3581 3 2 9 1 3139 3140 3221 3220
3582 3 2 9 1 3140 3141 3222 3221
3583 3 2 9 1 3141 3142 3223 3222
3584 3 2 9 1 3142 3143 3224 3223
3585 3 2 9 1 3143 3144 3225 3224
3586 3 2 9 1 3144 3145 3226 3225
3587 3 2 9 1 3145 3146 3227 3226
3588 3 2 9 1 3146 3147 3228 3227
3589 3 2 9 1 3147 3148 3229 3228
3590 3 2 9 1 3148 3149 3230 3229
3591 3 2 9 1 3149 3150 3231 3230
3592 3 2 9 1 3150 3151 3232 3231
3593 3 2 9 1 3151 3152 3233 3232
3594 3 2 9 1 3152 3153 3234 3233
3595 3 2 9 1 3153 3154 3235 3234
3596 3 2 9 1 3154 3155 3236 3235
3597 3 2 9 1 3155 3156 3237 3236
3598 3 2 9 1 3156 3157 3238 3237
3599 3 2 9 1 3157 3158 3239 3238
3600 3 2 9 1 3158 3159 3240 3239
3601 3 2 9 1 3160 3161 3242 3241
3602 3 2 9 1 3161 3162 3243 3242
3603 3 2 9 1 3162 3163 3244 3243
3604 3 2 9 1 3163 3164 3245 3244
3605 3 2 9 1 3164 3165 3246 3245
3606 3 2 9 1 3165 3166 3247 3246
3607 3 2 9 1 3166 3167 3248 3247
3608 3 2 9 1 3167 3168 3249 3248
3609 3 2 9 1 3168 3169 3250 3249
3610 3 2 9 1 3169 3170 3251 3250
3611 3 2 9 1 3170 3171 3252 3251
3612 3 2 9 1 3171 3172 3253 3252
3613 3 2 9 1 3172 3173 3254 3253
3614 3 2 9 1 3173 3174 3255 3254
3615 3 2 9 1 3174 3175 3256 3255
3616 3 2 9 1 3175 3176 3257 3256
3617 3 2 9 1 3176 3177 3258 3257
3618 3 2 9 1 3177 3178 3259 3258
3619 3 2 9 1 3178 3179 3260 3259
3620 3 2 9 1 3179 3180 3261 3260
3621 3 2 9 1 3180 3181 3262 3261
3622 3 2 9 1 3181 3182 3263 3262
3623 3 2 9 1 3182 3183 3264 3263
3624 3 2 9 1 3183 3184 3265 3264
3625 3 2 9 1 3184 3185 3266 3265
3626 3 2 9 1 3185 3186 3267 3266
3627 3 2 9 1 3186 3187 3268 3267
3628 3 2 9 1 3187 3188 3269 3268
3629 3 2 9 1 3188 3189 3270 3269
3630 3 2 9 1 3189 3190 3271 3270
3631 3 2 9 1 3190 3191 3272 3271
3632 3 2 9 1 3191 3192 3273 3272
3633 3 2 9 1 3192 3193 3274 3273
3634 3 2 9 1 3193 3194 3275 3274
3635 3 2 9 1 3194 3195 3276 3275
3636 3 2 9 1 3195 3196 3277 3276
3637 3 2 9 1 3196 3197 3278 3277
3638 3 2 9 1 3197 3198 3279 3278
3639 3 2 9 1 3198 3199 3280 3279
3640 3 2 9 1 3199 3200 3281 3280
3641 3 2 9 1 3200 3201 3282 3281
3642 3 2 9 1 3201 3202 3283 3282
3643 3 2 9 1 3202 3203 3284 3283
3644 3 2 9 1 3203 3204 3285 3284
3645 3 2 9 1 3204 3205 3286 3285
3646 3 2 9 1 3205 3206 3287 3286
3647 3 2 9 1 3206 3207 3288 3287
3648 3 2 9 1 3207 3208 3289 3288
3649 3 2 9 1 3208 3209 3290 3289
3650 3 2 9 1 3209 3210 3291 3290
3651 3 2 9 1 3210 3211 3292 3291
3652 3 2 9 1 3211 3212 3293 3292
3653 3 2 9 1 3212 3213 3294 3293
3654 3 2 9 1 3213 3214 3295 3294
3655 3 2 9 1 3214 3215 3296 3295
3656 3 2 9 1 3215 3216 3297 3296
3657 3 2 9 1 3216 3217 3298 3297
3658 3 2 9 1 3217 3218 3299 3298
3659 3 2 9 1 3218 3219 3300 3299
3660 3 2 9 1 3219 3220 3301 3300
3661 3 2 9 1 3220 3221 3302 3301
3662 3 2 9 1 3221 3222 3303 3302
3663 3 2 9 1 3222 3223 3304 3303
3664 3 2 9 1 3223 3224 3305 3304
3665 3 2 9 1 3224 3225 3306 3305
3666 3 2 9 1 3225 3226 3307 3306
3667 3 2 9 1 3226 3227 3308 3307
3668 3 2 9 1 3227 3228 3309 3308
3669 3 2 9 1 3228 3229 3310 3309
3670 3 2 9 1 3229 3230 3311 3310
3671 3 2 9 1 3230 3231 3312 3311
3672 3 2 9 1 3231 3232 3313 3312
3673 3 2 9 1 3232 3233 3314 3313
3674 3 2 9 1 3233 3234 3315 3314
3675 3 2 9 1 3234 3235 3316 3315
3676 3 2 9 1 3235 3236 3317 3316
3677 3 2 9 1 3236 3237 3318 3317
3678 3 2 9 1 3237 3238 3319 3318
3679 3 2 9 1 3238 3239 3320 3319
3680 3 2 9 1 3239 3240 3321 3320
3681 3 2 9 1 3241 3242 3323 3322
3682 3 2 9 1 3242 3243 3324 3323
3683 3 2 9 1 3243 3244 3325 3324
3684 3 2 9 1 3244 3245 3326 3325
3685 3 2 9 1 3245 3246 3327 3326
3686 3 2 9 1 3246 3247 3328 3327
3687 3 2 9 1 3247 3248 3329 3328
3688 3 2 9 1 3248 3249 3330 3329
3689 3 2 9 1 3249 3250 3331 3330
3690 3 2 9 1 3250 3251 3332 3331
3691 3 2 9 1 3251 3252 3333 3332
3692 3 2 9 1 3252 3253 3334 3333
3693 3 2 9 1 3253 3254 3335 3334
3694 3 2 9 1 3254 3255 3336 3335
3695 3 2 9 1 3255 3256 3337 3336
3696 3 2 9 1 3256 3257 3338 3337
3697 3 2 9 1 3257 3258 3339 3338
3698 3 2 9 1 3258 3259 3340 3339
3699 3 2 9 1 3259 3260 3341 3340
3700 3 2 9 1 3260 3261 3342 3341
3701 3 2 9 1 3261 3262 3343 3342
3702 3 2 9 1 3262 3263 3344 3343
3703 3 2 9 1 3263 3264 3345 3344
3704 3 2 9 1 3264 3265 3346 3345
3705 3 2 9 1 3265 3266 3347 3346
3706 3 2 9 1 3266 3267 3348 3347
3707 3 2 9 1 3267 3268 3349 3348
3708 3 2 9 1 3268 3269 3350 3349
3709 3 2 9 1 3269 3270 3351 3350
3710 3 2 9 1 3270 3271 3352 3351
3711 3 2 9 1 3271 3272 3353 3352
3712 3 2 9 1 3272 3273 3354 3353
3713 3 2 9 1 3273 3274 3355 3354
3714 3 2 9 1 3274 3275 3356 3355
3715 3 2 9 1 3275 3276 3357 3356
3716 3 2 9 1 3276 3277 3358 3357
3717 3 2 9 1 3277 3278 3359 3358
3718 3 2 9 1 3278 3279 3360 3359
3719 3 2 9 1 3279 3280 3361 3360
3720 3 2 9 1 3280 3281 3362 3361
3721 3 2 9 1 3281 3282 3363 3362
3722 3 2 9 1 3282 3283 3364 3363
3723 3 2 9 1 3283 3284 3365 3364
3724 3 2 9 1 3284 3285 3366 3365
3725 3 2 9 1 3285 3286 3367 3366
3726 3 2 9 1 3286 3287 3368 3367
3727 3 2 9 1 3287 3288 3369 3368
3728 3 2 9 1 3288 3289 3370 3369
3729 3 2 9 1 3289 3290 3371 3370
3730 3 2 9 1 3290 3291 3372 3371
3731 3 2 9 1 3291 3292 3373 3372
3732 3 2 9 1 3292 3293 3374 3373
3733 3 2 9 1 3293 3294 3375 3374
3734 3 2 9 1 3294 3295 3376 3375
3735 3 2 9 1 3295 3296 3377 3376
3736 3 2 9 1 3296 3297 3378 3377
3737 3 2 9 1 3297 3298 3379 3378
3738 3 2 9 1 3298 3299 3380 3379
3739 3 2 9 1 3299 3300 3381 3380
3740 3 2 9 1 3300 3301 3382 3381
3741 3 2 9 1 3301 3302 3383 3382
3742 3 2 9 1 3302 3303 3384 3383
3743 3 2 9 1 3303 3304 3385 3384
3744 3 2 9 1 3304 3305 3386 3385
3745 3 2 9 1 3305 3306 3387 3386
3746 3 2 9 1 3306 3307 3388 3387
3747 3 2 9 1 3307 3308 3389 3388
3748 3 2 9 1 3308 3309 3390 3389
3749 3 2 9 1 3309 3310 3391 3390
3750 3 2 9 1 3310 3311 3392 3391
3751 3 2 9 1 3311 3312 3393 3392
3752 3 2 9 1 3312 3313 3394 3393
3753 3 2 9 1 3313 3314 3395 3394
3754 3 2 9 1 3314 3315 3396 3395
3755 3 2 9 1 3315 3316 3397 3396
3756 3 2 9 1 3316 3317 3398 3397
3757 3 2 9 1 3317 3318 3399 3398
3758 3 2 9 1 3318 3319 3400 3399
3759 3 2 9 1 3319 3320 3401 3400
3760 3 2 9 1 3320 3321 3402 3401
3761 3 2 9 1 3322 3323 3404 3403
3762 3 2 9 1 3323 3324 3405 3404
3763 3 2 9 1 3324 3325 3406 3405
3764 3 2 9 1 3325 3326 3407 3406
3765 3 2 9 1 3326 3327 3408 3407
3766 3 2 9 1 3327 3328 3409 3408
3767 3 2 9 1 3328 3329 3410 3409
3768 3 2 9 1 3329 3330 3411 3410
3769 3 2 9 1 3330 3331 3412 3411
3770 3 2 9 1 3331 3332 3413 3412
3771 3 2 9 1 3332 3333 3414 3413
3772 3 2 9 1 3333 3334 3415 3414
3773 3 2 9 1 3334 3335 3416 3415
3774 3 2 9 1 3335 3336 3417 3416
3775 3 2 9 1 3336 3337 3418 3417
3776 3 2 9 1 3337 3338 3419 3418
3777 3 2 9 1 3338 3339 3420 3419
3778 3 2 9 1 3339 3340 3421 3420
3779 3 2 9 1 3340 3341 3422 3421
3780 3 2 9 1 3341 3342 3423 3422
3781 3 2 9 1 3342 3343 3424 3423
3782 3 2 9 1 3343 3344 3425 3424
3783 3 2 9 1 3344 3345 3426 3425
3784 3 2 9 1 3345 3346 3427 3426
3785 3 2 9 1 3346 3347 3428 3427
3786 3 2 9 1 3347 3348 3429 3428
3787 3 2 9 1 3348 3349 3430 3429
3788 3 2 9 1 3349 3350 3431 3430
3789 3 2 9 1 3350 3351 3432 3431
3790 3 2 9 1 3351 3352 3433 3432
3791 3 2 9 1 3352 3353 3434 3433
3792 3 2 9 1 3353 3354 3435 3434
3793 3 2 9 1 3354 3355 3436 3435
3794 3 2 9 1 3355 3356 3437 3436
3795 3 2 9 1 3356 3357 3438 3437
3796 3 2 9 1 3357 3358 3439 3438
3797 3 2 9 1 3358 3359 3440 3439
3798 3 2 9 1 3359 3360 3441 3440
3799 3 2 9 1 3360 3361 3442 3441
3800 3 2 9 1 3361 3362 3443 3442
3801 3 2 9 1 3362 3363 3444 3443
3802 3 2 9 1 3363 3364 3445 3444
3803 3 2 9 1 3364 3365 3446 3445
3804 3 2 9 1 3365 3366 3447 3446
3805 3 2 9 1 3366 3367 3448 3447
3806 3 2 9 1 3367 3368 3449 3448
3807 3 2 9 1 3368 3369 3450 3449
3808 3 2 9 1 3369 3370 3451 3450
3809 3 2 9 1 3370 3371 3452 3451
3810 3 2 9 1 3371 3372 3453 3452
3811 3 2 9 1 3372 3373 3454 3453
3812 3 2 9 1 3373 3374 3455 3454
3813 3 2 9 1 3374 3375 3456 3455
3814 3 2 9 1 3375 3376 3457 3456
3815 3 2 9 1 3376 3377 3458 3457
3816 3 2 9 1 3377 3378 3459 3458
3817 3 2 9 1 3378 3379 3460 3459
3818 3 2 9 1 3379 3380 3461 3460
3819 3 2 9 1 3380 3381 3462 3461
3820 3 2 9 1 3381 3382 3463 3462
3821 3 2 9 1 3382 3383 3464 3463
3822 3 2 9 1 3383 3384 3465 3464
3823 3 2 9 1 3384 3385 3466 3465
3824 3 2 9 1 3385 3386 3467 3466
3825 3 2 9 1 3386 3387 3468 3467
3826 3 2 9 1 3387 3388 3469 3468
3827 3 2 9 1 3388 3389 3470 3469
3828 3 2 9 1 3389 3390 3471 3470
3829 3 2 9 1 3390 3391 3472 3471
3830 3 2 9 1 3391 3392 3473 3472
3831 3 2 9 1 3392 3393 3474 3473
3832 3 2 9 1 3393 3394 3475 3474
3833 3 2 9 1 3394 3395 3476 3475
3834 3 2 9 1 3395 3396 3477 3476
3835 3 2 9 1 3396 3397 3478 3477
3836 3 2 9 1 3397 3398 3479 3478
3837 3 2 9 1 3398 3399 3480 3479
3838 3 2 9 1 3399 3400 3481 3480
3839 3 2 9 1 3400 3401 3482 3481
3840 3 2 9 1 3401 3402 3483 3482
3841 3 2 9 1 3403 3404 3485 3484
3842 3 2 9 1 3404 3405 3486 3485
3843 3 2 9 1 3405 3406 3487 3486
3844 3 2 9 1 3406 3407 3488 3487
3845 3 2 9 1 3407 3408 3489 3488
3846 3 2 9 1 3408 3409 3490 3489
3847 3 2 9 1 3409 3410 3491 3490
3848 3 2 9 1 3410 3411 3492 3491
3849 3 2 9 1 3411 3412 3493 3492
3850 3 2 9 1 3412 3413 3494 3493
3851 3 2 9 1 3413 3414 3495 3494
3852 3 2 9 1 3414 3415 3496 3495
3853 3 2 9 1 3415 3416 3497 3496
3854 3 2 9 1 3416 3417 3498 3497
3855 3 2 9 1 3417 3418 3499 3498
3856 3 2 9 1 3418 3419 3500 3499
3857 3 2 9 1 3419 3420 3501 3500
3858 3 2 9 1 3420 3421 3502 3501
3859 3 2 9 1 3421 3422 3503 3502
3860 3 2 9 1 3422 3423 3504 3503
3861 3 2 9 1 3423 3424 3505 3504
3862 3 2 9 1 3424 3425 3506 3505
3863 3 2 9 1 3425 3426 3507 3506
3864 3 2 9 1 3426 3427 3508 3507
3865 3 2 9 1 3427 3428 3509 3508
3866 3 2 9 1 3428 3429 3510 3509
3867 3 2 9 1 3429 3430 3511 3510
3868 3 2 9 1 3430 3431 3512 3511
3869 3 2 9 1 3431 3432 3513 3512
3870 3 2 9 1 3432 3433 3514 3513
3871 3 2 9 1 3433 3434 3515 3514
3872 3 2 9 1 3434 3435 3516 3515
3873 3 2 9 1 3435 3436 3517 3516
3874 3 2 9 1 3436 3437 3518 3517
3875 3 2 9 1 3437 3438 3519 3518
3876 3 2 9 1 3438 3439 3520 3519
3877 3 2 9 1 3439 3440 3521 3520
3878 3 2 9 1 3440 3441 3522 3521
3879 3 2 9 1 3441 3442 3523 3522
3880 3 2 9 1 3442 3443 3524 3523
3881 3 2 9 1 3443 3444 3525 3524
3882 3 2 9 1 3444 3445 3526 3525
3883 3 2 9 1 3445 3446 3527 3526
3884 3 2 9 1 3446 3447 3528 3527
3885 3 2 9 1 3447 3448 3529 3528
3886 3 2 9 1 3448 3449 3530 3529
3887 3 2 9 1 3449 3450 3531 3530
3888 3 2 9 1 3450 3451 3532 3531
3889 3 2 9 1 3451 3452 3533 3532
3890 3 2 9 1 3452 3453 3534 3533
3891 3 2 9 1 3453 3454 3535 3534
3892 3 2 9 1 3454 3455 3536 3535
3893 3 2 9 1 3455 3456 3537 3536
3894 3 2 9 1 3456 3457 3538 3537
3895 3 2 9 1 3457 3458 3539 3538
3896 3 2 9 1 3458 3459 3540 3539
3897 3 2 9 1 3459 3460 3541 3540
3898 3 2 9 1 3460 3461 3542 3541
3899 3 2 9 1 3461 3462 3543 3542
3900 3 2 9 1 3462 3463 3544 3543
3901 3 2 9 1 3463 3464 3545 3544
3902 3 2 9 1 3464 3465 3546 3545
3903 3 2 9 1 3465 3466 3547 3546
3904 3 2 9 1 3466 3467 3548 3547
3905 3 2 9 1 3467 3468 3549 3548
3906 3 2 9 1 3468 3469 3550 3549
3907 3 2 9 1 3469 3470 3551 3550
3908 3 2 9 1 3470 3471 3552 3551
3909 3 2 9 1 3471 3472 3553 3552
3910 3 2 9 1 3472 3473 3554 3553
3911 3 2 9 1 3473 3474 3555 3554
3912 3 2 9 1 3474 3475 3556 3555
3913 3 2 9 1 3475 3476 3557 3556
3914 3 2 9 1 3476 3477 3558 3557
3915 3 2 9 1 3477 3478 3559 3558
3916 3 2 9 1 3478 3479 3560 3559
3917 3 2 9 1 3479 3480 3561 3560
3918 3 2 9 1 3480 3481 3562 3561
3919 3 2 9 1 3481 3482 3563 3562
3920 3 2 9 1 3482 3483 3564 3563
3921 3 2 9 1 3484 3485 3566 3565
3922 3 2 9 1 3485 3486 3567 3566
3923 3 2 9 1 3486 3487 3568 3567
3924 3 2 9 1 3487 3488 3569 3568
3925 3 2 9 1 3488 3489 3570 3569
3926 3 2 9 1 3489 3490 3571 3570
3927 3 2 9 1 3490 3491 3572 3571
3928 3 2 9 1 3491 3492 3573 3572
3929 3 2 9 1 3492 3493 3574 3573
3930 3 2 9 1 3493 3494 3575 3574
3931 3 2 9 1 3494 3495 3576 3575
3932 3 2 9 1 3495 3496 3577 3576
3933 3 2 9 1 3496 3497 3578 3577
3934 3 2 9 1 3497 3498 3579 3578
3935 3 2 9 1 3498 3499 3580 3579
3936 3 2 9 1 3499 3500 3581 3580
3937 3 2 9 1 3500 3501 3582 3581
3938 3 2 9 1 3501 3502 3583 3582
3939 3 2 9 1 3502 3503 3584 3583
3940 3 2 9 1 3503 3504 3585 3584
3941 3 2 9 1 3504 3505 3586 3585
3942 3 2 9 1 3505 3506 3587 3586
3943 3 2 9 1 3506 3507 3588 3587
3944 3 2 9 1 3507 3508 3589 3588
3945 3 2 9 1 3508 3509 3590 3589
3946 3 2 9 1 3509 3510 3591 3590
3947 3 2 9 1 3510 3511 3592 3591
3948 3 2 9 1 3511 3512 3593 3592
3949 3 2 9 1 3512 3513 3594 3593
3950 3 2 9 1 3513 3514 3595 3594
3951 3 2 9 1 3514 3515 3596 3595
3952 3 2 9 1 3515 3516 3597 3596
3953 3 2 9 1 3516 3517 3598 3597
3954 3 2 9 1 3517 3518 3599 3598
3955 3 2 9 1 3518 3519 3600 3599
3956 3 2 9 1 3519 3520 3601 3600
3957 3 2 9 1 3520 3521 3602 3601
3958 3 2 9 1 3521 3522 3603 3602
3959 3 2 9 1 3522 3523 3604 3603
3960 3 2 9 1 3523 3524 3605 3604
3961 3 2 9 1 3524 3525 3606 3605
3962 3 2 9 1 3525 3526 3607 3606
3963 3 2 9 1 3526 3527 3608 3607
3964 3 2 9 1 3527 3528 3609 3608
3965 3 2 9 1 3528 3529 3610 3609
3966 3 2 9 1 3529 3530 3611 3610
3967 3 2 9 1 3530 3531 3612 3611
3968 3 2 9 1 3531 3532 3613 3612
3969 3 2 9 1 3532 3533 3614 3613
3970 3 2 9 1 3533 3534 3615 3614
3971 3 2 9 1 3534 3535 3616 3615
3972 3 2 9 1 3535 3536 3617 3616
3973 3 2 9 1 3536 3537 3618 3617
3974 3 2 9 1 3537 3538 3619 3618
3975 3 2 9 1 3538 3539 3620 3619
3976 3 2 9 1 3539 3540 3621 3620
3977 3 2 9 1 3540 3541 3622 3621
3978 3 2 9 1 3541 3542 3623 3622
3979 3 2 9 1 3542 3543 3624 3623
3980 3 2 9 1 3543 3544 3625 3624
3981 3 2 9 1 3544 3545 3626 3625
3982 3 2 9 1 3545 3546 3627 3626
3983 3 2 9 1 3546 3547 3628 3627
3984 3 2 9 1 3547 3548 3629 3628
3985 3 2 9 1 3548 3549 3630 3629
3986 3 2 9 1 3549 3550 3631 3630
3987 3 2 9 1 3550 3551 3632 3631
3988 3 2 9 1 3551 3552 3633 3632
3989 3 2 9 1 3552 3553 3634 3633
3990 3 2 9 1 3553 3554 3635 3634
3991 3 2 9 1 3554 3555 3636 3635
3992 3 2 9 1 3555 3556 3637 3636
3993 3 2 9 1 3556 3557 3638 3637
3994 3 2 9 1 3557 3558 3639 3638
3995 3 2 9 1 3558 3559 3640 3639
3996 3 2 9 1 3559 3560 3641 3640
3997 3 2 9 1 3560 3561 3642 3641
3998 3 2 9 1 3561 3562 3643 3642
3999 3 2 9 1 3562 3563 3644 3643
4000 3 2 9 1 3563 3564 3645 3644
4001 3 2 9 1 3565 3566 3647 3646
4002 3 2 9 1 3566 3567 3648 3647
4003 3 2 9 1 3567 3568 3649 3648
4004 3 2 9 1 3568 3569 3650 3649
4005 3 2 9 1 3569 3570 3651 3650
4006 3 2 9 1 3570 3571 3652 3651
4007 3 2 9 1 3571 3572 3653 3652
4008 3 2 9 1 3572 3573 3654 3653
4009 3 2 9 1 3573 3574 3655 3654
4010 3 2 9 1 3574 3575 3656 3655
4011 3 2 9 1 3575 3576 3657 3656
4012 3 2 9 1 3576 3577 3658 3657
4013 3 2 9 1 3577 3578 3659 3658
4014 3 2 9 1 3578 3579 3660 3659
4015 3 2 9 1 3579 3580 3661 3660
4016 3 2 9 1 3580 3581 3662 3661
4017 3 2 9 1 3581 3582 3663 3662
4018 3 2 9 1 3582 3583 3664 3663
4019 3 2 9 1 3583 3584 3665 3664
4020 3 2 9 1 3584 3585 3666 3665
4021 3 2 9 1 3585 3586 3667 3666
4022 3 2 9 1 3586 3587 3668 3667
4023 3 2 9 1 3587 3588 3669 3668
4024 3 2 9 1 3588 3589 3670 3669
4025 3 2 9 1 3589 3590 3671 3670
4026 3 2 9 1 3590 3591 3672 3671
4027 3 2 9 1 3591 3592 3673 3672
4028 3 2 9 1 3592 3593 3674 3673
4029 3 2 9 1 3593 3594 3675 3674
4030 3 2 9 1 3594 3595 3676 3675
4031 3 2 9 1 3595 3596 3677 3676
4032 3 2 9 1 3596 3597 3678 3677
4033 3 2 9 1 3597 3598 3679 3678
4034 3 2 9 1 3598 3599 3680 3679
4035 3 2 9 1 3599 3600 3681 3680
4036 3 2 9 1 3600 3601 3682 3681
4037 3 2 9 1 3601 3602 3683 3682
4038 3 2 9 1 3602 3603 3684 3683
4039 3 2 9 1 3603 3604 3685 3684
4040 3 2 9 1 3604 3605 3686 3685
4041 3 2 9 1 3605 3606 3687 3686
4042 3 2 9 1 3606 3607 3688 3687
4043 3 2 9 1 3607 3608 3689 3688
4044 3 2 9 1 3608 3609 3690 3689
4045 3 2 9 1 3609 3610 3691 3690
4046 3 2 9 1 3610 3611 3692 3691
4047 3 2 9 1 3611 3612 3693 3692
4048 3 2 9 1 3612 3613 3694 3693
4049 3 2 9 1 3613 3614 3695 3694
4050 3 2 9 1 3614 3615 3696 3695
4051 3 2 9 1 3615 3616 3697 3696
4052 3 2 9 1 3616 3617 3698 3697
4053 3 2 9 1 3617 3618 3699 3698
4054 3 2 9 1 3618 3619 3700 3699
4055 3 2 9 1 3619 3620 3701 3700
4056 3 2 9 1 3620 3621 3702 3701
4057 3 2 9 1 3621 3622 3703 3702
4058 3 2 9 1 3622 3623 3704 3703
4059 3 2 9 1 3623 3624 3705 3704
4060 3 2 9 1 3624 3625 3706 3705
4061 3 2 9 1 3625 3626 3707 3706
4062 3 2 9 1 3626 3627 3708 3707
4063 3 2 9 1 3627 3628 3709 3708
4064 3 2 9 1 3628 3629 3710 3709
4065 3 2 9 1 3629 3630 3711 3710
4066 3 2 9 1 3630 3631 3712 3711
4067 3 2 9 1 3631 3632 3713 3712
4068 3 2 9 1 3632 3633 3714 3713
4069 3 2 9 1 3633 3634 3715 3714
4070 3 2 9 1 3634 3635 3716 3715
4071 3 2 9 1 3635 3636 3717 3716
4072 3 2 9 1 3636 3637 3718 3717
4073 3 2 9 1 3637 3638 3719 3718
4074 3 2 9 1 3638 3639 3720 3719
4075 3 2 9 1 3639 3640 3721 3720
4076 3 2 9 1 3640 3641 3722 3721
4077 3 2 9 1 3641 3642 3723 3722
4078 3 2 9 1 3642 3643 3724 3723
4079 3 2 9 1 3643 3644 3725 3724
4080 3 2 9 1 3644 3645 3726 3725
4081 3 2 9 1 3646 3647 3728 3727
4082 3 2 9 1 3647 3648 3729 3728
4083 3 2 9 1 3648 3649 3730 3729
4084 3 2 9 1 3649 3650 3731 3730
4085 3 2 9 1 3650 3651 3732 3731
4086 3 2 9 1 3651 3652 3733 3732
4087 3 2 9 1 3652 3653 3734 3733
4088 3 2 9 1 3653 3654 3735 3734
4089 3 2 9 1 3654 3655 3736 3735
4090 3 2 9 1 3655 3656 3737 3736
4091 3 2 9 1 3656 3657 3738 3737
4092 3 2 9 1 3657 3658 3739 3738
4093 3 2 9 1 3658 3659 3740 3739
4094 3 2 9 1 3659 3660 3741 3740
4095 3 2 9 1 3660 3661 3742 3741
4096 3 2 9 1 3661 3662 3743 3742
4097 3 2 9 1 3662 3663 3744 3743
4098 3 2 9 1 3663 3664 3745 3744
4099 3 2 9 1 3664 3665 3746 3745
4100 3 2 9 1 3665 3666 3747 3746
4101 3 2 9 1 3666 3667 3748 3747
4102 3 2 9 1 3667 3668 3749 3748
4103 3 2 9 1 3668 3669 3750 3749
4104 3 2 9 1 3669 3670 3751 3750
4105 3 2 9 1 3670 3671 3752 3751
4106 3 2 9 1 3671 3672 3753 3752
4107 3 2 9 1 3672 3673 3754 3753
4108 3 2 9 1 3673 3674 3755 3754
4109 3 2 9 1 3674 3675 3756 3755
4110 3 2 9 1 3675 3676 3757 3756
4111 3 2 9 1 3676 3677 3758 3757
4112 3 2 9 1 3677 3678 3759 3758
4113 3 2 9 1 3678 3679 3760 3759
4114 3 2 9 1 3679 3680 3761 3760
4115 3 2 9 1 3680 3681 3762 3761
4116 3 2 9 1 3681 3682 3763 3762
4117 3 2 9 1 3682 3683 3764 3763
4118 3 2 9 1 3683 3684 3765 3764
4119 3 2 9 1 3684 3685 3766 3765
4120 3 2 9 1 3685 3686 3767 3766
4121 3 2 9 1 3686 3687 3768 3767
4122 3 2 9 1 3687 3688 3769 3768
4123 3 2 9 1 3688 3689 3770 3769
4124 3 2 9 1 3689 3690 3771 3770
4125 3 2 9 1 3690 3691 3772 3771
4126 3 2 9 1 3691 3692 3773 3772
4127 3 2 9 1 3692 3693 3774 3773
4128 3 2 9 1 3693 3694 3775 3774
4129 3 2 9 1 3694 3695 3776 3775
4130 3 2 9 1 3695 3696 3777 3776
4131 3 2 9 1 3696 3697 3778 3777
4132 3 2 9 1 3697 3698 3779 3778
4133 3 2 9 1 3698 3699 3780 3779
4134 3 2 9 1 3699 3700 3781 3780
4135 3 2 9 1 3700 3701 3782 3781
4136 3 2 9 1 3701 3702 3783 3782
4137 3 2 9 1 3702 3703 3784 3783
4138 3 2 9 1 3703 3704 3785 3784
4139 3 2 9 1 3704 3705 3786 3785
4140 3 2 9 1 3705 3706 3787 3786
4141 3 2 9 1 3706 3707 3788 3787
4142 3 2 9 1 3707 3708 3789 3788
4143 3 2 9 1 3708 3709 3790 3789
4144 3 2 9 1 3709 3710 3791 3790
4145 3 2 9 1 3710 3711 3792 3791
4146 3 2 9 1 3711 3712 3793 3792
4147 3 2 9 1 3712 3713 3794 3793
4148 3 2 9 1 3713 3714 3795 3794
4149 3 2 9 1 3714 3715 3796 3795
4150 3 2 9 1 3715 3716 3797 3796
4151 3 2 9 1 3716 3717 3798 3797
4152 3 2 9 1 3717 3718 3799 3798
4153 3 2 9 1 3718 3719 3800 3799
4154 3 2 9 1 3719 3720 3801 3800
4155 3 2 9 1 3720 3721 3802 3801
4156 3 2 9 1 3721 3722 3803 3802
4157 3 2 9 1 3722 3723 3804 3803
4158 3 2 9 1 3723 3724 3805 3804
4159 3 2 9 1 3724 3725 3806 3805
4160 3 2 9 1 3725 3726 3807 3806
4161 3 2 9 1 3727 3728 3809 3808
4162 3 2 9 1 3728 3729 3810 3809
4163 3 2 9 1 3729 3730 3811 3810
4164 3 2 9 1 3730 3731 3812 3811
4165 3 2 9 1 3731 3732 3813 3812
4166 3 2 9 1 3732 3733 3814 3813
4167 3 2 9 1 3733 3734 3815 3814
4168 3 2 9 1 3734 3735 3816 3815
4169 3 2 9 1 3735 3736 3817 3816
4170 3 2 9 1 3736 3737 3818 3817
4171 3 2 9 1 3737 3738 3819 3818
4172 3 2 9 1 3738 3739 3820 3819
4173 3 2 9 1 3739 3740 3821 3820
4174 3 2 9 1 3740 3741 3822 3821
4175 3 2 9 1 3741 3742 3823 3822
4176 3 2 9 1 3742 3743 3824 3823
4177 3 2 9 1 3743 3744 3825 3824
4178 3 2 9 1 3744 3745 3826 3825
4179 3 2 9 1 3745 3746 3827 3826
4180 3 2 9 1 3746 3747 3828 3827
4181 3 2 9 1 3747 3748 3829 3828
4182 3 2 9 1 3748 3749 3830 3829
4183 3 2 9 1 3749 3750 3831 3830
4184 3 2 9 1 3750 3751 3832 3831
4185 3 2 9 1 3751 3752 3833 3832
4186 3 2 9 1 3752 3753 3834 3833
4187 3 2 9 1 3753 3754 3835 3834
4188 3 2 9 1 3754 3755 3836 3835
4189 3 2 9 1 3755 3756 3837 3836
4190 3 2 9 1 3756 3757 3838 3837
4191 3 2 9 1 3757 3758 3839 3838
4192 3 2 9 1 3758 3759 3840 3839
4193 3 2 9 1 3759 3760 3841 3840
4194 3 2 9 1 3760 3761 3842 3841
4195 3 2 9 1 3761 3762 3843 3842
4196 3 2 9 1 3762 3763 3844 3843
4197 3 2 9 1 3763 3764 3845 3844
4198 3 2 9 1 3764 3765 3846 3845
4199 3 2 9 1 3765 3766 3847 3846
4200 3 2 9 1 3766 3767 3848 3847
4201 3 2 9 1 3767 3768 3849 3848
4202 3 2 9 1 3768 3769 3850 3849
4203 3 2 9 1 3769 3770 3851 3850
4204 3 2 9 1 3770 3771 3852 3851
4205 3 2 9 1 3771 3772 3853 3852
4206 3 2 9 1 3772 3773 3854 3853
4207 3 2 9 1 3773 3774 3855 3854
4208 3 2 9 1 3774 3775 3856 3855
4209 3 2 9 1 3775 3776 3857 3856
4210 3 2 9 1 3776 3777 3858 3857
4211 3 2 9 1 3777 3778 3859 3858
4212 3 2 9 1 3778 3779 3860 3859
4213 3 2 9 1 3779 3780 3861 3860
4214 3 2 9 1 3780 3781 3862 3861
4215 3 2 9 1 3781 3782 3863 3862
4216 3 2 9 1 3782 3783 3864 3863
4217 3 2 9 1 3783 3784 3865 3864
4218 3 2 9 1 3784 3785 3866 3865
4219 3 2 9 1 3785 3786 3867 3866
4220 3 2 9 1 3786 3787 3868 3867
4221 3 2 9 1 3787 3788 3869 3868
4222 3 2 9 1 3788 3789 3870 3869
4223 3 2 9 1 3789 3790 3871 3870
4224 3 2 9 1 3790 3791 3872 3871
4225 3 2 9 1 3791 3792 3873 3872
4226 3 2 9 1 3792 3793 3874 3873
4227 3 2 9 1 3793 3794 3875 3874
4228 3 2 9 1 3794 3795 3876 3875
4229 3 2 9 1 3795 3796 3877 3876
4230 3 2 9 1 3796 3797 3878 3877
4231 3 2 9 1 3797 3798 3879 3878
4232 3 2 9 1 3798 3799 3880 3879
4233 3 2 9 1 3799 3800 3881 3880
4234 3 2 9 1 3800 3801 3882 3881
4235 3 2 9 1 3801 3802 3883 3882
4236 3 2 9 1 3802 3803 3884 3883
4237 3 2 9 1 3803 3804 3885 3884
4238 3 2 9 1 3804 3805 3886 3885
4239 3 2 9 1 3805 3806 3887 3886
4240 3 2 9 1 3806 3807 3888 3887
4241 3 2 9 1 3808 3809 3890 3889
4242 3 2 9 1 3809 3810 3891 3890
4243 3 2 9 1 3810 3811 3892 3891
4244 3 2 9 1 3811 3812 3893 3892
4245 3 2 9 1 3812 3813 3894 3893
4246 3 2 9 1 3813 3814 3895 3894
4247 3 2 9 1 3814 3815 3896 3895
4248 3 2 9 1 3815 3816 3897 3896
4249 3 2 9 1 3816 3817 3898 3897
4250 3 2 9 1 3817 3818 3899 3898
4251 3 2 9 1 3818 3819 3900 3899
4252 3 2 9 1 3819 3820 3901 3900
4253 3 2 9 1 3820 3821 3902 3901
4254 3 2 9 1 3821 3822 3903 3902
4255 3 2 9 1 3822 3823 3904 3903
4256 3 2 9 1 3823 3824 3905 3904
4257 3 2 9 1 3824 3825 3906 3905
4258 3 2 9 1 3825 3826 3907 3906
4259 3 2 9 1 3826 3827 3908 3907
4260 3 2 9 1 3827 3828 3909 3908
4261 3 2 9 1 3828 3829 3910 3909
4262 3 2 9 1 3829 3830 3911 3910
4263 3 2 9 1 3830 3831 3912 3911
4264 3 2 9 1 3831 3832 3913 3912
4265 3 2 9 1 3832 3833 3914 3913
4266 3 2 9 1 3833 3834 3915 3914
4267 3 2 9 1 3834 3835 3916 3915
4268 3 2 9 1 3835 3836 3917 3916
4269 3 2 9 1 3836 3837 3918 3917
4270 3 2 9 1 3837 3838 3919 3918
4271 3 2 9 1 3838 3839 3920 3919
4272 3 2 9 1 3839 3840 3921 3920
4273 3 2 9 1 3840 3841 3922 3921
4274 3 2 9 1 3841 3842 3923 3922
4275 3 2 9 1 3842 3843 3924 3923
4276 3 2 9 1 3843 3844 3925 3924
4277 3 2 9 1 3844 3845 3926 3925
4278 3 2 9 1 3845 3846 3927 3926
4279 3 2 9 1 3846 3847 3928 3927
4280 3 2 9 1 3847 3848 3929 3928
4281 3 2 9 1 3848 3849 3930 3929
4282 3 2 9 1 3849 3850 3931 3930
4283 3 2 9 1 3850 3851 3932 3931
4284 3 2 9 1 3851 3852 3933 3932
4285 3 2 9 1 3852 3853 3934 3933
4286 3 2 9 1 3853 3854 3935 3934
4287 3 2 9 1 3854 3855 3936 3935
4288 3 2 9 1 3855 3856 3937 3936
4289 3 2 9 1 3856 3857 3938 3937
4290 3 2 9 1 3857 3858 3939 3938
4291 3 2 9 1 3858 3859 3940 3939
4292 3 2 9 1 3859 3860 3941 3940
4293 3 2 9 1 3860 3861 3942 3941
4294 3 2 9 1 3861 3862 3943 3942
4295 3 2 9 1 3862 3863 3944 3943
4296 3 2 9 1 3863 3864 3945 3944
4297 3 2 9 1 3864 3865 3946 3945
4298 3 2 9 1 3865 3866 3947 3946
4299 3 2 9 1 3866 3867 3948 3947
4300 3 2 9 1 3867 3868 3949 3948
4301 3 2 9 1 3868 3869 3950 3949
4302 3 2 9 1 3869 3870 3951 3950
4303 3 2 9 1 3870 3871 3952 3951
4304 3 2 9 1 3871 3872 3953 3952
4305 3 2 9 1 3872 3873 3954 3953
4306 3 2 9 1 3873 3874 3955 3954
4307 3 2 9 1 3874 3875 3956 3955
4308 3 2 9 1 3875 3876 3957 3956
4309 3 2 9 1 3876 3877 3958 3957
4310 3 2 9 1 3877 3878 3959 3958
4311 3 2 9 1 3878 3879 3960 3959
4312 3 2 9 1 3879 3880 3961 3960
4313 3 2 9 1 3880 3881 3962 3961
4314 3 2 9 1 3881 3882 3963 3962
4315 3 2 9 1 3882 3883 3964 3963
4316 3 2 9 1 3883 3884 3965 3964
4317 3 2 9 1 3884 3885 3966 3965
4318 3 2 9 1 3885 3886 3967 3966
4319 3 2 9 1 3886 3887 3968 3967
4320 3 2 9 1 3887 3888 3969 3968
4321 3 2 9 1 3889 3890 3971 3970
4322 3 2 9 1 3890 3891 3972 3971
4323 3 2 9 1 3891 3892 3973 3972
4324 3 2 9 1 3892 3893 3974 3973
4325 3 2 9 1 3893 3894 3975 3974
4326 3 2 9 1 3894 3895 3976 3975
4327 3 2 9 1 3895 3896 3977 3976
4328 3 2 9 1 3896 3897 3978 3977
4329 3 2 9 1 3897 3898 3979 3978
4330 3 2 9 1 3898 3899 3980 3979
4331 3 2 9 1 3899 3900 3981 3980
4332 3 2 9 1 3900 3901 3982 3981
4333 3 2 9 1 3901 3902 3983 3982
4334 3 2 9 1 3902 3903 3984 3983
4335 3 2 9 1 3903 3904 3985 3984
4336 3 2 9 1 3904 3905 3986 3985
4337 3 2 9 1 3905 3906 3987 3986
4338 3 2 9 1 3906 3907 3988 3987
4339 3 2 9 1 3907 3908 3989 3988
4340 3 2 9 1 3908 3909 3990 3989
4341 3 2 9 1 3909 3910 3991 3990
4342 3 2 9 1 3910 3911 3992 3991
4343 3 2 9 1 3911 3912 3993 3992
4344 3 2 9 1 3912 3913 3994 3993
4345 3 2 9 1 3913 3914 3995 3994
4346 3 2 9 1 3914 3915 3996 3995
4347 3 2 9 1 3915 3916 3997 3996
4348 3 2 9 1 3916 3917 3998 3997
4349 3 2 9 1 3917 3918 3999 3998
4350 3 2 9 1 3918 3919 4000 3999
4351 3 2 9 1 3919 3920 4001 4000
4352 3 2 9 1 3920 3921 4002 4001
4353 3 2 9 1 3921 3922 4003 4002
4354 3 2 9 1 3922 3923 4004 4003
4355 3 2 9 1 3923 3924 4005 4004
4356 3 2 9 1 3924 3925 4006 4005
4357 3 2 9 1 3925 3926 4007 4006
4358 3 2 9 1 3926 3927 4008 4007
4359 3 2 9 1 3927 3928 4009 4008
4360 3 2 9 1 3928 3929 4010 4009
4361 3 2 9 1 3929 3930 4011 4010
4362 3 2 9 1 3930 3931 4012 4011
4363 3 2 9 1 3931 3932 4013 4012
4364 3 2 9 1 3932 3933 4014 4013
4365 3 2 9 1 3933 3934 4015 4014
4366 3 2 9 1 3934 3935 4016 4015
4367 3 2 9 1 3935 3936 4017 4016
4368 3 2 9 1 3936 3937 4018 4017
4369 3 2 9 1 3937 3938 4019 4018
4370 3 2 9 1 3938 3939 4020 4019
4371 3 2 9 1 3939 3940 4021 4020
4372 3 2 9 1 3940 3941 4022 4021
4373 3 2 9 1 3941 3942 4023 4022
4374 3 2 9 1 3942 3943 4024 4023
4375 3 2 9 1 3943 3944 4025 4024
4376 3 2 9 1 3944 3945 4026 4025
4377 3 2 9 1 3945 3946 4027 4026
4378 3 2 9 1 3946 3947 4028 4027
4379 3 2 9 1 3947 3948 4029 4028
4380 3 2 9 1 3948 3949 4030 4029
4381 3 2 9 1 3949 3950 4031 4030
4382 3 2 9 1 3950 3951 4032 4031
4383 3 2 9 1 3951 3952 4033 4032
4384 3 2 9 1 3952 3953 4034 4033
4385 3 2 9 1 3953 3954 4035 4034
4386 3 2 9 1 3954 3955 4036 4035
4387 3 2 9 1 3955 3956 4037 4036
4388 3 2 9 1 3956 3957 4038 4037
4389 3 2 9 1 3957 3958 4039 4038
4390 3 2 9 1 3958 3959 4040 4039
4391 3 2 9 1 3959 3960 4041 4040
4392 3 2 9 1 3960 3961 4042 4041
4393 3 2 9 1 3961 3962 4043 4042
4394 3 2 9 1 3962 3963 4044 4043
4395 3 2 9 1 3963 3964 4045 4044
4396 3 2 9 1 3964 3965 4046 4045
4397 3 2 9 1 3965 3966 4047 4046
4398 3 2 9 1 3966 3967 4048 4047
4399 3 2 9 1 3967 3968 4049 4048
4400 3 2 9 1 3968 3969 4050 4049
4401 3 2 9 1 3970 3971 4052 4051
4402 3 2 9 1 3971 3972 4053 4052
4403 3 2 9 1 3972 3973 4054 4053
4404 3 2 9 1 3973 3974 4055 4054
4405 3 2 9 1 3974 3975 4056 4055
4406 3 2 9 1 3975 3976 4057 4056
4407 3 2 9 1 3976 3977 4058 4057
4408 3 2 9 1 3977 3978 4059 4058
4409 3 2 9 1 3978 3979 4060 4059
4410 3 2 9 1 3979 3980 4061 4060
4411 3 2 9 1 3980 3981 4062 4061
4412 3 2 9 1 3981 3982 4063 4062
4413 3 2 9 1 3982 3983 4064 4063
4414 3 2 9 1 3983 3984 4065 4064
4415 3 2 9 1 3984 3985 4066 4065
4416 3 2 9 1 3985 3986 4067 4066
4417 3 2 9 1 3986 3987 4068 4067
4418 3 2 9 1 3987 3988 4069 4068
4419 3 2 9 1 3988 3989 4070 4069
4420 3 2 9 1 3989 3990 4071 4070
4421 3 2 9 1 3990 3991 4072 4071
4422 3 2 9 1 3991 3992 4073 4072
4423 3 2 9 1 3992 3993 4074 4073
4424 3 2 9 1 3993 3994 4075 4074
4425 3 2 9 1 3994 3995 4076 4075
4426 3 2 9 1 3995 3996 4077 4076
4427 3 2 9 1 3996 3997 4078 4077
4428 3 2 9 1 3997 3998 4079 4078
4429 3 2 9 1 3998 3999 4080 4079
4430 3 2 9 1 3999 4000 4081 4080
4431 3 2 9 1 4000 4001 4082 4081
4432 3 2 9 1 4001 4002 4083 4082
4433 3 2 9 1 4002 4003 4084 4083
4434 3 2 9 1 4003 4004 4085 4084
4435 3 2 9 1 4004 4005 4086 4085
4436 3 2 9 1 4005 4006 4087 4086
4437 3 2 9 1 4006 4007 4088 4087
4438 3 2 9 1 4007 4008 4089 4088
4439 3 2 9 1 4008 4009 4090 4089
4440 3 2 9 1 4009 4010 4091 4090
4441 3 2 9 1 4010 4011 4092 4091
4442 3 2 9 1 4011 4012 4093 4092
4443 3 2 9 1 4012 4013 4094 4093
4444 3 2 9 1 4013 4014 4095 4094
4445 3 2 9 1 4014 4015 4096 4095
4446 3 2 9 1 4015 4016 4097 4096
4447 3 2 9 1 4016 4017 4098 4097
4448 3 2 9 1 4017 4018 4099 4098
4449 3 2 9 1 4018 4019 4100 4099
4450 3 2 9 1 4019 4020 4101 4100
4451 3 2 9 1 4020 4021 4102 4101
4452 3 2 9 1 4021 4022 4103 4102
4453 3 2 9 1 4022 4023 4104 4103
4454 3 2 9 1 4023 4024 4105 4104
4455 3 2 9 1 4024 4025 4106 4105
4456 3 2 9 1 4025 4026 4107 4106
4457 3 2 9 1 4026 4027 4108 4107
4458 3 2 9 1 4027 4028 4109 4108
4459 3 2 9 1 4028 4029 4110 4109
4460 3 2 9 1 4029 4030 4111 4110
4461 3 2 9 1 4030 4031 4112 4111
4462 3 2 9 1 4031 4032 4113 4112
4463 3 2 9 1 4032 4033 4114 4113
4464 3 2 9 1 4033 4034 4115 4114
4465 3 2 9 1 4034 4035 4116 4115
4466 3 2 9 1 4035 4036 4117 4116
4467 3 2 9 1 4036 4037 4118 4117
4468 3 2 9 1 4037 4038 4119 4118
4469 3 2 9 1 4038 4039 4120 4119
4470 3 2 9 1 4039 4040 4121 4120
4471 3 2 9 1 4040 4041 4122 4121
4472 3 2 9 1 4041 4042 4123 4122
4473 3 2 9 1 4042 4043 4124 4123
4474 3 2 9 1 4043 4044 4125 4124
4475 3 2 9 1 4044 4045 4126 4125
4476 3 2 9 1 4045 4046 4127 4126
4477 3 2 9 1 4046 4047 4128 4127
4478 3 2 9 1 4047 4048 4129 4128
4479 3 2 9 1 4048 4049 4130 4129
4480 3 2 9 1 4049 4050 4131 4130
4481 3 2 9 1 4051 4052 4133 4132
4482 3 2 9 1 4052 4053 4134 4133
4483 3 2 9 1 4053 4054 4135 4134
4484 3 2 9 1 4054 4055 4136 4135
4485 3 2 9 1 4055 4056 4137 4136
4486 3 2 9 1 4056 4057 4138 4137
4487 3 2 9 1 4057 4058 4139 4138
4488 3 2 9 1 4058 4059 4140 4139
4489 3 2 9 1 4059 4060 4141 4140
4490 3 2 9 1 4060 4061 4142 4141
4491 3 2 9 1 4061 4062 4143 4142
4492 3 2 9 1 4062 4063 4144 4143
4493 3 2 9 1 4063 4064 4145 4144
4494 3 2 9 1 4064 4065 4146 4145
4495 3 2 9 1 4065 4066 4147 4146
4496 3 2 9 1 4066 4067 4148 4147
4497 3 2 9 1 4067 4068 4149 4148
4498 3 2 9 1 4068 4069 4150 4149
4499 3 2 9 1 4069 4070 4151 4150
4500 3 2 9 1 4070 4071 4152 4151
4501 3 2 9 1 4071 4072 4153 4152
4502 3 2 9 1 4072 4073 4154 4153
4503 3 2 9 1 4073 4074 4155 4154
4504 3 2 9 1 4074 4075 4156 4155
4505 3 2 9 1 4075 4076 4157 4156
4506 3 2 9 1 4076 4077 4158 4157
4507 3 2 9 1 4077 4078 4159 4158
4508 3 2 9 1 4078 4079 4160 4159
4509 3 2 9 1 4079 4080 4161 4160
4510 3 2 9 1 4080 4081 4162 4161
4511 3 2 9 1 4081 4082 4163 4162
4512 3 2 9 1 4082 4083 4164 4163
4513 3 2 9 1 4083 4084 4165 4164
4514 3 2 9 1 4084 4085 4166 4165
4515 3 2 9 1 4085 4086 4167 4166
4516 3 2 9 1 4086 4087 4168 4167
4517 3 2 9 1 4087 4088 4169 4168
4518 3 2 9 1 4088 4089 4170 4169
4519 3 2 9 1 4089 4090 4171 4170
4520 3 2 9 1 4090 4091 4172 4171
4521 3 2 9 1 4091 4092 4173 4172
4522 3 2 9 1 4092 4093 4174 4173
4523 3 2 9 1 4093 4094 4175 4174
4524 3 2 9 1 4094 4095 4176 4175
4525 3 2 9 1 4095 4096 4177 4176
4526 3 2 9 1 4096 4097 4178 4177
4527 3 2 9 1 4097 4098 4179 4178
4528 3 2 9 1 4098 4099 4180 4179
4529 3 2 9 1 4099 4100 4181 4180
4530 3 2 9 1 4100 4101 4182 4181
4531 3 2 9 1 4101 4102 4183 4182
4532 3 2 9 1 4102 4103 4184 4183
4533 3 2 9 1 4103 4104 4185 4184
4534 3 2 9 1 4104 4105 4186 4185
4535 3 2 9 1 4105 4106 4187 4186
4536 3 2 9 1 4106 4107 4188 4187
4537 3 2 9 1 4107 4108 4189 4188
4538 3 2 9 1 4108 4109 4190 4189
4539 3 2 9 1 4109 4110 4191 4190
4540 3 2 9 1 4110 4111 4192 4191
4541 3 2 9 1 4111 4112 4193 4192
4542 3 2 9 1 4112 4113 4194 4193
4543 3 2 9 1 4113 4114 4195 4194
4544 3 2 9 1 4114 4115 4196 4195
4545 3 2 9 1 4115 4116 4197 4196
4546 3 2 9 1 4116 4117 4198 4197
4547 3 2 9 1 4117 4118 4199 4198
4548 3 2 9 1 4118 4119 4200 4199
4549 3 2 9 1 4119 4120 4201 4200
4550 3 2 9 1 4120 4121 4202 4201
4551 3 2 9 1 4121 4122 4203 4202
4552 3 2 9 1 4122 4123 4204 4203
4553 3 2 9 1 4123 4124 4205 4204
4554 3 2 9 1 4124 4125 4206 4205
4555 3 2 9 1 4125 4126 4207 4206
4556 3 2 9 1 4126 4127 4208 4207
4557 3 2 9 1 4127 4128 4209 4208
4558 3 2 9 1 4128 4129 4210 4209
4559 3 2 9 1 4129 4130 4211 4210
4560 3 2 9 1 4130 4131 4212 4211
4561 3 2 9 1 4132 4133 4214 4213
4562 3 2 9 1 4133 4134 4215 4214
4563 3 2 9 1 4134 4135 4216 4215
4564 3 2 9 1 4135 4136 4217 4216
4565 3 2 9 1 4136 4137 4218 4217
4566 3 2 9 1 4137 4138 4219 4218
4567 3 2 9 1 4138 4139 4220 4219
4568 3 2 9 1 4139 4140 4221 4220
4569 3 2 9 1 4140 4141 4222 4221
4570 3 2 9 1 4141 4142 4223 4222
4571 3 2 9 1 4142 4143 4224 4223
4572 3 2 9 1 4143 4144 4225 4224
4573 3 2 9 1 4144 4145 4226 4225
4574 3 2 9 1 4145 4146 4227 4226
4575 3 2 9 1 4146 4147 4228 4227
4576 3 2 9 1 4147 4148 4229 4228
4577 3 2 9 1 4148 4149 4230 4229
4578 3 2 9 1 4149 4150 4231 4230
4579 3 2 9 1 4150 4151 4232 4231
4580 3 2 9 1 4151 4152 4233 4232
4581 3 2 9 1 4152 4153 4234 4233
4582 3 2 9 1 4153 4154 4235 4234
4583 3 2 9 1 4154 4155 4236 4235
4584 3 2 9 1 4155 4156 4237 4236
4585 3 2 9 1 4156 4157 4238 4237
4586 3 2 9 1 4157 4158 4239 4238
4587 3 2 9 1 4158 4159 4240 4239
4588 3 2 9 1 4159 4160 4241 4240
4589 3 2 9 1 4160 4161 4242 4241
4590 3 2 9 1 4161 4162 4243 4242
4591 3 2 9 1 4162 4163 4244 4243
4592 3 2 9 1 4163 4164 4245 4244
4593 3 2 9 1 4164 4165 4246 4245
4594 3 2 9 1 4165 4166 4247 4246
4595 3 2 9 1 4166 4167 4248 4247
4596 3 2 9 1 4167 4168 4249 4248
4597 3 2 9 1 4168 4169 4250 4249
4598 3 2 9 1 4169 4170 4251 4250
4599 3 2 9 1 4170 4171 4252 4251
4600 3 2 9 1 4171 4172 4253 4252
4601 3 2 9 1 4172 4173 4254 4253
4602 3 2 9 1 4173 4174 4255 4254
4603 3 2 9 1 4174 4175 4256 4255
4604 3 2 9 1 4175 4176 4257 4256
4605 3 2 9 1 4176 4177 4258 4257
4606 3 2 9 1 4177 4178 4259 4258
4607 3 2 9 1 4178 4179 4260 4259
4608 3 2 9 1 4179 4180 4261 4260
4609 3 2 9 1 4180 4181 4262 4261
4610 3 2 9 1 4181 4182 4263 4262
4611 3 2 9 1 4182 4183 4264 4263
4612 3 2 9 1 4183 4184 4265 4264
4613 3 2 9 1 4184 4185 4266 4265
4614 3 2 9 1 4185 4186 4267 4266
4615 3 2 9 1 4186 4187 4268 4267
4616 3 2 9 1 4187 4188 4269 4268
4617 3 2 9 1 4188 4189 4270 4269
4618 3 2 9 1 4189 4190 4271 4270
4619 3 2 9 1 4190 4191 4272 4271
4620 3 2 9 1 4191 4192 4273 4272
4621 3 2 9 1 4192 4193 4274 4273
4622 3 2 9 1 4193 4194 4275 4274
4623 3 2 9 1 4194 4195 4276 4275
4624 3 2 9 1 4195 4196 4277 4276
4625 3 2 9 1 4196 4197 4278 4277
4626 3 2 9 1 4197 4198 4279 4278
4627 3 2 9 1 4198 4199 4280 4279
4628 3 2 9 1 4199 4200 4281 4280
4629 3 2 9 1 4200 4201 4282 4281
4630 3 2 9 1 4201 4202 4283 4282
4631 3 2 9 1 4202 4203 4284 4283
4632 3 2 9 1 4203 4204 4285 4284
4633 3 2 9 1 4204 4205 4286 4285
4634 3 2 9 1 4205 4206 4287 4286
4635 3 2 9 1 4206 4207 4288 4287
4636 3 2 9 1 4207 4208 4289 4288
4637 3 2 9 1 4208 4209 4290 4289
4638 3 2 9 1 4209 4210 4291 4290
4639 3 2 9 1 4210 4211 4292 4291
4640 3 2 9 1 4211 4212 4293 4292
4641 3 2 9 1 4213 4214 4295 4294
4642 3 2 9 1 4214 4215 4296 4295
4643 3 2 9 1 4215 4216 4297 4296
4644 3 2 9 1 4216 4217 4298 4297
4645 3 2 9 1 4217 4218 4299 4298
4646 3 2 9 1 4218 4219 4300 4299
4647 3 2 9 1 4219 4220 4301 4300
4648 3 2 9 1 4220 4221 4302 4301
4649 3 2 9 1 4221 4222 4303 4302
4650 3 2 9 1 4222 4223 4304 4303
4651 3 2 9 1 4223 4224 4305 4304
4652 3 2 9 1 4224 4225 4306 4305
4653 3 2 9 1 4225 4226 4307 4306
4654 3 2 9 1 4226 4227 4308 4307
4655 3 2 9 1 4227 4228 4309 4308
4656 3 2 9 1 4228 4229 4310 4309
4657 3 2 9 1 4229 4230 4311 4310
4658 3 2 9 1 4230 4231 4312 4311
4659 3 2 9 1 4231 4232 4313 4312
4660 3 2 9 1 4232 4233 4314 4313
4661 3 2 9 1 4233 4234 4315 4314
4662 3 2 9 1 4234 4235 4316 4315
4663 3 2 9 1 4235 4236 4317 4316
4664 3 2 9 1 4236 4237 4318 4317
4665 3 2 9 1 4237 4238 4319 4318
4666 3 2 9 1 4238 4239 4320 4319
4667 3 2 9 1 4239 4240 4321 4320
4668 3 2 9 1 4240 4241 4322 4321
4669 3 2 9 1 4241 4242 4323 4322
4670 3 2 9 1 4242 4243 4324 4323
4671 3 2 9 1 4243 4244 4325 4324
4672 3 2 9 1 4244 4245 4326 4325
4673 3 2 9 1 4245 4246 4327 4326
4674 3 2 9 1 4246 4247 4328 4327
4675 3 2 9 1 4247 4248 4329 4328
4676 3 2 9 1 4248 4249 4330 4329
4677 3 2 9 1 4249 4250 4331 4330
4678 3 2 9 1 4250 4251 4332 4331
4679 3 2 9 1 4251 4252 4333 4332
4680 3 2 9 1 4252 4253 4334 4333
4681 3 2 9 1 4253 4254 4335 4334
4682 3 2 9 1 4254 4255 4336 4335
4683 3 2 9 1 4255 4256 4337 4336
4684 3 2 9 1 4256 4257 4338 4337
4685 3 2 9 1 4257 4258 4339 4338
4686 3 2 9 1 4258 4259 4340 4339
4687 3 2 9 1 4259 4260 4341 4340
4688 3 2 9 1 4260 4261 4342 4341
4689 3 2 9 1 4261 4262 4343 4342
4690 3 2 9 1 4262 4263 4344 4343
4691 3 2 9 1 4263 4264 4345 4344
4692 3 2 9 1 4264 4265 4346 4345
4693 3 2 9 1 4265 4266 4347 4346
4694 3 2 9 1 4266 4267 4348 4347
4695 3 2 9 1 4267 4268 4349 4348
4696 3 2 9 1 4268 4269 4350 4349
4697 3 2 9 1 4269 4270 4351 4350
4698 3 2 9 1 4270 4271 4352 4351
4699 3 2 9 1 4271 4272 4353 4352
4700 3 2 9 1 4272 4273 4354 4353
4701 3 2 9 1 4273 4274 4355 4354
4702 3 2 9 1 4274 4275 4356 4355
4703 3 2 9 1 4275 4276 4357 4356
4704 3 2 9 1 4276 4277 4358 4357
4705 3 2 9 1 4277 4278 4359 4358
4706 3 2 9 1 4278 4279 4360 4359
4707 3 2 9 1 4279 4280 4361 4360
4708 3 2 9 1 4280 4281 4362 4361
4709 3 2 9 1 4281 4282 4363 4362
4710 3 2 9 1 4282 4283 4364 4363
4711 3 2 9 1 4283 4284 4365 4364
4712 3 2 9 1 4284 4285 4366 4365
4713 3 2 9 1 4285 4286 4367 4366
4714 3 2 9 1 4286 4287 4368 4367
4715 3 2 9 1 4287 4288 4369 4368
4716 3 2 9 1 4288 4289 4370 4369
4717 3 2 9 1 4289 4290 4371 4370
4718 3 2 9 1 4290 4291 4372 4371
4719 3 2 9 1 4291 4292 4373 4372
4720 3 2 9 1 4292 4293 4374 4373
4721 3 2 9 1 4294 4295 4376 4375
4722 3 2 9 1 4295 4296 4377 4376
4723 3 2 9 1 4296 4297 4378 4377
4724 3 2 9 1 4297 4298 4379 4378
4725 3 2 9 1 4298 4299 4380 4379
4726 3 2 9 1 4299 4300 4381 4380
4727 3 2 9 1 4300 4301 4382 4381
4728 3 2 9 1 4301 4302 4383 4382
4729 3 2 9 1 4302 4303 4384 4383
4730 3 2 9 1 4303 4304 4385 4384
4731 3 2 9 1 4304 4305 4386 4385
4732 3 2 9 1 4305 4306 4387 4386
4733 3 2 9 1 4306 4307 4388 4387
4734 3 2 9 1 4307 4308 4389 4388
4735 3 2 9 1 4308 4309 4390 4389
4736 3 2 9 1 4309 4310 4391 4390
4737 3 2 9 1 4310 4311 4392 4391
4738 3 2 9 1 4311 4312 4393 4392
4739 3 2 9 1 4312 4313 4394 4393
4740 3 2 9 1 4313 4314 4395 4394
4741 3 2 9 1 4314 4315 4396 4395
4742 3 2 9 1 4315 4316 4397 4396
4743 3 2 9 1 4316 4317 4398 4397
4744 3 2 9 1 4317 4318 4399 4398
4745 3 2 9 1 4318 4319 4400 4399
4746 3 2 9 1 4319 4320 4401 4400
4747 3 2 9 1 4320 4321 4402 4401
4748 3 2 9 1 4321 4322 4403 4402
4749 3 2 9 1 4322 4323 4404 4403
4750 3 2 9 1 4323 4324 4405 4404
4751 3 2 9 1 4324 4325 4406 4405
4752 3 2 9 1 4325 4326 4407 4406
4753 3 2 9 1 4326 4327 4408 4407
4754 3 2 9 1 4327 4328 4409 4408
4755 3 2 9 1 4328 4329 4410 4409
4756 3 2 9 1 4329 4330 4411 4410
4757 3 2 9 1 4330 4331 4412 4411
4758 3 2 9 1 4331 4332 4413 4412
4759 3 2 9 1 4332 4333 4414 4413
4760 3 2 9 1 4333 4334 4415 4414
4761 3 2 9 1 4334 4335 4416 4415
4762 3 2 9 1 4335 4336 4417 4416
4763 3 2 9 1 4336 4337 4418 4417
4764 3 2 9 1 4337 4338 4419 4418
4765 3 2 9 1 4338 4339 4420 4419
4766 3 2 9 1 4339 4340 4421 4420
4767 3 2 9 1 4340 4341 4422 4421
4768 3 2 9 1 4341 4342 4423 4422
4769 3 2 9 1 4342 4343 4424 4423
4770 3 2 9 1 4343 4344 4425 4424
4771 3 2 9 1 4344 4345 4426 4425
4772 3 2 9 1 4345 4346 4427 4426
4773 3 2 9 1 4346 4347 4428 4427
4774 3 2 9 1 4347 4348 4429 4428
4775 3 2 9 1 4348 4349 4430 4429
4776 3 2 9 1 4349 4350 4431 4430
4777 3 2 9 1 4350 4351 4432 4431
4778 3 2 9 1 4351 4352 4433 4432
4779 3 2 9 1 4352 4353 4434 4433
4780 3 2 9 1 4353 4354 4435 4434
4781 3 2 9 1 4354 4355 4436 4435
4782 3 2 9 1 4355 4356 4437 4436
4783 3 2 9 1 4356 4357 4438 4437
4784 3 2 9 1 4357 4358 4439 4438
4785 3 2 9 1 4358 4359 4440 4439
4786 3 2 9 1 4359 4360 4441 4440
4787 3 2 9 1 4360 4361 4442 4441
4788 3 2 9 1 4361 4362 4443 4442
4789 3 2 9 1 4362 4363 4444 4443
4790 3 2 9 1 4363 4364 4445 4444
4791 3 2 9 1 4364 4365 4446 4445
4792 3 2 9 1 4365 4366 4447 4446
4793 3 2 9 1 4366 4367 4448 4447
4794 3 2 9 1 4367 4368 4449 4448
4795 3 2 9 1 4368 4369 4450 4449
4796 3 2 9 1 4369 4370 4451 4450
4797 3 2 9 1 4370 4371 4452 4451
4798 3 2 9 1 4371 4372 4453 4452
4799 3 2 9 1 4372 4373 4454 4453
4800 3 2 9 1 4373 4374 4455 4454
4801 3 2 9 1 4375 4376 4457 4456
4802 3 2 9 1 4376 4377 4458 4457
4803 3 2 9 1 4377 4378 4459 4458
4804 3 2 9 1 4378 4379 4460 4459
4805 3 2 9 1 4379 4380 4461 4460
4806 3 2 9 1 4380 4381 4462 4461
4807 3 2 9 1 4381 4382 4463 4462
4808 3 2 9 1 4382 4383 4464 4463
4809 3 2 9 1 4383 4384 4465 4464
4810 3 2 9 1 4384 4385 4466 4465
4811 3 2 9 1 4385 4386 4467 4466
4812 3 2 9 1 4386 4387 4468 4467
4813 3 2 9 1 4387 4388 4469 4468
4814 3 2 9 1 4388 4389 4470 4469
4815 3 2 9 1 4389 4390 4471 4470
4816 3 2 9 1 4390 4391 4472 4471
4817 3 2 9 1 4391 4392 4473 4472
4818 3 2 9 1 4392 4393 4474 4473
4819 3 2 9 1 4393 4394 4475 4474
4820 3 2 9 1 4394 4395 4476 4475
4821 3 2 9 1 4395 4396 4477 4476
4822 3 2 9 1 4396 4397 4478 4477
4823 3 2 9 1 4397 4398 4479 4478
4824 3 2 9 1 4398 4399 4480 4479
4825 3 2 9 1 4399 4400 4481 4480
4826 3 2 9 1 4400 4401 4482 4481
4827 3 2 9 1 4401 4402 4483 4482
4828 3 2 9 1 4402 4403 4484 4483
4829 3 2 9 1 4403 4404 4485 4484
4830 3 2 9 1 4404 4405 4486 4485
4831 3 2 9 1 4405 4406 4487 4486
4832 3 2 9 1 4406 4407 4488 4487
4833 3 2 9 1 4407 4408 4489 4488
4834 3 2 9 1 4408 4409 4490 4489
4835 3 2 9 1 4409 4410 4491 4490
4836 3 2 9 1 4410 4411 4492 4491
4837 3 2 9 1 4411 4412 4493 4492
4838 3 2 9 1 4412 4413 4494 4493
4839 3 2 9 1 4413 4414 4495 4494
4840 3 2 9 1 4414 4415 4496 4495
4841 3 2 9 1 4415 4416 4497 4496
4842 3 2 9 1 4416 4417 4498 4497
4843 3 2 9 1 4417 4418 4499 4498
4844 3 2 9 1 4418 4419 4500 4499
4845 3 2 9 1 4419 4420 4501 4500
4846 3 2 9 1 4420 4421 4502 4501
4847 3 2 9 1 4421 4422 4503 4502
4848 3 2 9 1 4422 4423 4504 4503
4849 3 2 9 1 4423 4424 4505 4504
4850 3 2 9 1 4424 4425 4506 4505
4851 3 2 9 1 4425 4426 4507 4506
4852 3 2 9 1 4426 4427 4508 4507
4853 3 2 9 1 4427 4428 4509 4508
4854 3 2 9 1 4428 4429 4510 4509
4855 3 2 9 1 4429 4430 4511 4510
4856 3 2 9 1 4430 4431 4512 4511
4857 3 2 9 1 4431 4432 4513 4512
4858 3 2 9 1 4432 4433 4514 4513
4859 3 2 9 1 4433 4434 4515 4514
4860 3 2 9 1 4434 4435 4516 4515
4861 3 2 9 1 4435 4436 4517 4516
4862 3 2 9 1 4436 4437 4518 4517
4863 3 2 9 1 4437 4438 4519 4518
4864 3 2 9 1 4438 4439 4520 4519
4865 3 2 9 1 4439 4440 4521 4520
4866 3 2 9 1 4440 4441 4522 4521
4867 3 2 9 1 4441 4442 4523 4522
4868 3 2 9 1 4442 4443 4524 4523
4869 3 2 9 1 4443 4444 4525 4524
4870 3 2 9 1 4444 4445 4526 4525
4871 3 2 9 1 4445 4446 4527 4526
4872 3 2 9 1 4446 4447 4528 4527
4873 3 2 9 1 4447 4448 4529 4528
4874 3 2 9 1 4448 4449 4530 4529
4875 3 2 9 1 4449 4450 4531 4530
4876 3 2 9 1 4450 4451 4532 4531
4877 3 2 9 1 4451 4452 4533 4532
4878 3 2 9 1 4452 4453 4534 4533
4879 3 2 9 1 4453 4454 4535 4534
4880 3 2 9 1 4454 4455 4536 4535
4881 3 2 9 1 4456 4457 4538 4537
4882 3 2 9 1 4457 4458 4539 4538
4883 3 2 9 1 4458 4459 4540 4539
4884 3 2 9 1 4459 4460 4541 4540
4885 3 2 9 1 4460 4461 4542 4541
4886 3 2 9 1 4461 4462 4543 4542
4887 3 2 9 1 4462 4463 4544 4543
4888 3 2 9 1 4463 4464 4545 4544
4889 3 2 9 1 4464 4465 4546 4545
4890 3 2 9 1 4465 4466 4547 4546
4891 3 2 9 1 4466 4467 4548 4547
4892 3 2 9 1 4467 4468 4549 4548
4893 3 2 9 1 4468 4469 4550 4549
4894 3 2 9 1 4469 4470 4551 4550
4895 3 2 9 1 4470 4471 4552 4551
4896 3 2 9 1 4471 4472 4553 4552
4897 3 2 9 1 4472 4473 4554 4553
4898 3 2 9 1 4473 4474 4555 4554
4899 3 2 9 1 4474 4475 4556 4555
4900 3 2 9 1 4475 4476 4557 4556
4901 3 2 9 1 4476 4477 4558 4557
4902 3 2 9 1 4477 4478 4559 4558
4903 3 2 9 1 4478 4479 4560 4559
4904 3 2 9 1 4479 4480 4561 4560
4905 3 2 9 1 4480 4481 4562 4561
4906 3 2 9 1 4481 4482 4563 4562
4907 3 2 9 1 4482 4483 4564 4563
4908 3 2 9 1 4483 4484 4565 4564
4909 3 2 9 1 4484 4485 4566 4565
4910 3 2 9 1 4485 4486 4567 4566
4911 3 2 9 1 4486 4487 4568 4567
4912 3 2 9 1 4487 4488 4569 4568
4913 3 2 9 1 4488 4489 4570 4569
4914 3 2 9 1 4489 4490 4571 4570
4915 3 2 9 1 4490 4491 4572 4571
4916 3 2 9 1 4491 4492 4573 4572
4917 3 2 9 1 4492 4493 4574 4573
4918 3 2 9 1 4493 4494 4575 4574
4919 3 2 9 1 4494 4495 4576 4575
4920 3 2 9 1 4495 4496 4577 4576
4921 3 2 9 1 4496 4497 4578 4577
4922 3 2 9 1 4497 4498 4579 4578
4923 3 2 9 1 4498 4499 4580 4579
4924 3 2 9 1 4499 4500 4581 4580
4925 3 2 9 1 4500 4501 4582 4581
4926 3 2 9 1 4501 4502 4583 4582
4927 3 2 9 1 4502 4503 4584 4583
4928 3 2 9 1 4503 4504 4585 4584
4929 3 2 9 1 4504 4505 4586 4585
4930 3 2 9 1 4505 4506 4587 4586
4931 3 2 9 1 4506 4507 4588 4587
4932 3 2 9 1 4507 4508 4589 4588
4933 3 2 9 1 4508 4509 4590 4589
4934 3 2 9 1 4509 4510 4591 4590
4935 3 2 9 1 4510 4511 4592 4591
4936 3 2 9 1 4511 4512 4593 4592
4937 3 2 9 1 4512 4513 4594 4593
4938 3 2 9 1 4513 4514 4595 4594
4939 3 2 9 1 4514 4515 4596 4595
4940 3 2 9 1 4515 4516 4597 4596
4941 3 2 9 1 4516 4517 4598 4597
4942 3 2 9 1 4517 4518 4599 4598
4943 3 2 9 1 4518 4519 4600 4599
4944 3 2 9 1 4519 4520 4601 4600
4945 3 2 9 1 4520 4521 4602 4601
4946 3 2 9 1 4521 4522 4603 4602
4947 3 2 9 1 4522 4523 4604 4603
4948 3 2 9 1 4523 4524 4605 4604
4949 3 2 9 1 4524 4525 4606 4605
4950 3 2 9 1 4525 4526 4607 4606
4951 3 2 9 1 4526 4527 4608 4607
4952 3 2 9 1 4527 4528 4609 4608
4953 3 2 9 1 4528 4529 4610 4609
4954 3 2 9 1 4529 4530 4611 4610
4955 3 2 9 1 4530 4531 4612 4611
4956 3 2 9 1 4531 4532 4613 4612
4957 3 2 9 1 4532 4533 4614 4613
4958 3 2 9 1 4533 4534 4615 4614
4959 3 2 9 1 4534 4535 4616 4615
4960 3 2 9 1 4535 4536 4617 4616
4961 3 2 9 1 4537 4538 4619 4618
4962 3 2 9 1 4538 4539 4620 4619
4963 3 2 9 1 4539 4540 4621 4620
4964 3 2 9 1 4540 4541 4622 4621
4965 3 2 9 1 4541 4542 4623 4622
4966 3 2 9 1 4542 4543 4624 4623
4967 3 2 9 1 4543 4544 4625 4624
4968 3 2 9 1 4544 4545 4626 4625
4969 3 2 9 1 4545 4546 4627 4626
4970 3 2 9 1 4546 4547 4628 4627
4971 3 2 9 1 4547 4548 4629 4628
4972 3 2 9 1 4548 4549 4630 4629
4973 3 2 9 1 4549 4550 4631 4630
4974 3 2 9 1 4550 4551 4632 4631
4975 3 2 9 1 4551 4552 4633 4632
4976 3 2 9 1 4552 4553 4634 4633
4977 3 2 9 1 4553 4554 4635 4634
4978 3 2 9 1 4554 4555 4636 4635
4979 3 2 9 1 4555 4556 4637 4636
4980 3 2 9 1 4556 4557 4638 4637
4981 3 2 9 1 4557 4558 4639 4638
4982 3 2 9 1 4558 4559 4640 4639
4983 3 2 9 1 4559 4560 4641 4640
4984 3 2 9 1 4560 4561 4642 4641
4985 3 2 9 1 4561 4562 4643 4642
4986 3 2 9 1 4562 4563 4644 4643
4987 3 2 9 1 4563 4564 4645 4644
4988 3 2 9 1 4564 4565 4646 4645
4989 3 2 9 1 4565 4566 4647 4646
4990 3 2 9 1 4566 4567 4648 4647
4991 3 2 9 1 4567 4568 4649 4648
4992 3 2 9 1 4568 4569 4650 4649
4993 3 2 9 1 4569 4570 4651 4650
4994 3 2 9 1 4570 4571 4652 4651
4995 3 2 9 1 4571 4572 4653 4652
4996 3 2 9 1 4572 4573 4654 4653
4997 3 2 9 1 4573 4574 4655 4654
4998 3 2 9 1 4574 4575 4656 4655
4999 3 2 9 1 4575 4576 4657 4656
5000 3 2 9 1 4576 4577 4658 4657
5001 3 2 9 1 4577 4578 4659 4658
5002 3 2 9 1 4578 4579 4660 4659
5003 3 2 9 1 4579 4580 4661 4660
5004 3 2 9 1 4580 4581 4662 4661
5005 3 2 9 1 4581 4582 4663 4662
5006 3 2 9 1 4582 4583 4664 4663
5007 3 2 9 1 4583 4584 4665 4664
5008 3 2 9 1 4584 4585 4666 4665
5009 3 2 9 1 4585 4586 4667 4666
5010 3 2 9 1 4586 4587 4668 4667
5011 3 2 9 1 4587 4588 4669 4668
5012 3 2 9 1 4588 4589 4670 4669
5013 3 2 9 1 4589 4590 4671 4670
5014 3 2 9 1 4590 4591 4672 4671
5015 3 2 9 1 4591 4592 4673 4672
5016 3 2 9 1 4592 4593 4674 4673
5017 3 2 9 1 4593 4594 4675 4674
5018 3 2 9 1 4594 4595 4676 4675
5019 3 2 9 1 4595 4596 4677 4676
5020 3 2 9 1 4596 4597 4678 4677
5021 3 2 9 1 4597 4598 4679 4678
5022 3 2 9 1 4598 4599 4680 4679
5023 3 2 9 1 4599 4600 4681 4680
5024 3 2 9 1 4600 4601 4682 4681
5025 3 2 9 1 4601 4602 4683 4682
5026 3 2 9 1 4602 4603 4684 4683
5027 3 2 9 1 4603 4604 4685 4684
5028 3 2 9 1 4604 4605 4686 4685
5029 3 2 9 1 4605 4606 4687 4686
5030 3 2 9 1 4606 4607 4688 4687
5031 3 2 9 1 4607 4608 4689 4688
5032 3 2 9 1 4608 4609 4690 4689
5033 3 2 9 1 4609 4610 4691 4690
5034 3 2 9 1 4610 4611 4692 4691
5035 3 2 9 1 4611 4612 4693 4692
5036 3 2 9 1 4612 4613 4694 4693
5037 3 2 9 1 4613 4614 4695 4694
5038 3 2 9 1 4614 4615 4696 4695
5039 3 2 9 1 4615 4616 4697 4696
5040 3 2 9 1 4616 4617 4698 4697
5041 3 2 9 1 4618 4619 4700 4699
5042 3 2 9 1 4619 4620 4701 4700
5043 3 2 9 1 4620 4621 4702 4701
5044 3 2 9 1 4621 4622 4703 4702
5045 3 2 9 1 4622 4623 4704 4703
5046 3 2 9 1 4623 4624 4705 4704
5047 3 2 9 1 4624 4625 4706 4705
5048 3 2 9 1 4625 4626 4707 4706
5049 3 2 9 1 4626 4627 4708 4707
5050 3 2 9 1 4627 4628 4709 4708
5051 3 2 9 1 4628 4629 4710 4709
5052 3 2 9 1 4629 4630 4711 4710
5053 3 2 9 1 4630 4631 4712 4711
5054 3 2 9 1 4631 4632 4713 4712
5055 3 2 9 1 4632 4633 4714 4713
5056 3 2 9 1 4633 4634 4715 4714
5057 3 2 9 1 4634 4635 4716 4715
5058 3 2 9 1 4635 4636 4717 4716
5059 3 2 9 1 4636 4637 4718 4717
5060 3 2 9 1 4637 4638 4719 4718
5061 3 2 9 1 4638 4639 4720 4719
5062 3 2 9 1 4639 4640 4721 4720
5063 3 2 9 1 4640 4641 4722 4721
5064 3 2 9 1 4641 4642 4723 4722
5065 3 2 9 1 4642 4643 4724 4723
5066 3 2 9 1 4643 4644 4725 4724
5067 3 2 9 1 4644 4645 4726 4725
5068 3 2 9 1 4645 4646 4727 4726
5069 3 2 9 1 4646 4647 4728 4727
5070 3 2 9 1 4647 4648 4729 4728
5071 3 2 9 1 4648 4649 4730 4729
5072 3 2 9 1 4649 4650 4731 4730
5073 3 2 9 1 4650 4651 4732 4731
5074 3 2 9 1 4651 4652 4733 4732
5075 3 2 9 1 4652 4653 4734 4733
5076 3 2 9 1 4653 4654 4735 4734
5077 3 2 9 1 4654 4655 4736 4735
5078 3 2 9 1 4655 4656 4737 4736
5079 3 2 9 1 4656 4657 4738 4737
5080 3 2 9 1 4657 4658 4739 4738
5081 3 2 9 1 4658 4659 4740 4739
5082 3 2 9 1 4659 4660 4741 4740
5083 3 2 9 1 4660 4661 4742 4741
5084 3 2 9 1 4661 4662 4743 4742
5085 3 2 9 1 4662 4663 4744 4743
5086 3 2 9 1 4663 4664 4745 4744
5087 3 2 9 1 4664 4665 4746 4745
5088 3 2 9 1 4665 4666 4747 4746
5089 3 2 9 1 4666 4667 4748 4747
5090 3 2 9 1 4667 4668 4749 4748
5091 3 2 9 1 4668 4669 4750 4749
5092 3 2 9 1 4669 4670 4751 4750
5093 3 2 9 1 4670 4671 4752 4751
5094 3 2 9 1 4671 4672 4753 4752
5095 3 2 9 1 4672 4673 4754 4753
5096 3 2 9 1 4673 4674 4755 4754
5097 3 2 9 1 4674 4675 4756 4755
5098 3 2 9 1 4675 4676 4757 4756
5099 3 2 9 1 4676 4677 4758 4757
5100 3 2 9 1 4677 4678 4759 4758
5101 3 2 9 1 4678 4679 4760 4759
5102 3 2 9 1 4679 4680 4761 4760
5103 3 2 9 1 4680 4681 4762 4761
5104 3 2 9 1 4681 4682 4763 4762
5105 3 2 9 1 4682 4683 4764 4763
5106 3 2 9 1 4683 4684 4765 4764
5107 3 2 9 1 4684 4685 4766 4765
5108 3 2 9 1 4685 4686 4767 4766
5109 3 2 9 1 4686 4687 4768 4767
5110 3 2 9 1 4687 4688 4769 4768
5111 3 2 9 1 4688 4689 4770 4769
5112 3 2 9 1 4689 4690 4771 4770
5113 3 2 9 1 4690 4691 4772 4771
5114 3 2 9 1 4691 4692 4773 4772
5115 3 2 9 1 4692 4693 4774 4773
5116 3 2 9 1 4693 4694 4775 4774
5117 3 2 9 1 4694 4695 4776 4775
5118 3 2 9 1 4695 4696 4777 4776
5119 3 2 9 1 4696 4697 4778 4777
5120 3 2 9 1 4697 4698 4779 4778
5121 3 2 9 1 4699 4700 4781 4780
5122 3 2 9 1 4700 4701 4782 4781
5123 3 2 9 1 4701 4702 4783 4782
5124 3 2 9 1 4702 4703 4784 4783
5125 3 2 9 1 4703 4704 4785 4784
5126 3 2 9 1 4704 4705 4786 4785
5127 3 2 9 1 4705 4706 4787 4786
5128 3 2 9 1 4706 4707 4788 4787
5129 3 2 9 1 4707 4708 4789 4788
5130 3 2 9 1 4708 4709 4790 4789
5131 3 2 9 1 4709 4710 4791 4790
5132 3 2 9 1 4710 4711 4792 4791
5133 3 2 9 1 4711 4712 4793 4792
5134 3 2 9 1 4712 4713 4794 4793
5135 3 2 9 1 4713 4714 4795 4794
5136 3 2 9 1 4714 4715 4796 4795
5137 3 2 9 1 4715 4716 4797 4796
5138 3 2 9 1 4716 4717 4798 4797
5139 3 2 9 1 4717 4718 4799 4798
5140 3 2 9 1 4718 4719 4800 4799
5141 3 2 9 1 4719 4720 4801 4800
5142 3 2 9 1 4720 4721 4802 4801
5143 3 2 9 1 4721 4722 4803 4802
5144 3 2 9 1 4722 4723 4804 4803
5145 3 2 9 1 4723 4724 4805 4804
5146 3 2 9 1 4724 4725 4806 4805
5147 3 2 9 1 4725 4726 4807 4806
5148 3 2 9 1 4726 4727 4808 4807
5149 3 2 9 1 4727 4728 4809 4808
5150 3 2 9 1 4728 4729 4810 4809
5151 3 2 9 1 4729 4730 4811 4810
5152 3 2 9 1 4730 4731 4812 4811
5153 3 2 9 1 4731 4732 4813 4812
5154 3 2 9 1 4732 4733 4814 4813
5155 3 2 9 1 4733 4734 4815 4814
5156 3 2 9 1 4734 4735 4816 4815
5157 3 2 9 1 4735 4736 4817 4816
5158 3 2 9 1 4736 4737 4818 4817
5159 3 2 9 1 4737 4738 4819 4818
5160 3 2 9 1 4738 4739 4820 4819
5161 3 2 9 1 4739 4740 4821 4820
5162 3 2 9 1 4740 4741 4822 4821
5163 3 2 9 1 4741 4742 4823 4822
5164 3 2 9 1 4742 4743 4824 4823
5165 3 2 9 1 4743 4744 4825 4824
5166 3 2 9 1 4744 4745 4826 4825
5167 3 2 9 1 4745 4746 4827 4826
5168 3 2 9 1 4746 4747 4828 4827
5169 3 2 9 1 4747 4748 4829 4828
5170 3 2 9 1 4748 4749 4830 4829
5171 3 2 9 1 4749 4750 4831 4830
5172 3 2 9 1 4750 4751 4832 4831
5173 3 2 9 1 4751 4752 4833 4832
5174 3 2 9 1 4752 4753 4834 4833
5175 3 2 9 1 4753 4754 4835 4834
5176 3 2 9 1 4754 4755 4836 4835
5177 3 2 9 1 4755 4756 4837 4836
5178 3 2 9 1 4756 4757 4838 4837
5179 3 2 9 1 4757 4758 4839 4838
5180 3 2 9 1 4758 4759 4840 4839
5181 3 2 9 1 4759 4760 4841 4840
5182 3 2 9 1 4760 4761 4842 4841
5183 3 2 9 1 4761 4762 4843 4842
5184 3 2 9 1 4762 4763 4844 4843
5185 3 2 9 1 4763 4764 4845 4844
5186 3 2 9 1 4764 4765 4846 4845
5187 3 2 9 1 4765 4766 4847 4846
5188 3 2 9 1 4766 4767 4848 4847
5189 3 2 9 1 4767 4768 4849 4848
5190 3 2 9 1 4768 4769 4850 4849
5191 3 2 9 1 4769 4770 4851 4850
5192 3 2 9 1 4770 4771 4852 4851
5193 3 2 9 1 4771 4772 4853 4852
5194 3 2 9 1 4772 4773 4854 4853
5195 3 2 9 1 4773 4774 4855 4854
5196 3 2 9 1 4774 4775 4856 4855
5197 3 2 9 1 4775 4776 4857 4856
5198 3 2 9 1 4776 4777 4858 4857
5199 3 2 9 1 4777 4778 4859 4858
5200 3 2 9 1 4778 4779 4860 4859
5201 3 2 9 1 4780 4781 4862 4861
5202 3 2 9 1 4781 4782 4863 4862
5203 3 2 9 1 4782 4783 4864 4863
5204 3 2 9 1 4783 4784 4865 4864
5205 3 2 9 1 4784 4785 4866 4865
5206 3 2 9 1 4785 4786 4867 4866
5207 3 2 9 1 4786 4787 4868 4867
5208 3 2 9 1 4787 4788 4869 4868
5209 3 2 9 1 4788 4789 4870 4869
5210 3 2 9 1 4789 4790 4871 4870
5211 3 2 9 1 4790 4791 4872 4871
5212 3 2 9 1 4791 4792 4873 4872
5213 3 2 9 1 4792 4793 4874 4873
5214 3 2 9 1 4793 4794 4875 4874
5215 3 2 9 1 4794 4795 4876 4875
5216 3 2 9 1 4795 4796 4877 4876
5217 3 2 9 1 4796 4797 4878 4877
5218 3 2 9 1 4797 4798 4879 4878
5219 3 2 9 1 4798 4799 4880 4879
5220 3 2 9 1 4799 4800 4881 4880
5221 3 2 9 1 4800 4801 4882 4881
5222 3 2 9 1 4801 4802 4883 4882
5223 3 2 9 1 4802 4803 4884 4883
5224 3 2 9 1 4803 4804 4885 4884
5225 3 2 9 1 4804 4805 4886 4885
5226 3 2 9 1 4805 4806 4887 4886
5227 3 2 9 1 4806 4807 4888 4887
5228 3 2 9 1 4807 4808 4889 4888
5229 3 2 9 1 4808 4809 4890 4889
5230 3 2 9 1 4809 4810 4891 4890
5231 3 2 9 1 4810 4811 4892 4891
5232 3 2 9 1 4811 4812 4893 4892
5233 3 2 9 1 4812 4813 4894 4893
5234 3 2 9 1 4813 4814 4895 4894
5235 3 2 9 1 4814 4815 4896 4895
5236 3 2 9 1 4815 4816 4897 4896
5237 3 2 9 1 4816 4817 4898 4897
5238 3 2 9 1 4817 4818 4899 4898
5239 3 2 9 1 4818 4819 4900 4899
5240 3 2 9 1 4819 4820 4901 4900
5241 3 2 9 1 4820 4821 4902 4901
5242 3 2 9 1 4821 4822 4903 4902
5243 3 2 9 1 4822 4823 4904 4903
5244 3 2 9 1 4823 4824 4905 4904
5245 3 2 9 1 4824 4825 4906 4905
5246 3 2 9 1 4825 4826 4907 4906
5247 3 2 9 1 4826 4827 4908 4907
5248 3 2 9 1 4827 4828 4909 4908
5249 3 2 9 1 4828 4829 4910 4909
5250 3 2 9 1 4829 4830 4911 4910
5251 3 2 9 1 4830 4831 4912 4911
5252 3 2 9 1 4831 4832 4913 4912
5253 3 2 9 1 4832 4833 4914 4913
5254 3 2 9 1 4833 4834 4915 4914
5255 3 2 9 1 4834 4835 4916 4915
5256 3 2 9 1 4835 4836 4917 4916
5257 3 2 9 1 4836 4837 4918 4917
5258 3 2 9 1 4837 4838 4919 4918
5259 3 2 9 1 4838 4839 4920 4919
5260 3 2 9 1 4839 4840 4921 4920
5261 3 2 9 1 4840 4841 4922 4921
5262 3 2 9 1 4841 4842 4923 4922
5263 3 2 9 1 4842 4843 4924 4923
5264 3 2 9 1 4843 4844 4925 4924
5265 3 2 9 1 4844 4845 4926 4925
5266 3 2 9 1 4845 4846 4927 4926
5267 3 2 9 1 4846 4847 4928 4927
5268 3 2 9 1 4847 4848 4929 4928
5269 3 2 9 1 4848 4849 4930 4929
5270 3 2 9 1 4849 4850 4931 4930
5271 3 2 9 1 4850 4851 4932 4931
5272 3 2 9 1 4851 4852 4933 4932
5273 3 2 9 1 4852 4853 4934 4933
5274 3 2 9 1 4853 4854 4935 4934
5275 3 2 9 1 4854 4855 4936 4935
5276 3 2 9 1 4855 4856 4937 4936
5277 3 2 9 1 4856 4857 4938 4937
5278 3 2 9 1 4857 4858 4939 4938
5279 3 2 9 1 4858 4859 4940 4939
5280 3 2 9 1 4859 4860 4941 4940
5281 3 2 9 1 4861 4862 4943 4942
5282 3 2 9 1 4862 4863 4944 4943
5283 3 2 9 1 4863 4864 4945 4944
5284 3 2 9 1 4864 4865 4946 4945
5285 3 2 9 1 4865 4866 4947 4946
5286 3 2 9 1 4866 4867 4948 4947
5287 3 2 9 1 4867 4868 4949 4948
5288 3 2 9 1 4868 4869 4950 4949
5289 3 2 9 1 4869 4870 4951 4950
5290 3 2 9 1 4870 4871 4952 4951
5291 3 2 9 1 4871 4872 4953 4952
5292 3 2 9 1 4872 4873 4954 4953
5293 3 2 9 1 4873 4874 4955 4954
5294 3 2 9 1 4874 4875 4956 4955
5295 3 2 9 1 4875 4876 4957 4956
5296 3 2 9 1 4876 4877 4958 4957
5297 3 2 9 1 4877 4878 4959 4958
5298 3 2 9 1 4878 4879 4960 4959
5299 3 2 9 1 4879 4880 4961 4960
5300 3 2 9 1 4880 4881 4962 4961
5301 3 2 9 1 4881 4882 4963 4962
5302 3 2 9 1 4882 4883 4964 4963
5303 3 2 9 1 4883 4884 4965 4964
5304 3 2 9 1 4884 4885 4966 4965
5305 3 2 9 1 4885 4886 4967 4966
5306 3 2 9 1 4886 4887 4968 4967
5307 3 2 9 1 4887 4888 4969 4968
5308 3 2 9 1 4888 4889 4970 4969
5309 3 2 9 1 4889 4890 4971 4970
5310 3 2 9 1 4890 4891 4972 4971
5311 3 2 9 1 4891 4892 4973 4972
5312 3 2 9 1 4892 4893 4974 4973
5313 3 2 9 1 4893 4894 4975 4974
5314 3 2 9 1 4894 4895 4976 4975
5315 3 2 9 1 4895 4896 4977 4976
5316 3 2 9 1 4896 4897 4978 4977
5317 3 2 9 1 4897 4898 4979 4978
5318 3 2 9 1 4898 4899 4980 4979
5319 3 2 9 1 4899 4900 4981 4980
5320 3 2 9 1 4900 4901 4982 4981
5321 3 2 9 1 4901 4902 4983 4982
5322 3 2 9 1 4902 4903 4984 4983
5323 3 2 9 1 4903 4904 4985 4984
5324 3 2 9 1 4904 4905 4986 4985
5325 3 2 9 1 4905 4906 4987 4986
5326 3 2 9 1 4906 4907 4988 4987
5327 3 2 9 1 4907 4908 4989 4988
5328 3 2 9 1 4908 4909 4990 4989
5329 3 2 9 1 4909 4910 4991 4990
5330 3 2 9 1 4910 4911 4992 4991
5331 3 2 9 1 4911 4912 4993 4992
5332 3 2 9 1 4912 4913 4994 4993
5333 3 2 9 1 4913 4914 4995 4994
5334 3 2 9 1 4914 4915 4996 4995
5335 3 2 9 1 4915 4916 4997 4996
5336 3 2 9 1 4916 4917 4998 4997
5337 3 2 9 1 4917 4918 4999 4998
5338 3 2 9 1 4918 4919 5000 4999
5339 3 2 9 1 4919 4920 5001 5000
5340 3 2 9 1 4920 4921 5002 5001
5341 3 2 9 1 4921 4922 5003 5002
5342 3 2 9 1 4922 4923 5004 5003
5343 3 2 9 1 4923 4924 5005 5004
5344 3 2 9 1 4924 4925 5006 5005
5345 3 2 9 1 4925 4926 5007 5006
5346 3 2 9 1 4926 4927 5008 5007
5347 3 2 9 1 4927 4928 5009 5008
5348 3 2 9 1 4928 4929 5010 5009
5349 3 2 9 1 4929 4930 5011 5010
5350 3 2 9 1 4930 4931 5012 5011
5351 3 2 9 1 4931 4932 5013 5012
5352 3 2 9 1 4932 4933 5014 5013
5353 3 2 9 1 4933 4934 5015 5014
5354 3 2 9 1 4934 4935 5016 5015
5355 3 2 9 1 4935 4936 5017 5016
5356 3 2 9 1 4936 4937 5018 5017
5357 3 2 9 1 4937 4938 5019 5018
5358 3 2 9 1 4938 4939 5020 5019
5359 3 2 9 1 4939 4940 5021 5020
5360 3 2 9 1 4940 4941 5022 5021
5361 3 2 9 1 4942 4943 5024 5023
5362 3 2 9 1 4943 4944 5025 5024
5363 3 2 9 1 4944 4945 5026 5025
5364 3 2 9 1 4945 4946 5027 5026
5365 3 2 9 1 4946 4947 5028 5027
5366 3 2 9 1 4947 4948 5029 5028
5367 3 2 9 1 4948 4949 5030 5029
5368 3 2 9 1 4949 4950 5031 5030
5369 3 2 9 1 4950 4951 5032 5031
5370 3 2 9 1 4951 4952 5033 5032
5371 3 2 9 1 4952 4953 5034 5033
5372 3 2 9 1 4953 4954 5035 5034
5373 3 2 9 1 4954 4955 5036 5035
5374 3 2 9 1 4955 4956 5037 5036
5375 3 2 9 1 4956 4957 5038 5037
5376 3 2 9 1 4957 4958 5039 5038
5377 3 2 9 1 4958 4959 5040 5039
5378 3 2 9 1 4959 4960 5041 5040
5379 3 2 9 1 4960 4961 5042 5041
5380 3 2 9 1 4961 4962 5043 5042
5381 3 2 9 1 4962 4963 5044 5043
5382 3 2 9 1 4963 4964 5045 5044
5383 3 2 9 1 4964 4965 5046 5045
5384 3 2 9 1 4965 4966 5047 5046
5385 3 2 9 1 4966 4967 5048 5047
5386 3 2 9 1 4967 4968 5049 5048
5387 3 2 9 1 4968 4969 5050 5049
5388 3 2 9 1 4969 4970 5051 5050
5389 3 2 9 1 4970 4971 5052 5051
5390 3 2 9 1 4971 4972 5053 5052
5391 3 2 9 1 4972 4973 5054 5053
5392 3 2 9 1 4973 4974 5055 5054
5393 3 2 9 1 4974 4975 5056 5055
5394 3 2 9 1 4975 4976 5057 5056
5395 3 2 9 1 4976 4977 5058 5057
5396 3 2 9 1 4977 4978 5059 5058
5397 3 2 9 1 4978 4979 5060 5059
5398 3 2 9 1 4979 4980 5061 5060
5399 3 2 9 1 4980 4981 5062 5061
5400 3 2 9 1 4981 4982 5063 5062
5401 3 2 9 1 4982 4983 5064 5063
5402 3 2 9 1 4983 4984 5065 5064
5403 3 2 9 1 4984 4985 5066 5065
5404 3 2 9 1 4985 4986 5067 5066
5405 3 2 9 1 4986 4987 5068 5067
5406 3 2 9 1 4987 4988 5069 5068
5407 3 2 9 1 4988 4989 5070 5069
5408 3 2 9 1 4989 4990 5071 5070
5409 3 2 9 1 4990 4991 5072 5071
5410 3 2 9 1 4991 4992 5073 5072
5411 3 2 9 1 4992 4993 5074 5073
5412 3 2 9 1 4993 4994 5075 5074
5413 3 2 9 1 4994 4995 5076 5075
5414 3 2 9 1 4995 4996 5077 5076
5415 3 2 9 1 4996 4997 5078 5077
5416 3 2 9 1 4997 4998 5079 5078
5417 3 2 9 1 4998 4999 5080 5079
5418 3 2 9 1 4999 5000 5081 5080
5419 3 2 9 1 5000 5001 5082 5081
5420 3 2 9 1 5001 5002 5083 5082
5421 3 2 9 1 5002 5003 5084 5083
5422 3 2 9 1 5003 5004 5085 5084
5423 3 2 9 1 5004 5005 5086 5085
5424 3 2 9 1 5005 5006 5087 5086
5425 3 2 9 1 5006 5007 5088 5087
5426 3 2 9 1 5007 5008 5089 5088
5427 3 2 9 1 5008 5009 5090 5089
5428 3 2 9 1 5009 5010 5091 5090
5429 3 2 9 1 5010 5011 5092 5091
5430 3 2 9 1 5011 5012 5093 5092
5431 3 2 9 1 5012 5013 5094 5093
5432 3 2 9 1 5013 5014 5095 5094
5433 3 2 9 1 5014 5015 5096 5095
5434 3 2 9 1 5015 5016 5097 5096
5435 3 2 9 1 5016 5017 5098 5097
5436 3 2 9 1 5017 5018 5099 5098
5437 3 2 9 1 5018 5019 5100 5099
5438 3 2 9 1 5019 5020 5101 5100
5439 3 2 9 1 5020 5021 5102 5101
5440 3 2 9 1 5021 5022 5103 5102
5441 3 2 9 1 5023 5024 5105 5104
5442 3 2 9 1 5024 5025 5106 5105
5443 3 2 9 1 5025 5026 5107 5106
5444 3 2 9 1 5026 5027 5108 5107
5445 3 2 9 1 5027 5028 5109 5108
5446 3 2 9 1 5028 5029 5110 5109
5447 3 2 9 1 5029 5030 5111 5110
5448 3 2 9 1 5030 5031 5112 5111
5449 3 2 9 1 5031 5032 5113 5112
5450 3 2 9 1 5032 5033 5114 5113
5451 3 2 9 1 5033 5034 5115 5114
5452 3 2 9 1 5034 5035 5116 5115
5453 3 2 9 1 5035 5036 5117 5116
5454 3 2 9 1 5036 5037 5118 5117
5455 3 2 9 1 5037 5038 5119 5118
5456 3 2 9 1 5038 5039 5120 5119
5457 3 2 9 1 5039 5040 5121 5120
5458 3 2 9 1 5040 5041 5122 5121
5459 3 2 9 1 5041 5042 5123 5122
5460 3 2 9 1 5042 5043 5124 5123
5461 3 2 9 1 5043 5044 5125 5124
5462 3 2 9 1 5044 5045 5126 5125
5463 3 2 9 1 5045 5046 5127 5126
5464 3 2 9 1 5046 5047 5128 5127
5465 3 2 9 1 5047 5048 5129 5128
5466 3 2 9 1 5048 5049 5130 5129
5467 3 2 9 1 5049 5050 5131 5130
5468 3 2 9 1 5050 5051 5132 5131
5469 3 2 9 1 5051 5052 5133 5132
5470 3 2 9 1 5052 5053 5134 5133
5471 3 2 9 1 5053 5054 5135 5134
5472 3 2 9 1 5054 5055 5136 5135
5473 3 2 9 1 5055 5056 5137 5136
5474 3 2 9 1 5056 5057 5138 5137
5475 3 2 9 1 5057 5058 5139 5138
5476 3 2 9 1 5058 5059 5140 5139
5477 3 2 9 1 5059 5060 5141 5140
5478 3 2 9 1 5060 5061 5142 5141
5479 3 2 9 1 5061 5062 5143 5142
5480 3 2 9 1 5062 5063 5144 5143
5481 3 2 9 1 5063 5064 5145 5144
5482 3 2 9 1 5064 5065 5146 5145
5483 3 2 9 1 5065 5066 5147 5146
5484 3 2 9 1 5066 5067 5148 5147
5485 3 2 9 1 5067 5068 5149 5148
5486 3 2 9 1 5068 5069 5150 5149
5487 3 2 9 1 5069 5070 5151 5150
5488 3 2 9 1 5070 5071 5152 5151
5489 3 2 9 1 5071 5072 5153 5152
5490 3 2 9 1 5072 5073 5154 5153
5491 3 2 9 1 5073 5074 5155 5154
5492 3 2 9 1 5074 5075 5156 5155
5493 3 2 9 1 5075 5076 5157 5156
5494 3 2 9 1 5076 5077 5158 5157
5495 3 2 9 1 5077 5078 5159 5158
5496 3 2 9 1 5078 5079 5160 5159
5497 3 2 9 1 5079 5080 5161 5160
5498 3 2 9 1 5080 5081 5162 5161
5499 3 2 9 1 5081 5082 5163 5162
5500 3 2 9 1 5082 5083 5164 5163
5501 3 2 9 1 5083 5084 5165 5164
5502 3 2 9 1 5084 5085 5166 5165
5503 3 2 9 1 5085 5086 5167 5166
5504 3 2 9 1 5086 5087 5168 5167
5505 3 2 9 1 5087 5088 5169 5168
5506 3 2 9 1 5088 5089 5170 5169
5507 3 2 9 1 5089 5090 5171 5170
5508 3 2 9 1 5090 5091 5172 5171
5509 3 2 9 1 5091 5092 5173 5172
5510 3 2 9 1 5092 5093 5174 5173
5511 3 2 9 1 5093 5094 5175 5174
5512 3 2 9 1 5094 5095 5176 5175
5513 3 2 9 1 5095 5096 5177 5176
5514 3 2 9 1 5096 5097 5178 5177
5515 3 2 9 1 5097 5098 5179 5178
5516 3 2 9 1 5098 5099 5180 5179
5517 3 2 9 1 5099 5100 5181 5180
5518 3 2 9 1 5100 5101 5182 5181
5519 3 2 9 1 5101 5102 5183 5182
5520 3 2 9 1 5102 5103 5184 5183
5521 3 2 9 1 5104 5105 5186 5185
5522 3 2 9 1 5105 5106 5187 5186
5523 3 2 9 1 5106 5107 5188 5187
5524 3 2 9 1 5107 5108 5189 5188
5525 3 2 9 1 5108 5109 5190 5189
5526 3 2 9 1 5109 5110 5191 5190
5527 3 2 9 1 5110 5111 5192 5191
5528 3 2 9 1 5111 5112 5193 5192
5529 3 2 9 1 5112 5113 5194 5193
5530 3 2 9 1 5113 5114 5195 5194
5531 3 2 9 1 5114 5115 5196 5195
5532 3 2 9 1 5115 5116 5197 5196
5533 3 2 9 1 5116 5117 5198 5197
5534 3 2 9 1 5117 5118 5199 5198
5535 3 2 9 1 5118 5119 5200 5199
5536 3 2 9 1 5119 5120 5201 5200
5537 3 2 9 1 5120 5121 5202 5201
5538 3 2 9 1 5121 5122 5203 5202
5539 3 2 9 1 5122 5123 5204 5203
5540 3 2 9 1 5123 5124 5205 5204
5541 3 2 9 1 5124 5125 5206 5205
5542 3 2 9 1 5125 5126 5207 5206
5543 3 2 9 1 5126 5127 5208 5207
5544 3 2 9 1 5127 5128 5209 5208
5545 3 2 9 1 5128 5129 5210 5209
5546 3 2 9 1 5129 5130 5211 5210
5547 3 2 9 1 5130 5131 5212 5211
5548 3 2 9 1 5131 5132 5213 5212
5549 3 2 9 1 5132 5133 5214 5213
5550 3 2 9 1 5133 5134 5215 5214
5551 3 2 9 1 5134 5135 5216 5215
5552 3 2 9 1 5135 5136 5217 5216
5553 3 2 9 1 5136 5137 5218 5217
5554 3 2 9 1 5137 5138 5219 5218
5555 3 2 9 1 5138 5139 5220 5219
5556 3 2 9 1 5139 5140 5221 5220
5557 3 2 9 1 5140 5141 5222 5221
5558 3 2 9 1 5141 5142 5223 5222
5559 3 2 9 1 5142 5143 5224 5223
5560 3 2 9 1 5143 5144 5225 5224
5561 3 2 9 1 5144 5145 5226 5225
5562 3 2 9 1 5145 5146 5227 5226
5563 3 2 9 1 5146 5147 5228 5227
5564 3 2 9 1 5147 5148 5229 5228
5565 3 2 9 1 5148 5149 5230 5229
5566 3 2 9 1 5149 5150 5231 5230
5567 3 2 9 1 5150 5151 5232 5231
5568 3 2 9 1 5151 5152 5233 5232
5569 3 2 9 1 5152 5153 5234 5233
5570 3 2 9 1 5153 5154 5235 5234
5571 3 2 9 1 5154 5155 5236 5235
5572 3 2 9 1 5155 5156 5237 5236
5573 3 2 9 1 5156 5157 5238 5237
5574 3 2 9 1 5157 5158 5239 5238
5575 3 2 9 1 5158 5159 5240 5239
5576 3 2 9 1 5159 5160 5241 5240
5577 3 2 9 1 5160 5161 5242 5241
5578 3 2 9 1 5161 5162 5243 5242
5579 3 2 9 1 5162 5163 5244 5243
5580 3 2 9 1 5163 5164 5245 5244
5581 3 2 9 1 5164 5165 5246 5245
5582 3 2 9 1 5165 5166 5247 5246
5583 3 2 9 1 5166 5167 5248 5247
5584 3 2 9 1 5167 5168 5249 5248
5585 3 2 9 1 5168 5169 5250 5249
5586 3 2 9 1 5169 5170 5251 5250
5587 3 2 9 1 5170 5171 5252 5251
5588 3 2 9 1 5171 5172 5253 5252
5589 3 2 9 1 5172 5173 5254 5253
5590 3 2 9 1 5173 5174 5255 5254
5591 3 2 9 1 5174 5175 5256 5255
5592 3 2 9 1 5175 5176 5257 5256
5593 3 2 9 1 5176 5177 5258 5257
5594 3 2 9 1 5177 5178 5259 5258
5595 3 2 9 1 5178 5179 5260 5259
5596 3 2 9 1 5179 5180 5261 5260
5597 3 2 9 1 5180 5181 5262 5261
5598 3 2 9 1 5181 5182 5263 5262
5599 3 2 9 1 5182 5183 5264 5263
5600 3 2 9 1 5183 5184 5265 5264
5601 3 2 9 1 5185 5186 5267 5266
5602 3 2 9 1 5186 5187 5268 5267
5603 3 2 9 1 5187 5188 5269 5268
5604 3 2 9 1 5188 5189 5270 5269
5605 3 2 9 1 5189 5190 5271 5270
5606 3 2 9 1 5190 5191 5272 5271
5607 3 2 9 1 5191 5192 5273 5272
5608 3 2 9 1 5192 5193 5274 5273
5609 3 2 9 1 5193 5194 5275 5274
5610 3 2 9 1 5194 5195 5276 5275
5611 3 2 9 1 5195 5196 5277 5276
5612 3 2 9 1 5196 5197 5278 5277
5613 3 2 9 1 5197 5198 5279 5278
5614 3 2 9 1 5198 5199 5280 5279
5615 3 2 9 1 5199 5200 5281 5280
5616 3 2 9 1 5200 5201 5282 5281
5617 3 2 9 1 5201 5202 5283 5282
5618 3 2 9 1 5202 5203 5284 5283
5619 3 2 9 1 5203 5204 5285 5284
5620 3 2 9 1 5204 5205 5286 5285
5621 3 2 9 1 5205 5206 5287 5286
5622 3 2 9 1 5206 5207 5288 5287
5623 3 2 9 1 5207 5208 5289 5288
5624 3 2 9 1 5208 5209 5290 5289
5625 3 2 9 1 5209 5210 5291 5290
5626 3 2 9 1 5210 5211 5292 5291
5627 3 2 9 1 5211 5212 5293 5292
5628 3 2 9 1 5212 5213 5294 5293
5629 3 2 9 1 5213 5214 5295 5294
5630 3 2 9 1 5214 5215 5296 5295
5631 3 2 9 1 5215 5216 5297 5296
5632 3 2 9 1 5216 5217 5298 5297
5633 3 2 9 1 5217 5218 5299 5298
5634 3 2 9 1 5218 5219 5300 5299
5635 3 2 9 1 5219 5220 5301 5300
5636 3 2 9 1 5220 5221 5302 5301
5637 3 2 9 1 5221 5222 5303 5302
5638 3 2 9 1 5222 5223 5304 5303
5639 3 2 9 1 5223 5224 5305 5304
5640 3 2 9 1 5224 5225 5306 5305
5641 3 2 9 1 5225 5226 5307 5306
5642 3 2 9 1 5226 5227 5308 5307
5643 3 2 9 1 5227 5228 5309 5308
5644 3 2 9 1 5228 5229 5310 5309
5645 3 2 9 1 5229 5230 5311 5310
5646 3 2 9 1 5230 5231 5312 5311
5647 3 2 9 1 5231 5232 5313 5312
5648 3 2 9 1 5232 5233 5314 5313
5649 3 2 9 1 5233 5234 5315 5314
5650 3 2 9 1 5234 5235 5316 5315
5651 3 2 9 1 5235 5236 5317 5316
5652 3 2 9 1 5236 5237 5318 5317
5653 3 2 9 1 5237 5238 5319 5318
5654 3 2 9 1 5238 5239 5320 5319
5655 3 2 9 1 5239 5240 5321 5320
5656 3 2 9 1 5240 5241 5322 5321
5657 3 2 9 1 5241 5242 5323 5322
5658 3 2 9 1 5242 5243 5324 5323
5659 3 2 9 1 5243 5244 5325 5324
5660 3 2 9 1 5244 5245 5326 5325
5661 3 2 9 1 5245 5246 5327 5326
5662 3 2 9 1 5246 5247 5328 5327
5663 3 2 9 1 5247 5248 5329 5328
5664 3 2 9 1 5248 5249 5330 5329
5665 3 2 9 1 5249 5250 5331 5330
5666 3 2 9 1 5250 5251 5332 5331
5667 3 2 9 1 5251 5252 5333 5332
5668 3 2 9 1 5252 5253 5334 5333
5669 3 2 9 1 5253 5254 5335 5334
5670 3 2 9 1 5254 5255 5336 5335
5671 3 2 9 1 5255 5256 5337 5336
5672 3 2 9 1 5256 5257 5338 5337
5673 3 2 9 1 5257 5258 5339 5338
5674 3 2 9 1 5258 5259 5340 5339
5675 3 2 9 1 5259 5260 5341 5340
5676 3 2 9 1 5260 5261 5342 5341
5677 3 2 9 1 5261 5262 5343 5342
5678 3 2 9 1 5262 5263 5344 5343
5679 3 2 9 1 5263 5264 5345 5344
5680 3 2 9 1 5264 5265 5346 5345
5681 3 2 9 1 5266 5267 5348 5347
5682 3 2 9 1 5267 5268 5349 5348
5683 3 2 9 1 5268 5269 5350 5349
5684 3 2 9 1 5269 5270 5351 5350
5685 3 2 9 1 5270 5271 5352 5351
5686 3 2 9 1 5271 5272 5353 5352
5687 3 2 9 1 5272 5273 5354 5353
5688 3 2 9 1 5273 5274 5355 5354
5689 3 2 9 1 5274 5275 5356 5355
5690 3 2 9 1 5275 5276 5357 5356
5691 3 2 9 1 5276 5277 5358 5357
5692 3 2 9 1 5277 5278 5359 5358
5693 3 2 9 1 5278 5279 5360 5359
5694 3 2 9 1 5279 5280 5361 5360
5695 3 2 9 1 5280 5281 5362 5361
5696 3 2 9 1 5281 5282 5363 5362
5697 3 2 9 1 5282 5283 5364 5363
5698 3 2 9 1 5283 5284 5365 5364
5699 3 2 9 1 5284 5285 5366 5365
5700 3 2 9 1 5285 5286 5367 5366
5701 3 2 9 1 5286 5287 5368 5367
5702 3 2 9 1 5287 5288 5369 5368
5703 3 2 9 1 5288 5289 5370 5369
5704 3 2 9 1 5289 5290 5371 5370
5705 3 2 9 1 5290 5291 5372 5371
5706 3 2 9 1 5291 5292 5373 5372
5707 3 2 9 1 5292 5293 5374 5373
5708 3 2 9 1 5293 5294 5375 5374
5709 3 2 9 1 5294 5295 5376 5375
5710 3 2 9 1 5295 5296 5377 5376
5711 3 2 9 1 5296 5297 5378 5377
5712 3 2 9 1 5297 5298 5379 5378
5713 3 2 9 1 5298 5299 5380 5379
5714 3 2 9 1 5299 5300 5381 5380
5715 3 2 9 1 5300 5301 5382 5381
5716 3 2 9 1 5301 5302 5383 5382
5717 3 2 9 1 5302 5303 5384 5383
5718 3 2 9 1 5303 5304 5385 5384
5719 3 2 9 1 5304 5305 5386 5385
5720 3 2 9 1 5305 5306 5387 5386
5721 3 2 9 1 5306 5307 5388 5387
5722 3 2 9 1 5307 5308 5389 5388
5723 3 2 9 1 5308 5309 5390 5389
5724 3 2 9 1 5309 5310 5391 5390
5725 3 2 9 1 5310 5311 5392 5391
5726 3 2 9 1 5311 5312 5393 5392
5727 3 2 9 1 5312 5313 5394 5393
5728 3 2 9 1 5313 5314 5395 5394
5729 3 2 9 1 5314 5315 5396 5395
5730 3 2 9 1 5315 5316 5397 5396
5731 3 2 9 1 5316 5317 5398 5397
5732 3 2 9 1 5317 5318 5399 5398
5733 3 2 9 1 5318 5319 5400 5399
5734 3 2 9 1 5319 5320 5401 5400
5735 3 2 9 1 5320 5321 5402 5401
5736 3 2 9 1 5321 5322 5403 5402
5737 3 2 9 1 5322 5323 5404 5403
5738 3 2 9 1 5323 5324 5405 5404
5739 3 2 9 1 5324 5325 5406 5405
5740 3 2 9 1 5325 5326 5407 5406
5741 3 2 9 1 5326 5327 5408 5407
5742 3 2 9 1 5327 5328 5409 5408
5743 3 2 9 1 5328 5329 5410 5409
5744 3 2 9 1 5329 5330 5411 5410
5745 3 2 9 1 5330 5331 5412 5411
5746 3 2 9 1 5331 5332 5413 5412
5747 3 2 9 1 5332 5333 5414 5413
5748 3 2 9 1 5333 5334 5415 5414
5749 3 2 9 1 5334 5335 5416 5415
5750 3 2 9 1 5335 5336 5417 5416
5751 3 2 9 1 5336 5337 5418 5417
5752 3 2 9 1 5337 5338 5419 5418
5753 3 2 9 1 5338 5339 5420 5419
5754 3 2 9 1 5339 5340 5421 5420
5755 3 2 9 1 5340 5341 5422 5421
5756 3 2 9 1 5341 5342 5423 5422
5757 3 2 9 1 5342 5343 5424 5423
5758 3 2 9 1 5343 5344 5425 5424
5759 3 2 9 1 5344 5345 5426 5425
5760 3 2 9 1 5345 5346 5427 5426
5761 3 2 9 1 5347 5348 5429 5428
5762 3 2 9 1 5348 5349 5430 5429
5763 3 2 9 1 5349 5350 5431 5430
5764 3 2 9 1 5350 5351 5432 5431
5765 3 2 9 1 5351 5352 5433 5432
5766 3 2 9 1 5352 5353 5434 5433
5767 3 2 9 1 5353 5354 5435 5434
5768 3 2 9 1 5354 5355 5436 5435
5769 3 2 9 1 5355 5356 5437 5436
5770 3 2 9 1 5356 5357 5438 5437
5771 3 2 9 1 5357 5358 5439 5438
5772 3 2 9 1 5358 5359 5440 5439
5773 3 2 9 1 5359 5360 5441 5440
5774 3 2 9 1 5360 5361 5442 5441
5775 3 2 9 1 5361 5362 5443 5442
5776 3 2 9 1 5362 5363 5444 5443
5777 3 2 9 1 5363 5364 5445 5444
5778 3 2 9 1 5364 5365 5446 5445
5779 3 2 9 1 5365 5366 5447 5446
5780 3 2 9 1 5366 5367 5448 5447
5781 3 2 9 1 5367 5368 5449 5448
5782 3 2 9 1 5368 5369 5450 5449
5783 3 2 9 1 5369 5370 5451 5450
5784 3 2 9 1 5370 5371 5452 5451
5785 3 2 9 1 5371 5372 5453 5452
5786 3 2 9 1 5372 5373 5454 5453
5787 3 2 9 1 5373 5374 5455 5454
5788 3 2 9 1 5374 5375 5456 5455
5789 3 2 9 1 5375 5376 5457 5456
5790 3 2 9 1 5376 5377 5458 5457
5791 3 2 9 1 5377 5378 5459 5458
5792 3 2 9 1 5378 5379 5460 5459
5793 3 2 9 1 5379 5380 5461 5460
5794 3 2 9 1 5380 5381 5462 5461
5795 3 2 9 1 5381 5382 5463 5462
5796 3 2 9 1 5382 5383 5464 5463
5797 3 2 9 1 5383 5384 5465 5464
5798 3 2 9 1 5384 5385 5466 5465
5799 3 2 9 1 5385 5386 5467 5466
5800 3 2 9 1 5386 5387 5468 5467
5801 3 2 9 1 5387 5388 5469 5468
5802 3 2 9 1 5388 5389 5470 5469
5803 3 2 9 1 5389 5390 5471 5470
5804 3 2 9 1 5390 5391 5472 5471
5805 3 2 9 1 5391 5392 5473 5472
5806 3 2 9 1 5392 5393 5474 5473
5807 3 2 9 1 5393 5394 5475 5474
5808 3 2 9 1 5394 5395 5476 5475
5809 3 2 9 1 5395 5396 5477 5476
5810 3 2 9 1 5396 5397 5478 5477
5811 3 2 9 1 5397 5398 5479 5478
5812 3 2 9 1 5398 5399 5480 5479
5813 3 2 9 1 5399 5400 5481 5480
5814 3 2 9 1 5400 5401 5482 5481
5815 3 2 9 1 5401 5402 5483 5482
5816 3 2 9 1 5402 5403 5484 5483
5817 3 2 9 1 5403 5404 5485 5484
5818 3 2 9 1 5404 5405 5486 5485
5819 3 2 9 1 5405 5406 5487 5486
5820 3 2 9 1 5406 5407 5488 5487
5821 3 2 9 1 5407 5408 5489 5488
5822 3 2 9 1 5408 5409 5490 5489
5823 3 2 9 1 5409 5410 5491 5490
5824 3 2 9 1 5410 5411 5492 5491
5825 3 2 9 1 5411 5412 5493 5492
5826 3 2 9 1 5412 5413 5494 5493
5827 3 2 9 1 5413 5414 5495 5494
5828 3 2 9 1 5414 5415 5496 5495
5829 3 2 9 1 5415 5416 5497 5496
5830 3 2 9 1 5416 5417 5498 5497
5831 3 2 9 1 5417 5418 5499 5498
5832 3 2 9 1 5418 5419 5500 5499
5833 3 2 9 1 5419 5420 5501 5500
5834 3 2 9 1 5420 5421 5502 5501
5835 3 2 9 1 5421 5422 5503 5502
5836 3 2 9 1 5422 5423 5504 5503
5837 3 2 9 1 5423 5424 5505 5504
5838 3 2 9 1 5424 5425 5506 5505
5839 3 2 9 1 5425 5426 5507 5506
5840 3 2 9 1 5426 5427 5508 5507
5841 3 2 9 1 5428 5429 5510 5509
5842 3 2 9 1 5429 5430 5511 5510
5843 3 2 9 1 5430 5431 5512 5511
5844 3 2 9 1 5431 5432 5513 5512
5845 3 2 9 1 5432 5433 5514 5513
5846 3 2 9 1 5433 5434 5515 5514
5847 3 2 9 1 5434 5435 5516 5515
5848 3 2 9 1 5435 5436 5517 5516
5849 3 2 9 1 5436 5437 5518 5517
5850 3 2 9 1 5437 5438 5519 5518
5851 3 2 9 1 5438 5439 5520 5519
5852 3 2 9 1 5439 5440 5521 5520
5853 3 2 9 1 5440 5441 5522 5521
5854 3 2 9 1 5441 5442 5523 5522
5855 3 2 9 1 5442 5443 5524 5523
5856 3 2 9 1 5443 5444 5525 5524
5857 3 2 9 1 5444 5445 5526 5525
5858 3 2 9 1 5445 5446 5527 5526
5859 3 2 9 1 5446 5447 5528 5527
5860 3 2 9 1 5447 5448 5529 5528
5861 3 2 9 1 5448 5449 5530 5529
5862 3 2 9 1 5449 5450 5531 5530
5863 3 2 9 1 5450 5451 5532 5531
5864 3 2 9 1 5451 5452 5533 5532
5865 3 2 9 1 5452 5453 5534 5533
5866 3 2 9 1 5453 5454 5535 5534
5867 3 2 9 1 5454 5455 5536 5535
5868 3 2 9 1 5455 5456 5537 5536
5869 3 2 9 1 5456 5457 5538 5537
5870 3 2 9 1 5457 5458 5539 5538
5871 3 2 9 1 5458 5459 5540 5539
5872 3 2 9 1 5459 5460 5541 5540
5873 3 2 9 1 5460 5461 5542 5541
5874 3 2 9 1 5461 5462 5543 5542
5875 3 2 9 1 5462 5463 5544 5543
5876 3 2 9 1 5463 5464 5545 5544
5877 3 2 9 1 5464 5465 5546 5545
5878 3 2 9 1 5465 5466 5547 5546
5879 3 2 9 1 5466 5467 5548 5547
5880 3 2 9 1 5467 5468 5549 5548
5881 3 2 9 1 5468 5469 5550 5549
5882 3 2 9 1 5469 5470 5551 5550
5883 3 2 9 1 5470 5471 5552 5551
5884 3 2 9 1 5471 5472 5553 5552
5885 3 2 9 1 5472 5473 5554 5553
5886 3 2 9 1 5473 5474 5555 5554
5887 3 2 9 1 5474 5475 5556 5555
5888 3 2 9 1 5475 5476 5557 5556
5889 3 2 9 1 5476 5477 5558 5557
5890 3 2 9 1 5477 5478 5559 5558
5891 3 2 9 1 5478 5479 5560 5559
5892 3 2 9 1 5479 5480 5561 5560
5893 3 2 9 1 5480 5481 5562 5561
5894 3 2 9 1 5481 5482 5563 5562
5895 3 2 9 1 5482 5483 5564 5563
5896 3 2 9 1 5483 5484 5565 5564
5897 3 2 9 1 5484 5485 5566 5565
5898 3 2 9 1 5485 5486 5567 5566
5899 3 2 9 1 5486 5487 5568 5567
5900 3 2 9 1 5487 5488 5569 5568
5901 3 2 9 1 5488 5489 5570 5569
5902 3 2 9 1 5489 5490 5571 5570
5903 3 2 9 1 5490 5491 5572 5571
5904 3 2 9 1 5491 5492 5573 5572
5905 3 2 9 1 5492 5493 5574 5573
5906 3 2 9 1 5493 5494 5575 5574
5907 3 2 9 1 5494 5495 5576 5575
5908 3 2 9 1 5495 5496 5577 5576
5909 3 2 9 1 5496 5497 5578 5577
5910 3 2 9 1 5497 5498 5579 5578
5911 3 2 9 1 5498 5499 5580 5579
5912 3 2 9 1 5499 5500 5581 5580
5913 3 2 9 1 5500 5501 5582 5581
5914 3 2 9 1 5501 5502 5583 5582
5915 3 2 9 1 5502 5503 5584 5583
5916 3 2 9 1 5503 5504 5585 5584
5917 3 2 9 1 5504 5505 5586 5585
5918 3 2 9 1 5505 5506 5587 5586
5919 3 2 9 1 5506 5507 5588 5587
5920 3 2 9 1 5507 5508 5589 5588
5921 3 2 9 1 5509 5510 5591 5590
5922 3 2 9 1 5510 5511 5592 5591
5923 3 2 9 1 5511 5512 5593 5592
5924 3 2 9 1 5512 5513 5594 5593
5925 3 2 9 1 5513 5514 5595 5594
5926 3 2 9 1 5514 5515 5596 5595
5927 3 2 9 1 5515 5516 5597 5596
5928 3 2 9 1 5516 5517 5598 5597
5929 3 2 9 1 5517 5518 5599 5598
5930 3 2 9 1 5518 5519 5600 5599
5931 3 2 9 1 5519 5520 5601 5600
5932 3 2 9 1 5520 5521 5602 5601
5933 3 2 9 1 5521 5522 5603 5602
5934 3 2 9 1 5522 5523 5604 5603
5935 3 2 9 1 5523 5524 5605 5604
5936 3 2 9 1 5524 5525 5606 5605
5937 3 2 9 1 5525 5526 5607 5606
5938 3 2 9 1 5526 5527 5608 5607
5939 3 2 9 1 5527 5528 5609 5608
5940 3 2 9 1 5528 5529 5610 5609
5941 3 2 9 1 5529 5530 5611 5610
5942 3 2 9 1 5530 5531 5612 5611
5943 3 2 9 1 5531 5532 5613 5612
5944 3 2 9 1 5532 5533 5614 5613
5945 3 2 9 1 5533 5534 5615 5614
5946 3 2 9 1 5534 5535 5616 5615
5947 3 2 9 1 5535 5536 5617 5616
5948 3 2 9 1 5536 5537 5618 5617
5949 3 2 9 1 5537 5538 5619 5618
5950 3 2 9 1 5538 5539 5620 5619
5951 3 2 9 1 5539 5540 5621 5620
5952 3 2 9 1 5540 5541 5622 5621
5953 3 2 9 1 5541 5542 5623 5622
5954 3 2 9 1 5542 5543 5624 5623
5955 3 2 9 1 5543 5544 5625 5624
5956 3 2 9 1 5544 5545 5626 5625
5957 3 2 9 1 5545 5546 5627 5626
5958 3 2 9 1 5546 5547 5628 5627
5959 3 2 9 1 5547 5548 5629 5628
5960 3 2 9 1 5548 5549 5630 5629
5961 3 2 9 1 5549 5550 5631 5630
5962 3 2 9 1 5550 5551 5632 5631
5963 3 2 9 1 5551 5552 5633 5632
5964 3 2 9 1 5552 5553 5634 5633
5965 3 2 9 1 5553 5554 5635 5634
5966 3 2 9 1 5554 5555 5636 5635
5967 3 2 9 1 5555 5556 5637 5636
5968 3 2 9 1 5556 5557 5638 5637
5969 3 2 9 1 5557 5558 5639 5638
5970 3 2 9 1 5558 5559 5640 5639
5971 3 2 9 1 5559 5560 5641 5640
5972 3 2 9 1 5560 5561 5642 5641
5973 3 2 9 1 5561 5562 5643 5642
5974 3 2 9 1 5562 5563 5644 5643
5975 3 2 9 1 5563 5564 5645 5644
5976 3 2 9 1 5564 5565 5646 5645
5977 3 2 9 1 5565 5566 5647 5646
5978 3 2 9 1 5566 5567 5648 5647
5979 3 2 9 1 5567 5568 5649 5648
5980 3 2 9 1 5568 5569 5650 5649
5981 3 2 9 1 5569 5570 5651 5650
5982 3 2 9 1 5570 5571 5652 5651
5983 3 2 9 1 5571 5572 5653 5652
5984 3 2 9 1 5572 5573 5654 5653
5985 3 2 9 1 5573 5574 5655 5654
5986 3 2 9 1 5574 5575 5656 5655
5987 3 2 9 1 5575 5576 5657 5656
5988 3 2 9 1 5576 5577 5658 5657
5989 3 2 9 1 5577 5578 5659 5658
5990 3 2 9 1 5578 5579 5660 5659
5991 3 2 9 1 5579 5580 5661 5660
5992 3 2 9 1 5580 5581 5662 5661
5993 3 2 9 1 5581 5582 5663 5662
5994 3 2 9 1 5582 5583 5664 5663
5995 3 2 9 1 5583 5584 5665 5664
5996 3 2 9 1 5584 5585 5666 5665
5997 3 2 9 1 5585 5586 5667 5666
5998 3 2 9 1 5586 5587 5668 5667
5999 3 2 9 1 5587 5588 5669 5668
6000 3 2 9 1 5588 5589 5670 5669
6001 3 2 9 1 5590 5591 5672 5671
6002 3 2 9 1 5591 5592 5673 5672
6003 3 2 9 1 5592 5593 5674 5673
6004 3 2 9 1 5593 5594 5675 5674
6005 3 2 9 1 5594 5595 5676 5675
6006 3 2 9 1 5595 5596 5677 5676
6007 3 2 9 1 5596 5597 5678 5677
6008 3 2 9 1 5597 5598 5679 5678
6009 3 2 9 1 5598 5599 5680 5679
6010 3 2 9 1 5599 5600 5681 5680
6011 3 2 9 1 5600 5601 5682 5681
6012 3 2 9 1 5601 5602 5683 5682
6013 3 2 9 1 5602 5603 5684 5683
6014 3 2 9 1 5603 5604 5685 5684
6015 3 2 9 1 5604 5605 5686 5685
6016 3 2 9 1 5605 5606 5687 5686
6017 3 2 9 1 5606 5607 5688 5687
6018 3 2 9 1 5607 5608 5689 5688
6019 3 2 9 1 5608 5609 5690 5689
6020 3 2 9 1 5609 5610 5691 5690
6021 3 2 9 1 5610 5611 5692 5691
6022 3 2 9 1 5611 5612 5693 5692
6023 3 2 9 1 5612 5613 5694 5693
6024 3 2 9 1 5613 5614 5695 5694
6025 3 2 9 1 5614 5615 5696 5695
6026 3 2 9 1 5615 5616 5697 5696
6027 3 2 9 1 5616 5617 5698 5697
6028 3 2 9 1 5617 5618 5699 5698
6029 3 2 9 1 5618 5619 5700 5699
6030 3 2 9 1 5619 5620 5701 5700
6031 3 2 9 1 5620 5621 5702 5701
6032 3 2 9 1 5621 5622 5703 5702
6033 3 2 9 1 5622 5623 5704 5703
6034 3 2 9 1 5623 5624 5705 5704
6035 3 2 9 1 5624 5625 5706 5705
6036 3 2 9 1 5625 5626 5707 5706
6037 3 2 9 1 5626 5627 5708 5707
6038 3 2 9 1 5627 5628 5709 5708
6039 3 2 9 1 5628 5629 5710 5709
6040 3 2 9 1 5629 5630 5711 5710
6041 3 2 9 1 5630 5631 5712 5711
6042 3 2 9 1 5631 5632 5713 5712
6043 3 2 9 1 5632 5633 5714 5713
6044 3 2 9 1 5633 5634 5715 5714
6045 3 2 9 1 5634 5635 5716 5715
6046 3 2 9 1 5635 5636 5717 5716
6047 3 2 9 1 5636 5637 5718 5717
6048 3 2 9 1 5637 5638 5719 5718
6049 3 2 9 1 5638 5639 5720 5719
6050 3 2 9 1 5639 5640 5721 5720
6051 3 2 9 1 5640 5641 5722 5721
6052 3 2 9 1 5641 5642 5723 5722
6053 3 2 9 1 5642 5643 5724 5723
6054 3 2 9 1 5643 5644 5725 5724
6055 3 2 9 1 5644 5645 5726 5725
6056 3 2 9 1 5645 5646 5727 5726
6057 3 2 9 1 5646 5647 5728 5727
6058 3 2 9 1 5647 5648 5729 5728
6059 3 2 9 1 5648 5649 5730 5729
6060 3 2 9 1 5649 5650 5731 5730
6061 3 2 9 1 5650 5651 5732 5731
6062 3 2 9 1 5651 5652 5733 5732
6063 3 2 9 1 5652 5653 5734 5733
6064 3 2 9 1 5653 5654 5735 5734
6065 3 2 9 1 5654 5655 5736 5735
6066 3 2 9 1 5655 5656 5737 5736
6067 3 2 9 1 5656 5657 5738 5737
6068 3 2 9 1 5657 5658 5739 5738
6069 3 2 9 1 5658 5659 5740 5739
6070 3 2 9 1 5659 5660 5741 5740
6071 3 2 9 1 5660 5661 5742 5741
6072 3 2 9 1 5661 5662 5743 5742
6073 3 2 9 1 5662 5663 5744 5743
6074 3 2 9 1 5663 5664 5745 5744
6075 3 2 9 1 5664 5665 5746 5745
6076 3 2 9 1 5665 5666 5747 5746
6077 3 2 9 1 5666 5667 5748 5747
6078 3 2 9 1 5667 5668 5749 5748
6079 3 2 9 1 5668 5669 5750 5749
6080 3 2 9 1 5669 5670 5751 5750
6081 3 2 9 1 5671 5672 5753 5752
6082 3 2 9 1 5672 5673 5754 5753
6083 3 2 9 1 5673 5674 5755 5754
6084 3 2 9 1 5674 5675 5756 5755
6085 3 2 9 1 5675 5676 5757 5756
6086 3 2 9 1 5676 5677 5758 5757
6087 3 2 9 1 5677 5678 5759 5758
6088 3 2 9 1 5678 5679 5760 5759
6089 3 2 9 1 5679 5680 5761 5760
6090 3 2 9 1 5680 5681 5762 5761
6091 3 2 9 1 5681 5682 5763 5762
6092 3 2 9 1 5682 5683 5764 5763
6093 3 2 9 1 5683 5684 5765 5764
6094 3 2 9 1 5684 5685 5766 5765
6095 3 2 9 1 5685 5686 5767 5766
6096 3 2 9 1 5686 5687 5768 5767
6097 3 2 9 1 5687 5688 5769 5768
6098 3 2 9 1 5688 5689 5770 5769
6099 3 2 9 1 5689 5690 5771 5770
6100 3 2 9 1 5690 5691 5772 5771
6101 3 2 9 1 5691 5692 5773 5772
6102 3 2 9 1 5692 5693 5774 5773
6103 3 2 9 1 5693 5694 5775 5774
6104 3 2 9 1 5694 5695 5776 5775
6105 3 2 9 1 5695 5696 5777 5776
6106 3 2 9 1 5696 5697 5778 5777
6107 3 2 9 1 5697 5698 5779 5778
6108 3 2 9 1 5698 5699 5780 5779
6109 3 2 9 1 5699 5700 5781 5780
6110 3 2 9 1 5700 5701 5782 5781
6111 3 2 9 1 5701 5702 5783 5782
6112 3 2 9 1 5702 5703 5784 5783
6113 3 2 9 1 5703 5704 5785 5784
6114 3 2 9 1 5704 5705 5786 5785
6115 3 2 9 1 5705 5706 5787 5786
6116 3 2 9 1 5706 5707 5788 5787
6117 3 2 9 1 5707 5708 5789 5788
6118 3 2 9 1 5708 5709 5790 5789
6119 3 2 9 1 5709 5710 5791 5790
6120 3 2 9 1 5710 5711 5792 5791
6121 3 2 9 1 5711 5712 5793 5792
6122 3 2 9 1 5712 5713 5794 5793
6123 3 2 9 1 5713 5714 5795 5794
6124 3 2 9 1 5714 5715 5796 5795
6125 3 2 9 1 5715 5716 5797 5796
6126 3 2 9 1 5716 5717 5798 5797
6127 3 2 9 1 5717 5718 5799 5798
6128 3 2 9 1 5718 5719 5800 5799
6129 3 2 9 1 5719 5720 5801 5800
6130 3 2 9 1 5720 5721 5802 5801
6131 3 2 9 1 5721 5722 5803 5802
6132 3 2 9 1 5722 5723 5804 5803
6133 3 2 9 1 5723 5724 5805 5804
6134 3 2 9 1 5724 5725 5806 5805
6135 3 2 9 1 5725 5726 5807 5806
6136 3 2 9 1 5726 5727 5808 5807
6137 3 2 9 1 5727 5728 5809 5808
6138 3 2 9 1 5728 5729 5810 5809
6139 3 2 9 1 5729 5730 5811 5810
6140 3 2 9 1 5730 5731 5812 5811
6141 3 2 9 1 5731 5732 5813 5812
6142 3 2 9 1 5732 5733 5814 5813
6143 3 2 9 1 5733 5734 5815 5814
6144 3 2 9 1 5734 5735 5816 5815
6145 3 2 9 1 5735 5736 5817 5816
6146 3 2 9 1 5736 5737 5818 5817
6147 3 2 9 1 5737 5738 5819 5818
6148 3 2 9 1 5738 5739 5820 5819
6149 3 2 9 1 5739 5740 5821 5820
6150 3 2 9 1 5740 5741 5822 5821
6151 3 2 9 1 5741 5742 5823 5822
6152 3 2 9 1 5742 5743 5824 5823
6153 3 2 9 1 5743 5744 5825 5824
6154 3 2 9 1 5744 5745 5826 5825
6155 3 2 9 1 5745 5746 5827 5826
6156 3 2 9 1 5746 5747 5828 5827
6157 3 2 9 1 5747 5748 5829 5828
6158 3 2 9 1 5748 5749 5830 5829
6159 3 2 9 1 5749 5750 5831 5830
6160 3 2 9 1 5750 5751 5832 5831
6161 3 2 9 1 5752 5753 5834 5833
6162 3 2 9 1 5753 5754 5835 5834
6163 3 2 9 1 5754 5755 5836 5835
6164 3 2 9 1 5755 5756 5837 5836
6165 3 2 9 1 5756 5757 5838 5837
6166 3 2 9 1 5757 5758 5839 5838
6167 3 2 9 1 5758 5759 5840 5839
6168 3 2 9 1 5759 5760 5841 5840
6169 3 2 9 1 5760 5761 5842 5841
6170 3 2 9 1 5761 5762 5843 5842
6171 3 2 9 1 5762 5763 5844 5843
6172 3 2 9 1 5763 5764 5845 5844
6173 3 2 9 1 5764 5765 5846 5845
6174 3 2 9 1 5765 5766 5847 5846
6175 3 2 9 1 5766 5767 5848 5847
6176 3 2 9 1 5767 5768 5849 5848
6177 3 2 9 1 5768 5769 5850 5849
6178 3 2 9 1 5769 5770 5851 5850
6179 3 2 9 1 5770 5771 5852 5851
6180 3 2 9 1 5771 5772 5853 5852
6181 3 2 9 1 5772 5773 5854 5853
6182 3 2 9 1 5773 5774 5855 5854
6183 3 2 9 1 5774 5775 5856 5855
6184 3 2 9 1 5775 5776 5857 5856
6185 3 2 9 1 5776 5777 5858 5857
6186 3 2 9 1 5777 5778 5859 5858
6187 3 2 9 1 5778 5779 5860 5859
6188 3 2 9 1 5779 5780 5861 5860
6189 3 2 9 1 5780 5781 5862 5861
6190 3 2 9 1 5781 5782 5863 5862
6191 3 2 9 1 5782 5783 5864 5863
6192 3 2 9 1 5783 5784 5865 5864
6193 3 2 9 1 5784 5785 5866 5865
6194 3 2 9 1 5785 5786 5867 5866
6195 3 2 9 1 5786 5787 5868 5867
6196 3 2 9 1 5787 5788 5869 5868
6197 3 2 9 1 5788 5789 5870 5869
6198 3 2 9 1 5789 5790 5871 5870
6199 3 2 9 1 5790 5791 5872 5871
6200 3 2 9 1 5791 5792 5873 5872
6201 3 2 9 1 5792 5793 5874 5873
6202 3 2 9 1 5793 5794 5875 5874
6203 3 2 9 1 5794 5795 5876 5875
6204 3 2 9 1 5795 5796 5877 5876
6205 3 2 9 1 5796 5797 5878 5877
6206 3 2 9 1 5797 5798 5879 5878
6207 3 2 9 1 5798 5799 5880 5879
6208 3 2 9 1 5799 5800 5881 5880
6209 3 2 9 1 5800 5801 5882 5881
6210 3 2 9 1 5801 5802 5883 5882
6211 3 2 9 1 5802 5803 5884 5883
6212 3 2 9 1 5803 5804 5885 5884
6213 3 2 9 1 5804 5805 5886 5885
6214 3 2 9 1 5805 5806 5887 5886
6215 3 2 9 1 5806 5807 5888 5887
6216 3 2 9 1 5807 5808 5889 5888
6217 3 2 9 1 5808 5809 5890 5889
6218 3 2 9 1 5809 5810 5891 5890
6219 3 2 9 1 5810 5811 5892 5891
6220 3 2 9 1 5811 5812 5893 5892
6221 3 2 9 1 5812 5813 5894 5893
6222 3 2 9 1 5813 5814 5895 5894
6223 3 2 9 1 5814 5815 5896 5895
6224 3 2 9 1 5815 5816 5897 5896
6225 3 2 9 1 5816 5817 5898 5897
6226 3 2 9 1 5817 5818 5899 5898
6227 3 2 9 1 5818 5819 5900 5899
6228 3 2 9 1 5819 5820 5901 5900
6229 3 2 9 1 5820 5821 5902 5901
6230 3 2 9 1 5821 5822 5903 5902
6231 3 2 9 1 5822 5823 5904 5903
6232 3 2 9 1 5823 5824 5905 5904
6233 3 2 9 1 5824 5825 5906 5905
6234 3 2 9 1 5825 5826 5907 5906
6235 3 2 9 1 5826 5827 5908 5907
6236 3 2 9 1 5827 5828 5909 5908
6237 3 2 9 1 5828 5829 5910 5909
6238 3 2 9 1 5829 5830 5911 5910
6239 3 2 9 1 5830 5831 5912 5911
6240 3 2 9 1 5831 5832 5913 5912
6241 3 2 9 1 5833 5834 5915 5914
6242 3 2 9 1 5834 5835 5916 5915
6243 3 2 9 1 5835 5836 5917 5916
6244 3 2 9 1 5836 5837 5918 5917
6245 3 2 9 1 5837 5838 5919 5918
6246 3 2 9 1 5838 5839 5920 5919
6247 3 2 9 1 5839 5840 5921 5920
6248 3 2 9 1 5840 5841 5922 5921
6249 3 2 9 1 5841 5842 5923 5922
6250 3 2 9 1 5842 5843 5924 5923
6251 3 2 9 1 5843 5844 5925 5924
6252 3 2 9 1 5844 5845 5926 5925
6253 3 2 9 1 5845 5846 5927 5926
6254 3 2 9 1 5846 5847 5928 5927
6255 3 2 9 1 5847 5848 5929 5928
6256 3 2 9 1 5848 5849 5930 5929
6257 3 2 9 1 5849 5850 5931 5930
6258 3 2 9 1 5850 5851 5932 5931
6259 3 2 9 1 5851 5852 5933 5932
6260 3 2 9 1 5852 5853 5934 5933
6261 3 2 9 1 5853 5854 5935 5934
6262 3 2 9 1 5854 5855 5936 5935
6263 3 2 9 1 5855 5856 5937 5936
6264 3 2 9 1 5856 5857 5938 5937
6265 3 2 9 1 5857 5858 5939 5938
6266 3 2 9 1 5858 5859 5940 5939
6267 3 2 9 1 5859 5860 5941 5940
6268 3 2 9 1 5860 5861 5942 5941
6269 3 2 9 1 5861 5862 5943 5942
6270 3 2 9 1 5862 5863 5944 5943
6271 3 2 9 1 5863 5864 5945 5944
6272 3 2 9 1 5864 5865 5946 5945
6273 3 2 9 1 5865 5866 5947 5946
6274 3 2 9 1 5866 5867 5948 5947
6275 3 2 9 1 5867 5868 5949 5948
6276 3 2 9 1 5868 5869 5950 5949
6277 3 2 9 1 5869 5870 5951 5950
6278 3 2 9 1 5870 5871 5952 5951
6279 3 2 9 1 5871 5872 5953 5952
6280 3 2 9 1 5872 5873 5954 5953
6281 3 2 9 1 5873 5874 5955 5954
6282 3 2 9 1 5874 5875 5956 5955
6283 3 2 9 1 5875 5876 5957 5956
6284 3 2 9 1 5876 5877 5958 5957
6285 3 2 9 1 5877 5878 5959 5958
6286 3 2 9 1 5878 5879 5960 5959
6287 3 2 9 1 5879 5880 5961 5960
6288 3 2 9 1 5880 5881 5962 5961
6289 3 2 9 1 5881 5882 5963 5962
6290 3 2 9 1 5882 5883 5964 5963
6291 3 2 9 1 5883 5884 5965 5964
6292 3 2 9 1 5884 5885 5966 5965
6293 3 2 9 1 5885 5886 5967 5966
6294 3 2 9 1 5886 5887 5968 5967
6295 3 2 9 1 5887 5888 5969 5968
6296 3 2 9 1 5888 5889 5970 5969
6297 3 2 9 1 5889 5890 5971 5970
6298 3 2 9 1 5890 5891 5972 5971
6299 3 2 9 1 5891 5892 5973 5972
6300 3 2 9 1 5892 5893 5974 5973
6301 3 2 9 1 5893 5894 5975 5974
6302 3 2 9 1 5894 5895 5976 5975
6303 3 2 9 1 5895 5896 5977 5976
6304 3 2 9 1 5896 5897 5978 5977
6305 3 2 9 1 5897 5898 5979 5978
6306 3 2 9 1 5898 5899 5980 5979
6307 3 2 9 1 5899 5900 5981 5980
6308 3 2 9 1 5900 5901 5982 5981
6309 3 2 9 1 5901 5902 5983 5982
6310 3 2 9 1 5902 5903 5984 5983
6311 3 2 9 1 5903 5904 5985 5984
6312 3 2 9 1 5904 5905 5986 5985
6313 3 2 9 1 5905 5906 5987 5986
6314 3 2 9 1 5906 5907 5988 5987
6315 3 2 9 1 5907 5908 5989 5988
6316 3 2 9 1 5908 5909 5990 5989
6317 3 2 9 1 5909 5910 5991 5990
6318 3 2 9 1 5910 5911 5992 5991
6319 3 2 9 1 5911 5912 5993 5992
6320 3 2 9 1 5912 5913 5994 5993
6321 3 2 9 1 5914 5915 5996 5995
6322 3 2 9 1 5915 5916 5997 5996
6323 3 2 9 1 5916 5917 5998 5997
6324 3 2 9 1 5917 5918 5999 5998
6325 3 2 9 1 5918 5919 6000 5999
6326 3 2 9 1 5919 5920 6001 6000
6327 3 2 9 1 5920 5921 6002 6001
6328 3 2 9 1 5921 5922 6003 6002
6329 3 2 9 1 5922 5923 6004 6003
6330 3 2 9 1 5923 5924 6005 6004
6331 3 2 9 1 5924 5925 6006 6005
6332 3 2 9 1 5925 5926 6007 6006
6333 3 2 9 1 5926 5927 6008 6007
6334 3 2 9 1 5927 5928 6009 6008
6335 3 2 9 1 5928 5929 6010 6009
6336 3 2 9 1 5929 5930 6011 6010
6337 3 2 9 1 5930 5931 6012 6011
6338 3 2 9 1 5931 5932 6013 6012
6339 3 2 9 1 5932 5933 6014 6013
6340 3 2 9 1 5933 5934 6015 6014
6341 3 2 9 1 5934 5935 6016 6015
6342 3 2 9 1 5935 5936 6017 6016
6343 3 2 9 1 5936 5937 6018 6017
6344 3 2 9 1 5937 5938 6019 6018
6345 3 2 9 1 5938 5939 6020 6019
6346 3 2 9 1 5939 5940 6021 6020
6347 3 2 9 1 5940 5941 6022 6021
6348 3 2 9 1 5941 5942 6023 6022
6349 3 2 9 1 5942 5943 6024 6023
6350 3 2 9 1 5943 5944 6025 6024
6351 3 2 9 1 5944 5945 6026 6025
6352 3 2 9 1 5945 5946 6027 6026
6353 3 2 9 1 5946 5947 6028 6027
6354 3 2 9 1 5947 5948 6029 6028
6355 3 2 9 1 5948 5949 6030 6029
6356 3 2 9 1 5949 5950 6031 6030
6357 3 2 9 1 5950 5951 6032 6031
6358 3 2 9 1 5951 5952 6033 6032
6359 3 2 9 1 5952 5953 6034 6033
6360 3 2 9 1 5953 5954 6035 6034
6361 3 2 9 1 5954 5955 6036 6035
6362 3 2 9 1 5955 5956 6037 6036
6363 3 2 9 1 5956 5957 6038 6037
6364 3 2 9 1 5957 5958 6039 6038
6365 3 2 9 1 5958 5959 6040 6039
6366 3 2 9 1 5959 5960 6041 6040
6367 3 2 9 1 5960 5961 6042 6041
6368 3 2 9 1 5961 5962 6043 6042
6369 3 2 9 1 5962 5963 6044 6043
6370 3 2 9 1 5963 5964 6045 6044
6371 3 2 9 1 5964 5965 6046 6045
6372 3 2 9 1 5965 5966 6047 6046
6373 3 2 9 1 5966 5967 6048 6047
6374 3 2 9 1 5967 5968 6049 6048
6375 3 2 9 1 5968 5969 6050 6049
6376 3 2 9 1 5969 5970 6051 6050
6377 3 2 9 1 5970 5971 6052 6051
6378 3 2 9 1 5971 5972 6053 6052
6379 3 2 9 1 5972 5973 6054 6053
6380 3 2 9 1 5973 5974 6055 6054
6381 3 2 9 1 5974 5975 6056 6055
6382 3 2 9 1 5975 5976 6057 6056
6383 3 2 9 1 5976 5977 6058 6057
6384 3 2 9 1 5977 5978 6059 6058
6385 3 2 9 1 5978 5979 6060 6059
6386 3 2 9 1 5979 5980 6061 6060
6387 3 2 9 1 5980 5981 6062 6061
6388 3 2 9 1 5981 5982 6063 6062
6389 3 2 9 1 5982 5983 6064 6063
6390 3 2 9 1 5983 5984 6065 6064
6391 3 2 9 1 5984 5985 6066 6065
6392 3 2 9 1 5985 5986 6067 6066
6393 3 2 9 1 5986 5987 6068 6067
6394 3 2 9 1 5987 5988 6069 6068
6395 3 2 9 1 5988 5989 6070 6069
6396 3 2 9 1 5989 5990 6071 6070
6397 3 2 9 1 5990 5991 6072 6071
6398 3 2 9 1 5991 5992 6073 6072
6399 3 2 9 1 5992 5993 6074 6073
6400 3 2 9 1 5993 5994 6075 6074
6401 3 2 9 1 5995 5996 6077 6076
6402 3 2 9 1 5996 5997 6078 6077
6403 3 2 9 1 5997 5998 6079 6078
6404 3 2 9 1 5998 5999 6080 6079
6405 3 2 9 1 5999 6000 6081 6080
6406 3 2 9 1 6000 6001 6082 6081
6407 3 2 9 1 6001 6002 6083 6082
6408 3 2 9 1 6002 6003 6084 6083
6409 3 2 9 1 6003 6004 6085 6084
6410 3 2 9 1 6004 6005 6086 6085
6411 3 2 9 1 6005 6006 6087 6086
6412 3 2 9 1 6006 6007 6088 6087
6413 3 2 9 1 6007 6008 6089 6088
6414 3 2 9 1 6008 6009 6090 6089
6415 3 2 9 1 6009 6010 6091 6090
6416 3 2 9 1 6010 6011 6092 6091
6417 3 2 9 1 6011 6012 6093 6092
6418 3 2 9 1 6012 6013 6094 6093
6419 3 2 9 1 6013 6014 6095 6094
6420 3 2 9 1 6014 6015 6096 6095
6421 3 2 9 1 6015 6016 6097 6096
6422 3 2 9 1 6016 6017 6098 6097
6423 3 2 9 1 6017 6018 6099 6098
6424 3 2 9 1 6018 6019 6100 6099
6425 3 2 9 1 6019 6020 6101 6100
6426 3 2 9 1 6020 6021 6102 6101
6427 3 2 9 1 6021 6022 6103 6102
6428 3 2 9 1 6022 6023 6104 6103
6429 3 2 9 1 6023 6024 6105 6104
6430 3 2 9 1 6024 6025 6106 6105
6431 3 2 9 1 6025 6026 6107 6106
6432 3 2 9 1 6026 6027 6108 6107
6433 3 2 9 1 6027 6028 6109 6108
6434 3 2 9 1 6028 6029 6110 6109
6435 3 2 9 1 6029 6030 6111 6110
6436 3 2 9 1 6030 6031 6112 6111
6437 3 2 9 1 6031 6032 6113 6112
6438 3 2 9 1 6032 6033 6114 6113
6439 3 2 9 1 6033 6034 6115 6114
6440 3 2 9 1 6034 6035 6116 6115
6441 3 2 9 1 6035 6036 6117 6116
6442 3 2 9 1 6036 6037 6118 6117
6443 3 2 9 1 6037 6038 6119 6118
6444 3 2 9 1 6038 6039 6120 6119
6445 3 2 9 1 6039 6040 6121 6120
6446 3 2 9 1 6040 6041 6122 6121
6447 3 2 9 1 6041 6042 6123 6122
6448 3 2 9 1 6042 6043 6124 6123
6449 3 2 9 1 6043 6044 6125 6124
6450 3 2 9 1 6044 6045 6126 6125
6451 3 2 9 1 6045 6046 6127 6126
6452 3 2 9 1 6046 6047 6128 6127
6453 3 2 9 1 6047 6048 6129 6128
6454 3 2 9 1 6048 6049 6130 6129
6455 3 2 9 1 6049 6050 6131 6130
6456 3 2 9 1 6050 6051 6132 6131
6457 3 2 9 1 6051 6052 6133 6132
6458 3 2 9 1 6052 6053 6134 6133
6459 3 2 9 1 6053 6054 6135 6134
6460 3 2 9 1 6054 6055 6136 6135
6461 3 2 9 1 6055 6056 6137 6136
6462 3 2 9 1 6056 6057 6138 6137
6463 3 2 9 1 6057 6058 6139 6138
6464 3 2 9 1 6058 6059 6140 6139
6465 3 2 9 1 6059 6060 6141 6140
6466 3 2 9 1 6060 6061 6142 6141
6467 3 2 9 1 6061 6062 6143 6142
6468 3 2 9 1 6062 6063 6144 6143
6469 3 2 9 1 6063 6064 6145 6144
6470 3 2 9 1 6064 6065 6146 6145
6471 3 2 9 1 6065 6066 6147 6146
6472 3 2 9 1 6066 6067 6148 6147
6473 3 2 9 1 6067 6068 6149 6148
6474 3 2 9 1 6068 6069 6150 6149
6475 3 2 9 1 6069 6070 6151 6150
6476 3 2 9 1 6070 6071 6152 6151
6477 3 2 9 1 6071 6072 6153 6152
6478 3 2 9 1 6072 6073 6154 6153
6479 3 2 9 1 6073 6074 6155 6154
6480 3 2 9 1 6074 6075 6156 6155
6481 3 2 9 1 6076 6077 6158 6157
6482 3 2 9 1 6077 6078 6159 6158
6483 3 2 9 1 6078 6079 6160 6159
6484 3 2 9 1 6079 6080 6161 6160
6485 3 2 9 1 6080 6081 6162 6161
6486 3 2 9 1 6081 6082 6163 6162
6487 3 2 9 1 6082 6083 6164 6163
6488 3 2 9 1 6083 6084 6165 6164
6489 3 2 9 1 6084 6085 6166 6165
6490 3 2 9 1 6085 6086 6167 6166
6491 3 2 9 1 6086 6087 6168 6167
6492 3 2 9 1 6087 6088 6169 6168
6493 3 2 9 1 6088 6089 6170 6169
6494 3 2 9 1 6089 6090 6171 6170
6495 3 2 9 1 6090 6091 6172 6171
6496 3 2 9 1 6091 6092 6173 6172
6497 3 2 9 1 6092 6093 6174 6173
6498 3 2 9 1 6093 6094 6175 6174
6499 3 2 9 1 6094 6095 6176 6175
6500 3 2 9 1 6095 6096 6177 6176
6501 3 2 9 1 6096 6097 6178 6177
6502 3 2 9 1 6097 6098 6179 6178
6503 3 2 9 1 6098 6099 6180 6179
6504 3 2 9 1 6099 6100 6181 6180
6505 3 2 9 1 6100 6101 6182 6181
6506 3 2 9 1 6101 6102 6183 6182
6507 3 2 9 1 6102 6103 6184 6183
6508 3 2 9 1 6103 6104 6185 6184
6509 3 2 9 1 6104 6105 6186 6185
6510 3 2 9 1 6105 6106 6187 6186
6511 3 2 9 1 6106 6107 6188 6187
6512 3 2 9 1 6107 6108 6189 6188
6513 3 2 9 1 6108 6109 6190 6189
6514 3 2 9 1 6109 6110 6191 6190
6515 3 2 9 1 6110 6111 6192 6191
6516 3 2 9 1 6111 6112 6193 6192
6517 3 2 9 1 6112 6113 6194 6193
6518 3 2 9 1 6113 6114 6195 6194
6519 3 2 9 1 6114 6115 6196 6195
6520 3 2 9 1 6115 6116 6197 6196
6521 3 2 9 1 6116 6117 6198 6197
6522 3 2 9 1 6117 6118 6199 6198
6523 3 2 9 1 6118 6119 6200 6199
6524 3 2 9 1 6119 6120 6201 6200
6525 3 2 9 1 6120 6121 6202 6201
6526 3 2 9 1 6121 6122 6203 6202
6527 3 2 9 1 6122 6123 6204 6203
6528 3 2 9 1 6123 6124 6205 6204
6529 3 2 9 1 6124 6125 6206 6205
6530 3 2 9 1 6125 6126 6207 6206
6531 3 2 9 1 6126 6127 6208 6207
6532 3 2 9 1 6127 6128 6209 6208
6533 3 2 9 1 6128 6129 6210 6209
6534 3 2 9 1 6129 6130 6211 6210
6535 3 2 9 1 6130 6131 6212 6211
6536 3 2 9 1 6131 6132 6213 6212
6537 3 2 9 1 6132 6133 6214 6213
6538 3 2 9 1 6133 6134 6215 6214
6539 3 2 9 1 6134 6135 6216 6215
6540 3 2 9 1 6135 6136 6217 6216
6541 3 2 9 1 6136 6137 6218 6217
6542 3 2 9 1 6137 6138 6219 6218
6543 3 2 9 1 6138 6139 6220 6219
6544 3 2 9 1 6139 6140 6221 6220
6545 3 2 9 1 6140 6141 6222 6221
6546 3 2 9 1 6141 6142 6223 6222
6547 3 2 9 1 6142 6143 6224 6223
6548 3 2 9 1 6143 6144 6225 6224
6549 3 2 9 1 6144 6145 6226 6225
6550 3 2 9 1 6145 6146 6227 6226
6551 3 2 9 1 6146 6147 6228 6227
6552 3 2 9 1 6147 6148 6229 6228
6553 3 2 9 1 6148 6149 6230 6229
6554 3 2 9 1 6149 6150 6231 6230
6555 3 2 9 1 6150 6151 6232 6231
6556 3 2 9 1 6151 6152 6233 6232
6557 3 2 9 1 6152 6153 6234 6233
6558 3 2 9 1 6153 6154 6235 6234
6559 3 2 9 1 6154 6155 6236 6235
6560 3 2 9 1 6155 6156 6237 6236
6561 3 2 9 1 6157 6158 6239 6238
6562 3 2 9 1 6158 6159 6240 6239
6563 3 2 9 1 6159 6160 6241 6240
6564 3 2 9 1 6160 6161 6242 6241
6565 3 2 9 1 6161 6162 6243 6242
6566 3 2 9 1 6162 6163 6244 6243
6567 3 2 9 1 6163 6164 6245 6244
6568 3 2 9 1 6164 6165 6246 6245
6569 3 2 9 1 6165 6166 6247 6246
6570 3 2 9 1 6166 6167 6248 6247
6571 3 2 9 1 6167 6168 6249 6248
6572 3 2 9 1 6168 6169 6250 6249
6573 3 2 9 1 6169 6170 6251 6250
6574 3 2 9 1 6170 6171 6252 6251
6575 3 2 9 1 6171 6172 6253 6252
6576 3 2 9 1 6172 6173 6254 6253
6577 3 2 9 1 6173 6174 6255 6254
6578 3 2 9 1 6174 6175 6256 6255
6579 3 2 9 1 6175 6176 6257 6256
6580 3 2 9 1 6176 6177 6258 6257
6581 3 2 9 1 6177 6178 6259 6258
6582 3 2 9 1 6178 6179 6260 6259
6583 3 2 9 1 6179 6180 6261 6260
6584 3 2 9 1 6180 6181 6262 6261
6585 3 2 9 1 6181 6182 6263 6262
6586 3 2 9 1 6182 6183 6264 6263
6587 3 2 9 1 6183 6184 6265 6264
6588 3 2 9 1 6184 6185 6266 6265
6589 3 2 9 1 6185 6186 6267 6266
6590 3 2 9 1 6186 6187 6268 6267
6591 3 2 9 1 6187 6188 6269 6268
6592 3 2 9 1 6188 6189 6270 6269
6593 3 2 9 1 6189 6190 6271 6270
6594 3 2 9 1 6190 6191 6272 6271
6595 3 2 9 1 6191 6192 6273 6272
6596 3 2 9 1 6192 6193 6274 6273
6597 3 2 9 1 6193 6194 6275 6274
6598 3 2 9 1 6194 6195 6276 6275
6599 3 2 9 1 6195 6196 6277 6276
6600 3 2 9 1 6196 6197 6278 6277
6601 3 2 9 1 6197 6198 6279 6278
6602 3 2 9 1 6198 6199 6280 6279
6603 3 2 9 1 6199 6200 6281 6280
6604 3 2 9 1 6200 6201 6282 6281
6605 3 2 9 1 6201 6202 6283 6282
6606 3 2 9 1 6202 6203 6284 6283
6607 3 2 9 1 6203 6204 6285 6284
6608 3 2 9 1 6204 6205 6286 6285
6609 3 2 9 1 6205 6206 6287 6286
6610 3 2 9 1 6206 6207 6288 6287
6611 3 2 9 1 6207 6208 6289 6288
6612 3 2 9 1 6208 6209 6290 6289
6613 3 2 9 1 6209 6210 6291 6290
6614 3 2 9 1 6210 6211 6292 6291
6615 3 2 9 1 6211 6212 6293 6292
6616 3 2 9 1 6212 6213 6294 6293
6617 3 2 9 1 6213 6214 6295 6294
6618 3 2 9 1 6214 6215 6296 6295
6619 3 2 9 1 6215 6216 6297 6296
6620 3 2 9 1 6216 6217 6298 6297
6621 3 2 9 1 6217 6218 6299 6298
6622 3 2 9 1 6218 6219 6300 6299
6623 3 2 9 1 6219 6220 6301 6300
6624 3 2 9 1 6220 6221 6302 6301
6625 3 2 9 1 6221 6222 6303 6302
6626 3 2 9 1 6222 6223 6304 6303
6627 3 2 9 1 6223 6224 6305 6304
6628 3 2 9 1 6224 6225 6306 6305
6629 3 2 9 1 6225 6226 6307 6306
6630 3 2 9 1 6226 6227 6308 6307
6631 3 2 9 1 6227 6228 6309 6308
6632 3 2 9 1 6228 6229 6310 6309
6633 3 2 9 1 6229 6230 6311 6310
6634 3 2 9 1 6230 6231 6312 6311
6635 3 2 9 1 6231 6232 6313 6312
6636 3 2 9 1 6232 6233 6314 6313
6637 3 2 9 1 6233 6234 6315 6314
6638 3 2 9 1 6234 6235 6316 6315
6639 3 2 9 1 6235 6236 6317 6316
6640 3 2 9 1 6236 6237 6318 6317
6641 3 2 9 1 6238 6239 6320 6319
6642 3 2 9 1 6239 6240 6321 6320
6643 3 2 9 1 6240 6241 6322 6321
6644 3 2 9 1 6241 6242 6323 6322
6645 3 2 9 1 6242 6243 6324 6323
6646 3 2 9 1 6243 6244 6325 6324
6647 3 2 9 1 6244 6245 6326 6325
6648 3 2 9 1 6245 6246 6327 6326
6649 3 2 9 1 6246 6247 6328 6327
6650 3 2 9 1 6247 6248 6329 6328
6651 3 2 9 1 6248 6249 6330 6329
6652 3 2 9 1 6249 6250 6331 6330
6653 3 2 9 1 6250 6251 6332 6331
6654 3 2 9 1 6251 6252 6333 6332
6655 3 2 9 1 6252 6253 6334 6333
6656 3 2 9 1 6253 6254 6335 6334
6657 3 2 9 1 6254 6255 6336 6335
6658 3 2 9 1 6255 6256 6337 6336
6659 3 2 9 1 6256 6257 6338 6337
6660 3 2 9 1 6257 6258 6339 6338
6661 3 2 9 1 6258 6259 6340 6339
6662 3 2 9 1 6259 6260 6341 6340
6663 3 2 9 1 6260 6261 6342 6341
6664 3 2 9 1 6261 6262 6343 6342
6665 3 2 9 1 6262 6263 6344 6343
6666 3 2 9 1 6263 6264 6345 6344
6667 3 2 9 1 6264 6265 6346 6345
6668 3 2 9 1 6265 6266 6347 6346
6669 3 2 9 1 6266 6267 6348 6347
6670 3 2 9 1 6267 6268 6349 6348
6671 3 2 9 1 6268 6269 6350 6349
6672 3 2 9 1 6269 6270 6351 6350
6673 3 2 9 1 6270 6271 6352 6351
6674 3 2 9 1 6271 6272 6353 6352
6675 3 2 9 1 6272 6273 6354 6353
6676 3 2 9 1 6273 6274 6355 6354
6677 3 2 9 1 6274 6275 6356 6355
6678 3 2 9 1 6275 6276 6357 6356
6679 3 2 9 1 6276 6277 6358 6357
6680 3 2 9 1 6277 6278 6359 6358
6681 3 2 9 1 6278 6279 6360 6359
6682 3 2 9 1 6279 6280 6361 6360
6683 3 2 9 1 6280 6281 6362 6361
6684 3 2 9 1 6281 6282 6363 6362
6685 3 2 9 1 6282 6283 6364 6363
6686 3 2 9 1 6283 6284 6365 6364
6687 3 2 9 1 6284 6285 6366 6365
6688 3 2 9 1 6285 6286 6367 6366
6689 3 2 9 1 6286 6287 6368 6367
6690 3 2 9 1 6287 6288 6369 6368
6691 3 2 9 1 6288 6289 6370 6369
6692 3 2 9 1 6289 6290 6371 6370
6693 3 2 9 1 6290 6291 6372 6371
6694 3 2 9 1 6291 6292 6373 6372
6695 3 2 9 1 6292 6293 6374 6373
6696 3 2 9 1 6293 6294 6375 6374
6697 3 2 9 1 6294 6295 6376 6375
6698 3 2 9 1 6295 6296 6377 6376
6699 3 2 9 1 6296 6297 6378 6377
6700 3 2 9 1 6297 6298 6379 6378
6701 3 2 9 1 6298 6299 6380 6379
6702 3 2 9 1 6299 6300 6381 6380
6703 3 2 9 1 6300 6301 6382 6381
6704 3 2 9 1 6301 6302 6383 6382
6705 3 2 9 1 6302 6303 6384 6383
6706 3 2 9 1 6303 6304 6385 6384
6707 3 2 9 1 6304 6305 6386 6385
6708 3 2 9 1 6305 6306 6387 6386
6709 3 2 9 1 6306 6307 6388 6387
6710 3 2 9 1 6307 6308 6389 6388
6711 3 2 9 1 6308 6309 6390 6389
6712 3 2 9 1 6309 6310 6391 6390
6713 3 2 9 1 6310 6311 6392 6391
6714 3 2 9 1 6311 6312 6393 6392
6715 3 2 9 1 6312 6313 6394 6393
6716 3 2 9 1 6313 6314 6395 6394
6717 3 2 9 1 6314 6315 6396 6395
6718 3 2 9 1 6315 6316 6397 6396
6719 3 2 9 1 6316 6317 6398 6397
6720 3 2 9 1 6317 6318 6399 6398
6721 3 2 9 1 6319 6320 6401 6400
6722 3 2 9 1 6320 6321 6402 6401
6723 3 2 9 1 6321 6322 6403 6402
6724 3 2 9 1 6322 6323 6404 6403
6725 3 2 9 1 6323 6324 6405 6404
6726 3 2 9 1 6324 6325 6406 6405
6727 3 2 9 1 6325 6326 6407 6406
6728 3 2 9 1 6326 6327 6408 6407
6729 3 2 9 1 6327 6328 6409 6408
6730 3 2 9 1 6328 6329 6410 6409
6731 3 2 9 1 6329 6330 6411 6410
6732 3 2 9 1 6330 6331 6412 6411
6733 3 2 9 1 6331 6332 6413 6412
6734 3 2 9 1 6332 6333 6414 6413
6735 3 2 9 1 6333 6334 6415 6414
6736 3 2 9 1 6334 6335 6416 6415
6737 3 2 9 1 6335 6336 6417 6416
6738 3 2 9 1 6336 6337 6418 6417
6739 3 2 9 1 6337 6338 6419 6418
6740 3 2 9 1 6338 6339 6420 6419
6741 3 2 9 1 6339 6340 6421 6420
6742 3 2 9 1 6340 6341 6422 6421
6743 3 2 9 1 6341 6342 6423 6422
6744 3 2 9 1 6342 6343 6424 6423
6745 3 2 9 1 6343 6344 6425 6424
6746 3 2 9 1 6344 6345 6426 6425
6747 3 2 9 1 6345 6346 6427 6426
6748 3 2 9 1 6346 6347 6428 6427
6749 3 2 9 1 6347 6348 6429 6428
6750 3 2 9 1 6348 6349 6430 6429
6751 3 2 9 1 6349 6350 6431 6430
6752 3 2 9 1 6350 6351 6432 6431
6753 3 2 9 1 6351 6352 6433 6432
6754 3 2 9 1 6352 6353 6434 6433
6755 3 2 9 1 6353 6354 6435 6434
6756 3 2 9 1 6354 6355 6436 6435
6757 3 2 9 1 6355 6356 6437 6436
6758 3 2 9 1 6356 6357 6438 6437
6759 3 2 9 1 6357 6358 6439 6438
6760 3 2 9 1 6358 6359 6440 6439
6761 3 2 9 1 6359 6360 6441 6440
6762 3 2 9 1 6360 6361 6442 6441
6763 3 2 9 1 6361 6362 6443 6442
6764 3 2 9 1 6362 6363 6444 6443
6765 3 2 9 1 6363 6364 6445 6444
6766 3 2 9 1 6364 6365 6446 6445
6767 3 2 9 1 6365 6366 6447 6446
6768 3 2 9 1 6366 6367 6448 6447
6769 3 2 9 1 6367 6368 6449 6448
6770 3 2 9 1 6368 6369 6450 6449
6771 3 2 9 1 6369 6370 6451 6450
6772 3 2 9 1 6370 6371 6452 6451
6773 3 2 9 1 6371 6372 6453 6452
6774 3 2 9 1 6372 6373 6454 6453
6775 3 2 9 1 6373 6374 6455 6454
6776 3 2 9 1 6374 6375 6456 6455
6777 3 2 9 1 6375 6376 6457 6456
6778 3 2 9 1 6376 6377 6458 6457
6779 3 2 9 1 6377 6378 6459 6458
6780 3 2 9 1 6378 6379 6460 6459
6781 3 2 9 1 6379 6380 6461 6460
6782 3 2 9 1 6380 6381 6462 6461
6783 3 2 9 1 6381 6382 6463 6462
6784 3 2 9 1 6382 6383 6464 6463
6785 3 2 9 1 6383 6384 6465 6464
6786 3 2 9 1 6384 6385 6466 6465
6787 3 2 9 1 6385 6386 6467 6466
6788 3 2 9 1 6386 6387 6468 6467
6789 3 2 9 1 6387 6388 6469 6468
6790 3 2 9 1 6388 6389 6470 6469
6791 3 2 9 1 6389 6390 6471 6470
6792 3 2 9 1 6390 6391 6472 6471
6793 3 2 9 1 6391 6392 6473 6472
6794 3 2 9 1 6392 6393 6474 6473
6795 3 2 9 1 6393 6394 6475 6474
6796 3 2 9 1 6394 6395 6476 6475
6797 3 2 9 1 6395 6396 6477 6476
6798 3 2 9 1 6396 6397 6478 6477
6799 3 2 9 1 6397 6398 6479 6478
6800 3 2 9 1 6398 6399 6480 6479
6801 3 2 9 1 6400 6401 6482 6481
6802 3 2 9 1 6401 6402 6483 6482
6803 3 2 9 1 6402 6403 6484 6483
6804 3 2 9 1 6403 6404 6485 6484
6805 3 2 9 1 6404 6405 6486 6485
6806 3 2 9 1 6405 6406 6487 6486
6807 3 2 9 1 6406 6407 6488 6487
6808 3 2 9 1 6407 6408 6489 6488
6809 3 2 9 1 6408 6409 6490 6489
6810 3 2 9 1 6409 6410 6491 6490
6811 3 2 9 1 6410 6411 6492 6491
6812 3 2 9 1 6411 6412 6493 6492
6813 3 2 9 1 6412 6413 6494 6493
6814 3 2 9 1 6413 6414 6495 6494
6815 3 2 9 1 6414 6415 6496 6495
6816 3 2 9 1 6415 6416 6497 6496
6817 3 2 9 1 6416 6417 6498 6497
6818 3 2 9 1 6417 6418 6499 6498
6819 3 2 9 1 6418 6419 6500 6499
6820 3 2 9 1 6419 6420 6501 6500
6821 3 2 9 1 6420 6421 6502 6501
6822 3 2 9 1 6421 6422 6503 6502
6823 3 2 9 1 6422 6423 6504 6503
6824 3 2 9 1 6423 6424 6505 6504
6825 3 2 9 1 6424 6425 6506 6505
6826 3 2 9 1 6425 6426 6507 6506
6827 3 2 9 1 6426 6427 6508 6507
6828 3 2 9 1 6427 6428 6509 6508
6829 3 2 9 1 6428 6429 6510 6509
6830 3 2 9 1 6429 6430 6511 6510
6831 3 2 9 1 6430 6431 6512 6511
6832 3 2 9 1 6431 6432 6513 6512
6833 3 2 9 1 6432 6433 6514 6513
6834 3 2 9 1 6433 6434 6515 6514
6835 3 2 9 1 6434 6435 6516 6515
6836 3 2 9 1 6435 6436 6517 6516
6837 3 2 9 1 6436 6437 6518 6517
6838 3 2 9 1 6437 6438 6519 6518
6839 3 2 9 1 6438 6439 6520 6519
6840 3 2 9 1 6439 6440 6521 6520
6841 3 2 9 1 6440 6441 6522 6521
6842 3 2 9 1 6441 6442 6523 6522
6843 3 2 9 1 6442 6443 6524 6523
6844 3 2 9 1 6443 6444 6525 6524
6845 3 2 9 1 6444 6445 6526 6525
6846 3 2 9 1 6445 6446 6527 6526
6847 3 2 9 1 6446 6447 6528 6527
6848 3 2 9 1 6447 6448 6529 6528
6849 3 2 9 1 6448 6449 6530 6529
6850 3 2 9 1 6449 6450 6531 6530
6851 3 2 9 1 6450 6451 6532 6531
6852 3 2 9 1 6451 6452 6533 6532
6853 3 2 9 1 6452 6453 6534 6533
6854 3 2 9 1 6453 6454 6535 6534
6855 3 2 9 1 6454 6455 6536 6535
6856 3 2 9 1 6455 6456 6537 6536
6857 3 2 9 1 6456 6457 6538 6537
6858 3 2 9 1 6457 6458 6539 6538
6859 3 2 9 1 6458 6459 6540 6539
6860 3 2 9 1 6459 6460 6541 6540
6861 3 2 9 1 6460 6461 6542 6541
6862 3 2 9 1 6461 6462 6543 6542
6863 3 2 9 1 6462 6463 6544 6543
6864 3 2 9 1 6463 6464 6545 6544
6865 3 2 9 1 6464 6465 6546 6545
6866 3 2 9 1 6465 6466 6547 6546
6867 3 2 9 1 6466 6467 6548 6547
6868 3 2 9 1 6467 6468 6549 6548
6869 3 2 9 1 6468 6469 6550 6549
6870 3 2 9 1 6469 6470 6551 6550
6871 3 2 9 1 6470 6471 6552 6551
6872 3 2 9 1 6471 6472 6553 6552
6873 3 2 9 1 6472 6473 6554 6553
6874 3 2 9 1 6473 6474 6555 6554
6875 3 2 9 1 6474 6475 6556 6555
6876 3 2 9 1 6475 6476 6557 6556
6877 3 2 9 1 6476 6477 6558 6557
6878 3 2 9 1 6477 6478 6559 6558
6879 3 2 9 1 6478 6479 6560 6559
6880 3 2 9 1 6479 6480 6561 6560
6881 3 2 9 1 6481 6482 6563 6562
6882 3 2 9 1 6482 6483 6564 6563
6883 3 2 9 1 6483 6484 6565 6564
6884 3 2 9 1 6484 6485 6566 6565
6885 3 2 9 1 6485 6486 6567 6566
6886 3 2 9 1 6486 6487 6568 6567
6887 3 2 9 1 6487 6488 6569 6568
6888 3 2 9 1 6488 6489 6570 6569
6889 3 2 9 1 6489 6490 6571 6570
6890 3 2 9 1 6490 6491 6572 6571
6891 3 2 9 1 6491 6492 6573 6572
6892 3 2 9 1 6492 6493 6574 6573
6893 3 2 9 1 6493 6494 6575 6574
6894 3 2 9 1 6494 6495 6576 6575
6895 3 2 9 1 6495 6496 6577 6576
6896 3 2 9 1 6496 6497 6578 6577
6897 3 2 9 1 6497 6498 6579 6578
6898 3 2 9 1 6498 6499 6580 6579
6899 3 2 9 1 6499 6500 6581 6580
6900 3 2 9 1 6500 6501 6582 6581
6901 3 2 9 1 6501 6502 6583 6582
6902 3 2 9 1 6502 6503 6584 6583
6903 3 2 9 1 6503 6504 6585 6584
6904 3 2 9 1 6504 6505 6586 6585
6905 3 2 9 1 6505 6506 6587 6586
6906 3 2 9 1 6506 6507 6588 6587
6907 3 2 9 1 6507 6508 6589 6588
6908 3 2 9 1 6508 6509 6590 6589
6909 3 2 9 1 6509 6510 6591 6590
6910 3 2 9 1 6510 6511 6592 6591
6911 3 2 9 1 6511 6512 6593 6592
6912 3 2 9 1 6512 6513 6594 6593
6913 3 2 9 1 6513 6514 6595 6594
6914 3 2 9 1 6514 6515 6596 6595
6915 3 2 9 1 6515 6516 6597 6596
6916 3 2 9 1 6516 6517 6598 6597
6917 3 2 9 1 6517 6518 6599 6598
6918 3 2 9 1 6518 6519 6600 6599
6919 3 2 9 1 6519 6520 6601 6600
6920 3 2 9 1 6520 6521 6602 6601
6921 3 2 9 1 6521 6522 6603 6602
6922 3 2 9 1 6522 6523 6604 6603
6923 3 2 9 1 6523 6524 6605 6604
6924 3 2 9 1 6524 6525 6606 6605
6925 3 2 9 1 6525 6526 6607 6606
6926 3 2 9 1 6526 6527 6608 6607
6927 3 2 9 1 6527 6528 6609 6608
6928 3 2 9 1 6528 6529 6610 6609
6929 3 2 9 1 6529 6530 6611 6610
6930 3 2 9 1 6530 6531 6612 6611
6931 3 2 9 1 6531 6532 6613 6612
6932 3 2 9 1 6532 6533 6614 6613
6933 3 2 9 1 6533 6534 6615 6614
6934 3 2 9 1 6534 6535 6616 6615
6935 3 2 9 1 6535 6536 6617 6616
6936 3 2 9 1 6536 6537 6618 6617
6937 3 2 9 1 6537 6538 6619 6618
6938 3 2 9 1 6538 6539 6620 6619
6939 3 2 9 1 6539 6540 6621 6620
6940 3 2 9 1 6540 6541 6622 6621
6941 3 2 9 1 6541 6542 6623 6622
6942 3 2 9 1 6542 6543 6624 6623
6943 3 2 9 1 6543 6544 6625 6624
6944 3 2 9 1 6544 6545 6626 6625
6945 3 2 9 1 6545 6546 6627 6626
6946 3 2 9 1 6546 6547 6628 6627
6947 3 2 9 1 6547 6548 6629 6628
6948 3 2 9 1 6548 6549 6630 6629
6949 3 2 9 1 6549 6550 6631 6630
6950 3 2 9 1 6550 6551 6632 6631
6951 3 2 9 1 6551 6552 6633 6632
6952 3 2 9 1 6552 6553 6634 6633
6953 3 2 9 1 6553 6554 6635 6634
6954 3 2 9 1 6554 6555 6636 6635
6955 3 2 9 1 6555 6556 6637 6636
6956 3 2 9 1 6556 6557 6638 6637
6957 3 2 9 1 6557 6558 6639 6638
6958 3 2 9 1 6558 6559 6640 6639
6959 3 2 9 1 6559 6560 6641 6640
6960 3 2 9 1 6560 6561 6642 6641
6961 3 2 9 1 6562 6563 6644 6643
6962 3 2 9 1 6563 6564 6645 6644
6963 3 2 9 1 6564 6565 6646 6645
6964 3 2 9 1 6565 6566 6647 6646
6965 3 2 9 1 6566 6567 6648 6647
6966 3 2 9 1 6567 6568 6649 6648
6967 3 2 9 1 6568 6569 6650 6649
6968 3 2 9 1 6569 6570 6651 6650
6969 3 2 9 1 6570 6571 6652 6651
6970 3 2 9 1 6571 6572 6653 6652
6971 3 2 9 1 6572 6573 6654 6653
6972 3 2 9 1 6573 6574 6655 6654
6973 3 2 9 1 6574 6575 6656 6655
6974 3 2 9 1 6575 6576 6657 6656
6975 3 2 9 1 6576 6577 6658 6657
6976 3 2 9 1 6577 6578 6659 6658
6977 3 2 9 1 6578 6579 6660 6659
6978 3 2 9 1 6579 6580 6661 6660
6979 3 2 9 1 6580 6581 6662 6661
6980 3 2 9 1 6581 6582 6663 6662
6981 3 2 9 1 6582 6583 6664 6663
6982 3 2 9 1 6583 6584 6665 6664
6983 3 2 9 1 6584 6585 6666 6665
6984 3 2 9 1 6585 6586 6667 6666
6985 3 2 9 1 6586 6587 6668 6667
6986 3 2 9 1 6587 6588 6669 6668
6987 3 2 9 1 6588 6589 6670 6669
6988 3 2 9 1 6589 6590 6671 6670
6989 3 2 9 1 6590 6591 6672 6671
6990 3 2 9 1 6591 6592 6673 6672
6991 3 2 9 1 6592 6593 6674 6673
6992 3 2 9 1 6593 6594 6675 6674
6993 3 2 9 1 6594 6595 6676 6675
6994 3 2 9 1 6595 6596 6677 6676
6995 3 2 9 1 6596 6597 6678 6677
6996 3 2 9 1 6597 6598 6679 6678
6997 3 2 9 1 6598 6599 6680 6679
6998 3 2 9 1 6599 6600 6681 6680
6999 3 2 9 1 6600 6601 6682 6681
7000 3 2 9 1 6601 6602 6683 6682
7001 3 2 9 1 6602 6603 6684 6683
7002 3 2 9 1 6603 6604 6685 6684
7003 3 2 9 1 6604 6605 6686 6685
7004 3 2 9 1 6605 6606 6687 6686
7005 3 2 9 1 6606 6607 6688 6687
7006 3 2 9 1 6607 6608 6689 6688
7007 3 2 9 1 6608 6609 6690 6689
7008 3 2 9 1 6609 6610 6691 6690
7009 3 2 9 1 6610 6611 6692 6691
7010 3 2 9 1 6611 6612 6693 6692
7011 3 2 9 1 6612 6613 6694 6693
7012 3 2 9 1 6613 6614 6695 6694
7013 3 2 9 1 6614 6615 6696 6695
7014 3 2 9 1 6615 6616 6697 6696
7015 3 2 9 1 6616 6617 6698 6697
7016 3 2 9 1 6617 6618 6699 6698
7017 3 2 9 1 6618 6619 6700 6699
7018 3 2 9 1 6619 6620 6701 6700
7019 3 2 9 1 6620 6621 6702 6701
7020 3 2 9 1 6621 6622 6703 6702
7021 3 2 9 1 6622 6623 6704 6703
7022 3 2 9 1 6623 6624 6705 6704
7023 3 2 9 1 6624 6625 6706 6705
7024 3 2 9 1 6625 6626 6707 6706
7025 3 2 9 1 6626 6627 6708 6707
7026 3 2 9 1 6627 6628 6709 6708
7027 3 2 9 1 6628 6629 6710 6709
7028 3 2 9 1 6629 6630 6711 6710
7029 3 2 9 1 6630 6631 6712 6711
7030 3 2 9 1 6631 6632 6713 6712
7031 3 2 9 1 6632 6633 6714 6713
7032 3 2 9 1 6633 6634 6715 6714
7033 3 2 9 1 6634 6635 6716 6715
7034 3 2 9 1 6635 6636 6717 6716
7035 3 2 9 1 6636 6637 6718 6717
7036 3 2 9 1 6637 6638 6719 6718
7037 3 2 9 1 6638 6639 6720 6719
7038 3 2 9 1 6639 6640 6721 6720
7039 3 2 9 1 6640 6641 6722 6721
7040 3 2 9 1 6641 6642 6723 6722
7041 3 2 9 1 6643 6644 6725 6724
7042 3 2 9 1 6644 6645 6726 6725
7043 3 2 9 1 6645 6646 6727 6726
7044 3 2 9 1 6646 6647 6728 6727
7045 3 2 9 1 6647 6648 6729 6728
7046 3 2 9 1 6648 6649 6730 6729
7047 3 2 9 1 6649 6650 6731 6730
7048 3 2 9 1 6650 6651 6732 6731
7049 3 2 9 1 6651 6652 6733 6732
7050 3 2 9 1 6652 6653 6734 6733
7051 3 2 9 1 6653 6654 6735 6734
7052 3 2 9 1 6654 6655 6736 6735
7053 3 2 9 1 6655 6656 6737 6736
7054 3 2 9 1 6656 6657 6738 6737
7055 3 2 9 1 6657 6658 6739 6738
7056 3 2 9 1 6658 6659 6740 6739
7057 3 2 9 1 6659 6660 6741 6740
7058 3 2 9 1 6660 6661 6742 6741
7059 3 2 9 1 6661 6662 6743 6742
7060 3 2 9 1 6662 6663 6744 6743
7061 3 2 9 1 6663 6664 6745 6744
7062 3 2 9 1 6664 6665 6746 6745
7063 3 2 9 1 6665 6666 6747 6746
7064 3 2 9 1 6666 6667 6748 6747
7065 3 2 9 1 6667 6668 6749 6748
7066 3 2 9 1 6668 6669 6750 6749
7067 3 2 9 1 6669 6670 6751 6750
7068 3 2 9 1 6670 6671 6752 6751
7069 3 2 9 1 6671 6672 6753 6752
7070 3 2 9 1 6672 6673 6754 6753
7071 3 2 9 1 6673 6674 6755 6754
7072 3 2 9 1 6674 6675 6756 6755
7073 3 2 9 1 6675 6676 6757 6756
7074 3 2 9 1 6676 6677 6758 6757
7075 3 2 9 1 6677 6678 6759 6758
7076 3 2 9 1 6678 6679 6760 6759
7077 3 2 9 1 6679 6680 6761 6760
7078 3 2 9 1 6680 6681 6762 6761
7079 3 2 9 1 6681 6682 6763 6762
7080 3 2 9 1 6682 6683 6764 6763
7081 3 2 9 1 6683 6684 6765 6764
7082 3 2 9 1 6684 6685 6766 6765
7083 3 2 9 1 6685 6686 6767 6766
7084 3 2 9 1 6686 6687 6768 6767
7085 3 2 9 1 6687 6688 6769 6768
7086 3 2 9 1 6688 6689 6770 6769
7087 3 2 9 1 6689 6690 6771 6770
7088 3 2 9 1 6690 6691 6772 6771
7089 3 2 9 1 6691 6692 6773 6772
7090 3 2 9 1 6692 6693 6774 6773
7091 3 2 9 1 6693 6694 6775 6774
7092 3 2 9 1 6694 6695 6776 6775
7093 3 2 9 1 6695 6696 6777 6776
7094 3 2 9 1 6696 6697 6778 6777
7095 3 2 9 1 6697 6698 6779 6778
7096 3 2 9 1 6698 6699 6780 6779
7097 3 2 9 1 6699 6700 6781 6780
7098 3 2 9 1 6700 6701 6782 6781
7099 3 2 9 1 6701 6702 6783 6782
7100 3 2 9 1 6702 6703 6784 6783
7101 3 2 9 1 6703 6704 6785 6784
7102 3 2 9 1 6704 6705 6786 6785
7103 3 2 9 1 6705 6706 6787 6786
7104 3 2 9 1 6706 6707 6788 6787
7105 3 2 9 1 6707 6708 6789 6788
7106 3 2 9 1 6708 6709 6790 6789
7107 3 2 9 1 6709 6710 6791 6790
7108 3 2 9 1 6710 6711 6792 6791
7109 3 2 9 1 6711 6712 6793 6792
7110 3 2 9 1 6712 6713 6794 6793
7111 3 2 9 1 6713 6714 6795 6794
7112 3 2 9 1 6714 6715 6796 6795
7113 3 2 9 1 6715 6716 6797 6796
7114 3 2 9 1 6716 6717 6798 6797
7115 3 2 9 1 6717 6718 6799 6798
7116 3 2 9 1 6718 6719 6800 6799
7117 3 2 9 1 6719 6720 6801 6800
7118 3 2 9 1 6720 6721 6802 6801
7119 3 2 9 1 6721 6722 6803 6802
7120 3 2 9 1 6722 6723 6804 6803
7121 3 2 9 1 6724 6725 6806 6805
7122 3 2 9 1 6725 6726 6807 6806
7123 3 2 9 1 6726 6727 6808 6807
7124 3 2 9 1 6727 6728 6809 6808
7125 3 2 9 1 6728 6729 6810 6809
7126 3 2 9 1 6729 6730 6811 6810
7127 3 2 9 1 6730 6731 6812 6811
7128 3 2 9 1 6731 6732 6813 6812
7129 3 2 9 1 6732 6733 6814 6813
7130 3 2 9 1 6733 6734 6815 6814
7131 3 2 9 1 6734 6735 6816 6815
7132 3 2 9 1 6735 6736 6817 6816
7133 3 2 9 1 6736 6737 6818 6817
7134 3 2 9 1 6737 6738 6819 6818
7135 3 2 9 1 6738 6739 6820 6819
7136 3 2 9 1 6739 6740 6821 6820
7137 3 2 9 1 6740 6741 6822 6821
7138 3 2 9 1 6741 6742 6823 6822
7139 3 2 9 1 6742 6743 6824 6823
7140 3 2 9 1 6743 6744 6825 6824
7141 3 2 9 1 6744 6745 6826 6825
7142 3 2 9 1 6745 6746 6827 6826
7143 3 2 9 1 6746 6747 6828 6827
7144 3 2 9 1 6747 6748 6829 6828
7145 3 2 9 1 6748 6749 6830 6829
7146 3 2 9 1 6749 6750 6831 6830
7147 3 2 9 1 6750 6751 6832 6831
7148 3 2 9 1 6751 6752 6833 6832
7149 3 2 9 1 6752 6753 6834 6833
7150 3 2 9 1 6753 6754 6835 6834
7151 3 2 9 1 6754 6755 6836 6835
7152 3 2 9 1 6755 6756 6837 6836
7153 3 2 9 1 6756 6757 6838 6837
7154 3 2 9 1 6757 6758 6839 6838
7155 3 2 9 1 6758 6759 6840 6839
7156 3 2 9 1 6759 6760 6841 6840
7157 3 2 9 1 6760 6761 6842 6841
7158 3 2 9 1 6761 6762 6843 6842
7159 3 2 9 1 6762 6763 6844 6843
7160 3 2 9 1 6763 6764 6845 6844
7161 3 2 9 1 6764 6765 6846 6845
7162 3 2 9 1 6765 6766 6847 6846
7163 3 2 9 1 6766 6767 6848 6847
7164 3 2 9 1 6767 6768 6849 6848
7165 3 2 9 1 6768 6769 6850 6849
7166 3 2 9 1 6769 6770 6851 6850
7167 3 2 9 1 6770 6771 6852 6851
7168 3 2 9 1 6771 6772 6853 6852
7169 3 2 9 1 6772 6773 6854 6853
7170 3 2 9 1 6773 6774 6855 6854
7171 3 2 9 1 6774 6775 6856 6855
7172 3 2 9 1 6775 6776 6857 6856
7173 3 2 9 1 6776 6777 6858 6857
7174 3 2 9 1 6777 6778 6859 6858
7175 3 2 9 1 6778 6779 6860 6859
7176 3 2 9 1 6779 6780 6861 6860
7177 3 2 9 1 6780 6781 6862 6861
7178 3 2 9 1 6781 6782 6863 6862
7179 3 2 9 1 6782 6783 6864 6863
7180 3 2 9 1 6783 6784 6865 6864
7181 3 2 9 1 6784 6785 6866 6865
7182 3 2 9 1 6785 6786 6867 6866
7183 3 2 9 1 6786 6787 6868 6867
7184 3 2 9 1 6787 6788 6869 6868
7185 3 2 9 1 6788 6789 6870 6869
7186 3 2 9 1 6789 6790 6871 6870
7187 3 2 9 1 6790 6791 6872 6871
7188 3 2 9 1 6791 6792 6873 6872
7189 3 2 9 1 6792 6793 6874 6873
7190 3 2 9 1 6793 6794 6875 6874
7191 3 2 9 1 6794 6795 6876 6875
7192 3 2 9 1 6795 6796 6877 6876
7193 3 2 9 1 6796 6797 6878 6877
7194 3 2 9 1 6797 6798 6879 6878
7195 3 2 9 1 6798 6799 6880 6879
7196 3 2 9 1 6799 6800 6881 6880
7197 3 2 9 1 6800 6801 6882 6881
7198 3 2 9 1 6801 6802 6883 6882
7199 3 2 9 1 6802 6803 6884 6883
7200 3 2 9 1 6803 6804 6885 6884
7201 3 2 9 1 6805 6806 6887 6886
7202 3 2 9 1 6806 6807 6888 6887
7203 3 2 9 1 6807 6808 6889 6888
7204 3 2 9 1 6808 6809 6890 6889
7205 3 2 9 1 6809 6810 6891 6890
7206 3 2 9 1 6810 6811 6892 6891
7207 3 2 9 1 6811 6812 6893 6892
7208 3 2 9 1 6812 6813 6894 6893
7209 3 2 9 1 6813 6814 6895 6894
7210 3 2 9 1 6814 6815 6896 6895
7211 3 2 9 1 6815 6816 6897 6896
7212 3 2 9 1 6816 6817 6898 6897
7213 3 2 9 1 6817 6818 6899 6898
7214 3 2 9 1 6818 6819 6900 6899
7215 3 2 9 1 6819 6820 6901 6900
7216 3 2 9 1 6820 6821 6902 6901
7217 3 2 9 1 6821 6822 6903 6902
7218 3 2 9 1 6822 6823 6904 6903
7219 3 2 9 1 6823 6824 6905 6904
7220 3 2 9 1 6824 6825 6906 6905
7221 3 2 9 1 6825 6826 6907 6906
7222 3 2 9 1 6826 6827 6908 6907
7223 3 2 9 1 6827 6828 6909 6908
7224 3 2 9 1 6828 6829 6910 6909
7225 3 2 9 1 6829 6830 6911 6910
7226 3 2 9 1 6830 6831 6912 6911
7227 3 2 9 1 6831 6832 6913 6912
7228 3 2 9 1 6832 6833 6914 6913
7229 3 2 9 1 6833 6834 6915 6914
7230 3 2 9 1 6834 6835 6916 6915
7231 3 2 9 1 6835 6836 6917 6916
7232 3 2 9 1 6836 6837 6918 6917
7233 3 2 9 1 6837 6838 6919 6918
7234 3 2 9 1 6838 6839 6920 6919
7235 3 2 9 1 6839 6840 6921 6920
7236 3 2 9 1 6840 6841 6922 6921
7237 3 2 9 1 6841 6842 6923 6922
7238 3 2 9 1 6842 6843 6924 6923
7239 3 2 9 1 6843 6844 6925 6924
7240 3 2 9 1 6844 6845 6926 6925
7241 3 2 9 1 6845 6846 6927 6926
7242 3 2 9 1 6846 6847 6928 6927
7243 3 2 9 1 6847 6848 6929 6928
7244 3 2 9 1 6848 6849 6930 6929
7245 3 2 9 1 6849 6850 6931 6930
7246 3 2 9 1 6850 6851 6932 6931
7247 3 2 9 1 6851 6852 6933 6932
7248 3 2 9 1 6852 6853 6934 6933
7249 3 2 9 1 6853 6854 6935 6934
7250 3 2 9 1 6854 6855 6936 6935
7251 3 2 9 1 6855 6856 6937 6936
7252 3 2 9 1 6856 6857 6938 6937
7253 3 2 9 1 6857 6858 6939 6938
7254 3 2 9 1 6858 6859 6940 6939
7255 3 2 9 1 6859 6860 6941 6940
7256 3 2 9 1 6860 6861 6942 6941
7257 3 2 9 1 6861 6862 6943 6942
7258 3 2 9 1 6862 6863 6944 6943
7259 3 2 9 1 6863 6864 6945 6944
7260 3 2 9 1 6864 6865 6946 6945
7261 3 2 9 1 6865 6866 6947 6946
7262 3 2 9 1 6866 6867 6948 6947
7263 3 2 9 1 6867 6868 6949 6948
7264 3 2 9 1 6868 6869 6950 6949
7265 3 2 9 1 6869 6870 6951 6950
7266 3 2 9 1 6870 6871 6952 6951
7267 3 2 9 1 6871 6872 6953 6952
7268 3 2 9 1 6872 6873 6954 6953
7269 3 2 9 1 6873 6874 6955 6954
7270 3 2 9 1 6874 6875 6956 6955
7271 3 2 9 1 6875 6876 6957 6956
7272 3 2 9 1 6876 6877 6958 6957
7273 3 2 9 1 6877 6878 6959 6958
7274 3 2 9 1 6878 6879 6960 6959
7275 3 2 9 1 6879 6880 6961 6960
7276 3 2 9 1 6880 6881 6962 6961
7277 3 2 9 1 6881 6882 6963 6962
7278 3 2 9 1 6882 6883 6964 6963
7279 3 2 9 1 6883 6884 6965 6964
7280 3 2 9 1 6884 6885 6966 6965
7281 3 2 9 1 6886 6887 6968 6967
7282 3 2 9 1 6887 6888 6969 6968
7283 3 2 9 1 6888 6889 6970 6969
7284 3 2 9 1 6889 6890 6971 6970
7285 3 2 9 1 6890 6891 6972 6971
7286 3 2 9 1 6891 6892 6973 6972
7287 3 2 9 1 6892 6893 6974 6973
7288 3 2 9 1 6893 6894 6975 6974
7289 3 2 9 1 6894 6895 6976 6975
7290 3 2 9 1 6895 6896 6977 6976
7291 3 2 9 1 6896 6897 6978 6977
7292 3 2 9 1 6897 6898 6979 6978
7293 3 2 9 1 6898 6899 6980 6979
7294 3 2 9 1 6899 6900 6981 6980
7295 3 2 9 1 6900 6901 6982 6981
7296 3 2 9 1 6901 6902 6983 6982
7297 3 2 9 1 6902 6903 6984 6983
7298 3 2 9 1 6903 6904 6985 6984
7299 3 2 9 1 6904 6905 6986 6985
7300 3 2 9 1 6905 6906 6987 6986
7301 3 2 9 1 6906 6907 6988 6987
7302 3 2 9 1 6907 6908 6989 6988
7303 3 2 9 1 6908 6909 6990 6989
7304 3 2 9 1 6909 6910 6991 6990
7305 3 2 9 1 6910 6911 6992 6991
7306 3 2 9 1 6911 6912 6993 6992
7307 3 2 9 1 6912 6913 6994 6993
7308 3 2 9 1 6913 6914 6995 6994
7309 3 2 9 1 6914 6915 6996 6995
7310 3 2 9 1 6915 6916 6997 6996
7311 3 2 9 1 6916 6917 6998 6997
7312 3 2 9 1 6917 6918 6999 6998
7313 3 2 9 1 6918 6919 7000 6999
7314 3 2 9 1 6919 6920 7001 7000
7315 3 2 9 1 6920 6921 7002 7001
7316 3 2 9 1 6921 6922 7003 7002
7317 3 2 9 1 6922 6923 7004 7003
7318 3 2 9 1 6923 6924 7005 7004
7319 3 2 9 1 6924 6925 7006 7005
7320 3 2 9 1 6925 6926 7007 7006
7321 3 2 9 1 6926 6927 7008 7007
7322 3 2 9 1 6927 6928 7009 7008
7323 3 2 9 1 6928 6929 7010 7009
7324 3 2 9 1 6929 6930 7011 7010
7325 3 2 9 1 6930 6931 7012 7011
7326 3 2 9 1 6931 6932 7013 7012
7327 3 2 9 1 6932 6933 7014 7013
7328 3 2 9 1 6933 6934 7015 7014
7329 3 2 9 1 6934 6935 7016 7015
7330 3 2 9 1 6935 6936 7017 7016
7331 3 2 9 1 6936 6937 7018 7017
7332 3 2 9 1 6937 6938 7019 7018
7333 3 2 9 1 6938 6939 7020 7019
7334 3 2 9 1 6939 6940 7021 7020
7335 3 2 9 1 6940 6941 7022 7021
7336 3 2 9 1 6941 6942 7023 7022
7337 3 2 9 1 6942 6943 7024 7023
7338 3 2 9 1 6943 6944 7025 7024
7339 3 2 9 1 6944 6945 7026 7025
7340 3 2 9 1 6945 6946 7027 7026
7341 3 2 9 1 6946 6947 7028 7027
7342 3 2 9 1 6947 6948 7029 7028
7343 3 2 9 1 6948 6949 7030 7029
7344 3 2 9 1 6949 6950 7031 7030
7345 3 2 9 1 6950 6951 7032 7031
7346 3 2 9 1 6951 6952 7033 7032
7347 3 2 9 1 6952 6953 7034 7033
7348 3 2 9 1 6953 6954 7035 7034
7349 3 2 9 1 6954 6955 7036 7035
7350 3 2 9 1 6955 6956 7037 7036
7351 3 2 9 1 6956 6957 7038 7037
7352 3 2 9 1 6957 6958 7039 7038
7353 3 2 9 1 6958 6959 7040 7039
7354 3 2 9 1 6959 6960 7041 7040
7355 3 2 9 1 6960 6961 7042 7041
7356 3 2 9 1 6961 6962 7043 7042
7357 3 2 9 1 6962 6963 7044 7043
7358 3 2 9 1 6963 6964 7045 7044
7359 3 2 9 1 6964 6965 7046 7045
7360 3 2 9 1 6965 6966 7047 7046
7361 3 2 9 1 6967 6968 7049 7048
7362 3 2 9 1 6968 6969 7050 7049
7363 3 2 9 1 6969 6970 7051 7050
7364 3 2 9 1 6970 6971 7052 7051
7365 3 2 9 1 6971 6972 7053 7052
7366 3 2 9 1 6972 6973 7054 7053
7367 3 2 9 1 6973 6974 7055 7054
7368 3 2 9 1 6974 6975 7056 7055
7369 3 2 9 1 6975 6976 7057 7056
7370 3 2 9 1 6976 6977 7058 7057
7371 3 2 9 1 6977 6978 7059 7058
7372 3 2 9 1 6978 6979 7060 7059
7373 3 2 9 1 6979 6980 7061 7060
7374 3 2 9 1 6980 6981 7062 7061
7375 3 2 9 1 6981 6982 7063 7062
7376 3 2 9 1 6982 6983 7064 7063
7377 3 2 9 1 6983 6984 7065 7064
7378 3 2 9 1 6984 6985 7066 7065
7379 3 2 9 1 6985 6986 7067 7066
7380 3 2 9 1 6986 6987 7068 7067
7381 3 2 9 1 6987 6988 7069 7068
7382 3 2 9 1 6988 6989 7070 7069
7383 3 2 9 1 6989 6990 7071 7070
7384 3 2 9 1 6990 6991 7072 7071
7385 3 2 9 1 6991 6992 7073 7072
7386 3 2 9 1 6992 6993 7074 7073
7387 3 2 9 1 6993 6994 7075 7074
7388 3 2 9 1 6994 6995 7076 7075
7389 3 2 9 1 6995 6996 7077 7076
7390 3 2 9 1 6996 6997 7078 7077
7391 3 2 9 1 6997 6998 7079 7078
7392 3 2 9 1 6998 6999 7080 7079
7393 3 2 9 1 6999 7000 7081 7080
7394 3 2 9 1 7000 7001 7082 7081
7395 3 2 9 1 7001 7002 7083 7082
7396 3 2 9 1 7002 7003 7084 7083
7397 3 2 9 1 7003 7004 7085 7084
7398 3 2 9 1 7004 7005 7086 7085
7399 3 2 9 1 7005 7006 7087 7086
7400 3 2 9 1 7006 7007 7088 7087
7401 3 2 9 1 7007 7008 7089 7088
7402 3 2 9 1 7008 7009 7090 7089
7403 3 2 9 1 7009 7010 7091 7090
7404 3 2 9 1 7010 7011 7092 7091
7405 3 2 9 1 7011 7012 7093 7092
7406 3 2 9 1 7012 7013 7094 7093
7407 3 2 9 1 7013 7014 7095 7094
7408 3 2 9 1 7014 7015 7096 7095
7409 3 2 9 1 7015 7016 7097 7096
7410 3 2 9 1 7016 7017 7098 7097
7411 3 2 9 1 7017 7018 7099 7098
7412 3 2 9 1 7018 7019 7100 7099
7413 3 2 9 1 7019 7020 7101 7100
7414 3 2 9 1 7020 7021 7102 7101
7415 3 2 9 1 7021 7022 7103 7102
7416 3 2 9 1 7022 7023 7104 7103
7417 3 2 9 1 7023 7024 7105 7104
7418 3 2 9 1 7024 7025 7106 7105
7419 3 2 9 1 7025 7026 7107 7106
7420 3 2 9 1 7026 7027 7108 7107
7421 3 2 9 1 7027 7028 7109 7108
7422 3 2 9 1 7028 7029 7110 7109
7423 3 2 9 1 7029 7030 7111 7110
7424 3 2 9 1 7030 7031 7112 7111
7425 3 2 9 1 7031 7032 7113 7112
7426 3 2 9 1 7032 7033 7114 7113
7427 3 2 9 1 7033 7034 7115 7114
7428 3 2 9 1 7034 7035 7116 7115
7429 3 2 9 1 7035 7036 7117 7116
7430 3 2 9 1 7036 7037 7118 7117
7431 3 2 9 1 7037 7038 7119 7118
7432 3 2 9 1 7038 7039 7120 7119
7433 3 2 9 1 7039 7040 7121 7120
7434 3 2 9 1 7040 7041 7122 7121
7435 3 2 9 1 7041 7042 7123 7122
7436 3 2 9 1 7042 7043 7124 7123
7437 3 2 9 1 7043 7044 7125 7124
7438 3 2 9 1 7044 7045 7126 7125
7439 3 2 9 1 7045 7046 7127 7126
7440 3 2 9 1 7046 7047 7128 7127
7441 3 2 9 1 7048 7049 7130 7129
7442 3 2 9 1 7049 7050 7131 7130
7443 3 2 9 1 7050 7051 7132 7131
7444 3 2 9 1 7051 7052 7133 7132
7445 3 2 9 1 7052 7053 7134 7133
7446 3 2 9 1 7053 7054 7135 7134
7447 3 2 9 1 7054 7055 7136 7135
7448 3 2 9 1 7055 7056 7137 7136
7449 3 2 9 1 7056 7057 7138 7137
7450 3 2 9 1 7057 7058 7139 7138
7451 3 2 9 1 7058 7059 7140 7139
7452 3 2 9 1 7059 7060 7141 7140
7453 3 2 9 1 7060 7061 7142 7141
7454 3 2 9 1 7061 7062 7143 7142
7455 3 2 9 1 7062 7063 7144 7143
7456 3 2 9 1 7063 7064 7145 7144
7457 3 2 9 1 7064 7065 7146 7145
7458 3 2 9 1 7065 7066 7147 7146
7459 3 2 9 1 7066 7067 7148 7147
7460 3 2 9 1 7067 7068 7149 7148
7461 3 2 9 1 7068 7069 7150 7149
7462 3 2 9 1 7069 7070 7151 7150
7463 3 2 9 1 7070 7071 7152 7151
7464 3 2 9 1 7071 7072 7153 7152
7465 3 2 9 1 7072 7073 7154 7153
7466 3 2 9 1 7073 7074 7155 7154
7467 3 2 9 1 7074 7075 7156 7155
7468 3 2 9 1 7075 7076 7157 7156
7469 3 2 9 1 7076 7077 7158 7157
7470 3 2 9 1 7077 7078 7159 7158
7471 3 2 9 1 7078 7079 7160 7159
7472 3 2 9 1 7079 7080 7161 7160
7473 3 2 9 1 7080 7081 7162 7161
7474 3 2 9 1 7081 7082 7163 7162
7475 3 2 9 1 7082 7083 7164 7163
7476 3 2 9 1 7083 7084 7165 7164
7477 3 2 9 1 7084 7085 7166 7165
7478 3 2 9 1 7085 7086 7167 7166
7479 3 2 9 1 7086 7087 7168 7167
7480 3 2 9 1 7087 7088 7169 7168
7481 3 2 9 1 7088 7089 7170 7169
7482 3 2 9 1 7089 7090 7171 7170
7483 3 2 9 1 7090 7091 7172 7171
7484 3 2 9 1 7091 7092 7173 7172
7485 3 2 9 1 7092 7093 7174 7173
7486 3 2 9 1 7093 7094 7175 7174
7487 3 2 9 1 7094 7095 7176 7175
7488 3 2 9 1 7095 7096 7177 7176
7489 3 2 9 1 7096 7097 7178 7177
7490 3 2 9 1 7097 7098 7179 7178
7491 3 2 9 1 7098 7099 7180 7179
7492 3 2 9 1 7099 7100 7181 7180
7493 3 2 9 1 7100 7101 7182 7181
7494 3 2 9 1 7101 7102 7183 7182
7495 3 2 9 1 7102 7103 7184 7183
7496 3 2 9 1 7103 7104 7185 7184
7497 3 2 9 1 7104 7105 7186 7185
7498 3 2 9 1 7105 7106 7187 7186
7499 3 2 9 1 7106 7107 7188 7187
7500 3 2 9 1 7107 7108 7189 7188
7501 3 2 9 1 7108 7109 7190 7189
7502 3 2 9 1 7109 7110 7191 7190
7503 3 2 9 1 7110 7111 7192 7191
7504 3 2 9 1 7111 7112 7193 7192
7505 3 2 9 1 7112 7113 7194 7193
7506 3 2 9 1 7113 7114 7195 7194
7507 3 2 9 1 7114 7115 7196 7195
7508 3 2 9 1 7115 7116 7197 7196
7509 3 2 9 1 7116 7117 7198 7197
7510 3 2 9 1 7117 7118 7199 7198
7511 3 2 9 1 7118 7119 7200 7199
7512 3 2 9 1 7119 7120 7201 7200
7513 3 2 9 1 7120 7121 7202 7201
7514 3 2 9 1 7121 7122 7203 7202
7515 3 2 9 1 7122 7123 7204 7203
7516 3 2 9 1 7123 7124 7205 7204
7517 3 2 9 1 7124 7125 7206 7205
7518 3 2 9 1 7125 7126 7207 7206
7519 3 2 9 1 7126 7127 7208 7207
7520 3 2 9 1 7127 7128 7209 7208
7521 3 2 9 1 7129 7130 7211 7210
7522 3 2 9 1 7130 7131 7212 7211
7523 3 2 9 1 7131 7132 7213 7212
7524 3 2 9 1 7132 7133 7214 7213
7525 3 2 9 1 7133 7134 7215 7214
7526 3 2 9 1 7134 7135 7216 7215
7527 3 2 9 1 7135 7136 7217 7216
7528 3 2 9 1 7136 7137 7218 7217
7529 3 2 9 1 7137 7138 7219 7218
7530 3 2 9 1 7138 7139 7220 7219
7531 3 2 9 1 7139 7140 7221 7220
7532 3 2 9 1 7140 7141 7222 7221
7533 3 2 9 1 7141 7142 7223 7222
7534 3 2 9 1 7142 7143 7224 7223
7535 3 2 9 1 7143 7144 7225 7224
7536 3 2 9 1 7144 7145 7226 7225
7537 3 2 9 1 7145 7146 7227 7226
7538 3 2 9 1 7146 7147 7228 7227
7539 3 2 9 1 7147 7148 7229 7228
7540 3 2 9 1 7148 7149 7230 7229
7541 3 2 9 1 7149 7150 7231 7230
7542 3 2 9 1 7150 7151 7232 7231
7543 3 2 9 1 7151 7152 7233 7232
7544 3 2 9 1 7152 7153 7234 7233
7545 3 2 9 1 7153 7154 7235 7234
7546 3 2 9 1 7154 7155 7236 7235
7547 3 2 9 1 7155 7156 7237 7236
7548 3 2 9 1 7156 7157 7238 7237
7549 3 2 9 1 7157 7158 7239 7238
7550 3 2 9 1 7158 7159 7240 7239
7551 3 2 9 1 7159 7160 7241 7240
7552 3 2 9 1 7160 7161 7242 7241
7553 3 2 9 1 7161 7162 7243 7242
7554 3 2 9 1 7162 7163 7244 7243
7555 3 2 9 1 7163 7164 7245 7244
7556 3 2 9 1 7164 7165 7246 7245
7557 3 2 9 1 7165 7166 7247 7246
7558 3 2 9 1 7166 7167 7248 7247
7559 3 2 9 1 7167 7168 7249 7248
7560 3 2 9 1 7168 7169 7250 7249
7561 3 2 9 1 7169 7170 7251 7250
7562 3 2 9 1 7170 7171 7252 7251
7563 3 2 9 1 7171 7172 7253 7252
7564 3 2 9 1 7172 7173 7254 7253
7565 3 2 9 1 7173 7174 7255 7254
7566 3 2 9 1 7174 7175 7256 7255
7567 3 2 9 1 7175 7176 7257 7256
7568 3 2 9 1 7176 7177 7258 7257
7569 3 2 9 1 7177 7178 7259 7258
7570 3 2 9 1 7178 7179 7260 7259
7571 3 2 9 1 7179 7180 7261 7260
7572 3 2 9 1 7180 7181 7262 7261
7573 3 2 9 1 7181 7182 7263 7262
7574 3 2 9 1 7182 7183 7264 7263
7575 3 2 9 1 7183 7184 7265 7264
7576 3 2 9 1 7184 7185 7266 7265
7577 3 2 9 1 7185 7186 7267 7266
7578 3 2 9 1 7186 7187 7268 7267
7579 3 2 9 1 7187 7188 7269 7268
7580 3 2 9 1 7188 7189 7270 7269
7581 3 2 9 1 7189 7190 7271 7270
7582 3 2 9 1 7190 7191 7272 7271
7583 3 2 9 1 7191 7192 7273 7272
7584 3 2 9 1 7192 7193 7274 7273
7585 3 2 9 1 7193 7194 7275 7274
7586 3 2 9 1 7194 7195 7276 7275
7587 3 2 9 1 7195 7196 7277 7276
7588 3 2 9 1 7196 7197 7278 7277
7589 3 2 9 1 7197 7198 7279 7278
7590 3 2 9 1 7198 7199 7280 7279
7591 3 2 9 1 7199 7200 7281 7280
7592 3 2 9 1 7200 7201 7282 7281
7593 3 2 9 1 7201 7202 7283 7282
7594 3 2 9 1 7202 7203 7284 7283
7595 3 2 9 1 7203 7204 7285 7284
7596 3 2 9 1 7204 7205 7286 7285
7597 3 2 9 1 7205 7206 7287 7286
7598 3 2 9 1 7206 7207 7288 7287
7599 3 2 9 1 7207 7208 7289 7288
7600 3 2 9 1 7208 7209 7290 7289
7601 3 2 9 1 7210 7211 7292 7291
7602 3 2 9 1 7211 7212 7293 7292
7603 3 2 9 1 7212 7213 7294 7293
7604 3 2 9 1 7213 7214 7295 7294
7605 3 2 9 1 7214 7215 7296 7295
7606 3 2 9 1 7215 7216 7297 7296
7607 3 2 9 1 7216 7217 7298 7297
7608 3 2 9 1 7217 7218 7299 7298
7609 3 2 9 1 7218 7219 7300 7299
7610 3 2 9 1 7219 7220 7301 7300
7611 3 2 9 1 7220 7221 7302 7301
7612 3 2 9 1 7221 7222 7303 7302
7613 3 2 9 1 7222 7223 7304 7303
7614 3 2 9 1 7223 7224 7305 7304
7615 3 2 9 1 7224 7225 7306 7305
7616 3 2 9 1 7225 7226 7307 7306
7617 3 2 9 1 7226 7227 7308 7307
7618 3 2 9 1 7227 7228 7309 7308
7619 3 2 9 1 7228 7229 7310 7309
7620 3 2 9 1 7229 7230 7311 7310
7621 3 2 9 1 7230 7231 7312 7311
7622 3 2 9 1 7231 7232 7313 7312
7623 3 2 9 1 7232 7233 7314 7313
7624 3 2 9 1 7233 7234 7315 7314
7625 3 2 9 1 7234 7235 7316 7315
7626 3 2 9 1 7235 7236 7317 7316
7627 3 2 9 1 7236 7237 7318 7317
7628 3 2 9 1 7237 7238 7319 7318
7629 3 2 9 1 7238 7239 7320 7319
7630 3 2 9 1 7239 7240 7321 7320
7631 3 2 9 1 7240 7241 7322 7321
7632 3 2 9 1 7241 7242 7323 7322
7633 3 2 9 1 7242 7243 7324 7323
7634 3 2 9 1 7243 7244 7325 7324
7635 3 2 9 1 7244 7245 7326 7325
7636 3 2 9 1 7245 7246 7327 7326
7637 3 2 9 1 7246 7247 7328 7327
7638 3 2 9 1 7247 7248 7329 7328
7639 3 2 9 1 7248 7249 7330 7329
7640 3 2 9 1 7249 7250 7331 7330
7641 3 2 9 1 7250 7251 7332 7331
7642 3 2 9 1 7251 7252 7333 7332
7643 3 2 9 1 7252 7253 7334 7333
7644 3 2 9 1 7253 7254 7335 7334
7645 3 2 9 1 7254 7255 7336 7335
7646 3 2 9 1 7255 7256 7337 7336
7647 3 2 9 1 7256 7257 7338 7337
7648 3 2 9 1 7257 7258 7339 7338
7649 3 2 9 1 7258 7259 7340 7339
7650 3 2 9 1 7259 7260 7341 7340
7651 3 2 9 1 7260 7261 7342 7341
7652 3 2 9 1 7261 7262 7343 7342
7653 3 2 9 1 7262 7263 7344 7343
7654 3 2 9 1 7263 7264 7345 7344
7655 3 2 9 1 7264 7265 7346 7345
7656 3 2 9 1 7265 7266 7347 7346
7657 3 2 9 1 7266 7267 7348 7347
7658 3 2 9 1 7267 7268 7349 7348
7659 3 2 9 1 7268 7269 7350 7349
7660 3 2 9 1 7269 7270 7351 7350
7661 3 2 9 1 7270 7271 7352 7351
7662 3 2 9 1 7271 7272 7353 7352
7663 3 2 9 1 7272 7273 7354 7353
7664 3 2 9 1 7273 7274 7355 7354
7665 3 2 9 1 7274 7275 7356 7355
7666 3 2 9 1 7275 7276 7357 7356
7667 3 2 9 1 7276 7277 7358 7357
7668 3 2 9 1 7277 7278 7359 7358
7669 3 2 9 1 7278 7279 7360 7359
7670 3 2 9 1 7279 7280 7361 7360
7671 3 2 9 1 7280 7281 7362 7361
7672 3 2 9 1 7281 7282 7363 7362
7673 3 2 9 1 7282 7283 7364 7363
7674 3 2 9 1 7283 7284 7365 7364
7675 3 2 9 1 7284 7285 7366 7365
7676 3 2 9 1 7285 7286 7367 7366
7677 3 2 9 1 7286 7287 7368 7367
7678 3 2 9 1 7287 7288 7369 7368
7679 3 2 9 1 7288 7289 7370 7369
7680 3 2 9 1 7289 7290 7371 7370
7681 3 2 9 1 7291 7292 7373 7372
7682 3 2 9 1 7292 7293 7374 7373
7683 3 2 9 1 7293 7294 7375 7374
7684 3 2 9 1 7294 7295 7376 7375
7685 3 2 9 1 7295 7296 7377 7376
7686 3 2 9 1 7296 7297 7378 7377
7687 3 2 9 1 7297 7298 7379 7378
7688 3 2 9 1 7298 7299 7380 7379
7689 3 2 9 1 7299 7300 7381 7380
7690 3 2 9 1 7300 7301 7382 7381
7691 3 2 9 1 7301 7302 7383 7382
7692 3 2 9 1 7302 7303 7384 7383
7693 3 2 9 1 7303 7304 7385 7384
7694 3 2 9 1 7304 7305 7386 7385
7695 3 2 9 1 7305 7306 7387 7386
7696 3 2 9 1 7306 7307 7388 7387
7697 3 2 9 1 7307 7308 7389 7388
7698 3 2 9 1 7308 7309 7390 7389
7699 3 2 9 1 7309 7310 7391 7390
7700 3 2 9 1 7310 7311 7392 7391
7701 3 2 9 1 7311 7312 7393 7392
7702 3 2 9 1 7312 7313 7394 7393
7703 3 2 9 1 7313 7314 7395 7394
7704 3 2 9 1 7314 7315 7396 7395
7705 3 2 9 1 7315 7316 7397 7396
7706 3 2 9 1 7316 7317 7398 7397
7707 3 2 9 1 7317 7318 7399 7398
7708 3 2 9 1 7318 7319 7400 7399
7709 3 2 9 1 7319 7320 7401 7400
7710 3 2 9 1 7320 7321 7402 7401
7711 3 2 9 1 7321 7322 7403 7402
7712 3 2 9 1 7322 7323 7404 7403
7713 3 2 9 1 7323 7324 7405 7404
7714 3 2 9 1 7324 7325 7406 7405
7715 3 2 9 1 7325 7326 7407 7406
7716 3 2 9 1 7326 7327 7408 7407
7717 3 2 9 1 7327 7328 7409 7408
7718 3 2 9 1 7328 7329 7410 7409
7719 3 2 9 1 7329 7330 7411 7410
7720 3 2 9 1 7330 7331 7412 7411
7721 3 2 9 1 7331 7332 7413 7412
7722 3 2 9 1 7332 7333 7414 7413
7723 3 2 9 1 7333 7334 7415 7414
7724 3 2 9 1 7334 7335 7416 7415
7725 3 2 9 1 7335 7336 7417 7416
7726 3 2 9 1 7336 7337 7418 7417
7727 3 2 9 1 7337 7338 7419 7418
7728 3 2 9 1 7338 7339 7420 7419
7729 3 2 9 1 7339 7340 7421 7420
7730 3 2 9 1 7340 7341 7422 7421
7731 3 2 9 1 7341 7342 7423 7422
7732 3 2 9 1 7342 7343 7424 7423
7733 3 2 9 1 7343 7344 7425 7424
7734 3 2 9 1 7344 7345 7426 7425
7735 3 2 9 1 7345 7346 7427 7426
7736 3 2 9 1 7346 7347 7428 7427
7737 3 2 9 1 7347 7348 7429 7428
7738 3 2 9 1 7348 7349 7430 7429
7739 3 2 9 1 7349 7350 7431 7430
7740 3 2 9 1 7350 7351 7432 7431
7741 3 2 9 1 7351 7352 7433 7432
7742 3 2 9 1 7352 7353 7434 7433
7743 3 2 9 1 7353 7354 7435 7434
7744 3 2 9 1 7354 7355 7436 7435
7745 3 2 9 1 7355 7356 7437 7436
7746 3 2 9 1 7356 7357 7438 7437
7747 3 2 9 1 7357 7358 7439 7438
7748 3 2 9 1 7358 7359 7440 7439
7749 3 2 9 1 7359 7360 7441 7440
7750 3 2 9 1 7360 7361 7442 7441
7751 3 2 9 1 7361 7362 7443 7442
7752 3 2 9 1 7362 7363 7444 7443
7753 3 2 9 1 7363 7364 7445 7444
7754 3 2 9 1 7364 7365 7446 7445
7755 3 2 9 1 7365 7366 7447 7446
7756 3 2 9 1 7366 7367 7448 7447
7757 3 2 9 1 7367 7368 7449 7448
7758 3 2 9 1 7368 7369 7450 7449
7759 3 2 9 1 7369 7370 7451 7450
7760 3 2 9 1 7370 7371 7452 7451
7761 3 2 9 1 7372 7373 7454 7453
7762 3 2 9 1 7373 7374 7455 7454
7763 3 2 9 1 7374 7375 7456 7455
7764 3 2 9 1 7375 7376 7457 7456
7765 3 2 9 1 7376 7377 7458 7457
7766 3 2 9 1 7377 7378 7459 7458
7767 3 2 9 1 7378 7379 7460 7459
7768 3 2 9 1 7379 7380 7461 7460
7769 3 2 9 1 7380 7381 7462 7461
7770 3 2 9 1 7381 7382 7463 7462
7771 3 2 9 1 7382 7383 7464 7463
7772 3 2 9 1 7383 7384 7465 7464
7773 3 2 9 1 7384 7385 7466 7465
7774 3 2 9 1 7385 7386 7467 7466
7775 3 2 9 1 7386 7387 7468 7467
7776 3 2 9 1 7387 7388 7469 7468
7777 3 2 9 1 7388 7389 7470 7469
7778 3 2 9 1 7389 7390 7471 7470
7779 3 2 9 1 7390 7391 7472 7471
7780 3 2 9 1 7391 7392 7473 7472
7781 3 2 9 1 7392 7393 7474 7473
7782 3 2 9 1 7393 7394 7475 7474
7783 3 2 9 1 7394 7395 7476 7475
7784 3 2 9 1 7395 7396 7477 7476
7785 3 2 9 1 7396 7397 7478 7477
7786 3 2 9 1 7397 7398 7479 7478
7787 3 2 9 1 7398 7399 7480 7479
7788 3 2 9 1 7399 7400 7481 7480
7789 3 2 9 1 7400 7401 7482 7481
7790 3 2 9 1 7401 7402 7483 7482
7791 3 2 9 1 7402 7403 7484 7483
7792 3 2 9 1 7403 7404 7485 7484
7793 3 2 9 1 7404 7405 7486 7485
7794 3 2 9 1 7405 7406 7487 7486
7795 3 2 9 1 7406 7407 7488 7487
7796 3 2 9 1 7407 7408 7489 7488
7797 3 2 9 1 7408 7409 7490 7489
7798 3 2 9 1 7409 7410 7491 7490
7799 3 2 9 1 7410 7411 7492 7491
7800 3 2 9 1 7411 7412 7493 7492
7801 3 2 9 1 7412 7413 7494 7493
7802 3 2 9 1 7413 7414 7495 7494
7803 3 2 9 1 7414 7415 7496 7495
7804 3 2 9 1 7415 7416 7497 7496
7805 3 2 9 1 7416 7417 7498 7497
7806 3 2 9 1 7417 7418 7499 7498
7807 3 2 9 1 7418 7419 7500 7499
7808 3 2 9 1 7419 7420 7501 7500
7809 3 2 9 1 7420 7421 7502 7501
7810 3 2 9 1 7421 7422 7503 7502
7811 3 2 9 1 7422 7423 7504 7503
7812 3 2 9 1 7423 7424 7505 7504
7813 3 2 9 1 7424 7425 7506 7505
7814 3 2 9 1 7425 7426 7507 7506
7815 3 2 9 1 7426 7427 7508 7507
7816 3 2 9 1 7427 7428 7509 7508
7817 3 2 9 1 7428 7429 7510 7509
7818 3 2 9 1 7429 7430 7511 7510
7819 3 2 9 1 7430 7431 7512 7511
7820 3 2 9 1 7431 7432 7513 7512
7821 3 2 9 1 7432 7433 7514 7513
7822 3 2 9 1 7433 7434 7515 7514
7823 3 2 9 1 7434 7435 7516 7515
7824 3 2 9 1 7435 7436 7517 7516
7825 3 2 9 1 7436 7437 7518 7517
7826 3 2 9 1 7437 7438 7519 7518
7827 3 2 9 1 7438 7439 7520 7519
7828 3 2 9 1 7439 7440 7521 7520
7829 3 2 9 1 7440 7441 7522 7521
7830 3 2 9 1 7441 7442 7523 7522
7831 3 2 9 1 7442 7443 7524 7523
7832 3 2 9 1 7443 7444 7525 7524
7833 3 2 9 1 7444 7445 7526 7525
7834 3 2 9 1 7445 7446 7527 7526
7835 3 2 9 1 7446 7447 7528 7527
7836 3 2 9 1 7447 7448 7529 7528
7837 3 2 9 1 7448 7449 7530 7529
7838 3 2 9 1 7449 7450 7531 7530
7839 3 2 9 1 7450 7451 7532 7531
7840 3 2 9 1 7451 7452 7533 7532
7841 3 2 9 1 7453 7454 7535 7534
7842 3 2 9 1 7454 7455 7536 7535
7843 3 2 9 1 7455 7456 7537 7536
7844 3 2 9 1 7456 7457 7538 7537
7845 3 2 9 1 7457 7458 7539 7538
7846 3 2 9 1 7458 7459 7540 7539
7847 3 2 9 1 7459 7460 7541 7540
7848 3 2 9 1 7460 7461 7542 7541
7849 3 2 9 1 7461 7462 7543 7542
7850 3 2 9 1 7462 7463 7544 7543
7851 3 2 9 1 7463 7464 7545 7544
7852 3 2 9 1 7464 7465 7546 7545
7853 3 2 9 1 7465 7466 7547 7546
7854 3 2 9 1 7466 7467 7548 7547
7855 3 2 9 1 7467 7468 7549 7548
7856 3 2 9 1 7468 7469 7550 7549
7857 3 2 9 1 7469 7470 7551 7550
7858 3 2 9 1 7470 7471 7552 7551
7859 3 2 9 1 7471 7472 7553 7552
7860 3 2 9 1 7472 7473 7554 7553
7861 3 2 9 1 7473 7474 7555 7554
7862 3 2 9 1 7474 7475 7556 7555
7863 3 2 9 1 7475 7476 7557 7556
7864 3 2 9 1 7476 7477 7558 7557
7865 3 2 9 1 7477 7478 7559 7558
7866 3 2 9 1 7478 7479 7560 7559
7867 3 2 9 1 7479 7480 7561 7560
7868 3 2 9 1 7480 7481 7562 7561
7869 3 2 9 1 7481 7482 7563 7562
7870 3 2 9 1 7482 7483 7564 7563
7871 3 2 9 1 7483 7484 7565 7564
7872 3 2 9 1 7484 7485 7566 7565
7873 3 2 9 1 7485 7486 7567 7566
7874 3 2 9 1 7486 7487 7568 7567
7875 3 2 9 1 7487 7488 7569 7568
7876 3 2 9 1 7488 7489 7570 7569
7877 3 2 9 1 7489 7490 7571 7570
7878 3 2 9 1 7490 7491 7572 7571
7879 3 2 9 1 7491 7492 7573 7572
7880 3 2 9 1 7492 7493 7574 7573
7881 3 2 9 1 7493 7494 7575 7574
7882 3 2 9 1 7494 7495 7576 7575
7883 3 2 9 1 7495 7496 7577 7576
7884 3 2 9 1 7496 7497 7578 7577
7885 3 2 9 1 7497 7498 7579 7578
7886 3 2 9 1 7498 7499 7580 7579
7887 3 2 9 1 7499 7500 7581 7580
7888 3 2 9 1 7500 7501 7582 7581
7889 3 2 9 1 7501 7502 7583 7582
7890 3 2 9 1 7502 7503 7584 7583
7891 3 2 9 1 7503 7504 7585 7584
7892 3 2 9 1 7504 7505 7586 7585
7893 3 2 9 1 7505 7506 7587 7586
7894 3 2 9 1 7506 7507 7588 7587
7895 3 2 9 1 7507 7508 7589 7588
7896 3 2 9 1 7508 7509 7590 7589
7897 3 2 9 1 7509 7510 7591 7590
7898 3 2 9 1 7510 7511 7592 7591
7899 3 2 9 1 7511 7512 7593 7592
7900 3 2 9 1 7512 7513 7594 7593
7901 3 2 9 1 7513 7514 7595 7594
7902 3 2 9 1 7514 7515 7596 7595
7903 3 2 9 1 7515 7516 7597 7596
7904 3 2 9 1 7516 7517 7598 7597
7905 3 2 9 1 7517 7518 7599 7598
7906 3 2 9 1 7518 7519 7600 7599
7907 3 2 9 1 7519 7520 7601 7600
7908 3 2 9 1 7520 7521 7602 7601
7909 3 2 9 1 7521 7522 7603 7602
7910 3 2 9 1 7522 7523 7604 7603
7911 3 2 9 1 7523 7524 7605 7604
7912 3 2 9 1 7524 7525 7606 7605
7913 3 2 9 1 7525 7526 7607 7606
7914 3 2 9 1 7526 7527 7608 7607
7915 3 2 9 1 7527 7528 7609 7608
7916 3 2 9 1 7528 7529 7610 7609
7917 3 2 9 1 7529 7530 7611 7610
7918 3 2 9 1 7530 7531 7612 7611
7919 3 2 9 1 7531 7532 7613 7612
7920 3 2 9 1 7532 7533 7614 7613
7921 3 2 9 1 7534 7535 7616 7615
7922 3 2 9 1 7535 7536 7617 7616
7923 3 2 9 1 7536 7537 7618 7617
7924 3 2 9 1 7537 7538 7619 7618
7925 3 2 9 1 7538 7539 7620 7619
7926 3 2 9 1 7539 7540 7621 7620
7927 3 2 9 1 7540 7541 7622 7621
7928 3 2 9 1 7541 7542 7623 7622
7929 3 2 9 1 7542 7543 7624 7623
7930 3 2 9 1 7543 7544 7625 7624
7931 3 2 9 1 7544 7545 7626 7625
7932 3 2 9 1 7545 7546 7627 7626
7933 3 2 9 1 7546 7547 7628 7627
7934 3 2 9 1 7547 7548 7629 7628
7935 3 2 9 1 7548 7549 7630 7629
7936 3 2 9 1 7549 7550 7631 7630
7937 3 2 9 1 7550 7551 7632 7631
7938 3 2 9 1 7551 7552 7633 7632
7939 3 2 9 1 7552 7553 7634 7633
7940 3 2 9 1 7553 7554 7635 7634
7941 3 2 9 1 7554 7555 7636 7635
7942 3 2 9 1 7555 7556 7637 7636
7943 3 2 9 1 7556 7557 7638 7637
7944 3 2 9 1 7557 7558 7639 7638
7945 3 2 9 1 7558 7559 7640 7639
7946 3 2 9 1 7559 7560 7641 7640
7947 3 2 9 1 7560 7561 7642 7641
7948 3 2 9 1 7561 7562 7643 7642
7949 3 2 9 1 7562 7563 7644 7643
7950 3 2 9 1 7563 7564 7645 7644
7951 3 2 9 1 7564 7565 7646 7645
7952 3 2 9 1 7565 7566 7647 7646
7953 3 2 9 1 7566 7567 7648 7647
7954 3 2 9 1 7567 7568 7649 7648
7955 3 2 9 1 7568 7569 7650 7649
7956 3 2 9 1 7569 7570 7651 7650
7957 3 2 9 1 7570 7571 7652 7651
7958 3 2 9 1 7571 7572 7653 7652
7959 3 2 9 1 7572 7573 7654 7653
7960 3 2 9 1 7573 7574 7655 7654
7961 3 2 9 1 7574 7575 7656 7655
7962 3 2 9 1 7575 7576 7657 7656
7963 3 2 9 1 7576 7577 7658 7657
7964 3 2 9 1 7577 7578 7659 7658
7965 3 2 9 1 7578 7579 7660 7659
7966 3 2 9 1 7579 7580 7661 7660
7967 3 2 9 1 7580 7581 7662 7661
7968 3 2 9 1 7581 7582 7663 7662
7969 3 2 9 1 7582 7583 7664 7663
7970 3 2 9 1 7583 7584 7665 7664
7971 3 2 9 1 7584 7585 7666 7665
7972 3 2 9 1 7585 7586 7667 7666
7973 3 2 9 1 7586 7587 7668 7667
7974 3 2 9 1 7587 7588 7669 7668
7975 3 2 9 1 7588 7589 7670 7669
7976 3 2 9 1 7589 7590 7671 7670
7977 3 2 9 1 7590 7591 7672 7671
7978 3 2 9 1 7591 7592 7673 7672
7979 3 2 9 1 7592 7593 7674 7673
7980 3 2 9 1 7593 7594 7675 7674
7981 3 2 9 1 7594 7595 7676 7675
7982 3 2 9 1 7595 7596 7677 7676
7983 3 2 9 1 7596 7597 7678 7677
7984 3 2 9 1 7597 7598 7679 7678
7985 3 2 9 1 7598 7599 7680 7679
7986 3 2 9 1 7599 7600 7681 7680
7987 3 2 9 1 7600 7601 7682 7681
7988 3 2 9 1 7601 7602 7683 7682
7989 3 2 9 1 7602 7603 7684 7683
7990 3 2 9 1 7603 7604 7685 7684
7991 3 2 9 1 7604 7605 7686 7685
7992 3 2 9 1 7605 7606 7687 7686
7993 3 2 9 1 7606 7607 7688 7687
7994 3 2 9 1 7607 7608 7689 7688
7995 3 2 9 1 7608 7609 7690 7689
7996 3 2 9 1 7609 7610 7691 7690
7997 3 2 9 1 7610 7611 7692 7691
7998 3 2 9 1 7611 7612 7693 7692
7999 3 2 9 1 7612 7613 7694 7693
8000 3 2 9 1 7613 7614 7695 7694
8001 3 2 9 1 7615 7616 7697 7696
8002 3 2 9 1 7616 7617 7698 7697
8003 3 2 9 1 7617 7618 7699 7698
8004 3 2 9 1 7618 7619 7700 7699
8005 3 2 9 1 7619 7620 7701 7700
8006 3 2 9 1 7620 7621 7702 7701
8007 3 2 9 1 7621 7622 7703 7702
8008 3 2 9 1 7622 7623 7704 7703
8009 3 2 9 1 7623 7624 7705 7704
8010 3 2 9 1 7624 7625 7706 7705
8011 3 2 9 1 7625 7626 7707 7706
8012 3 2 9 1 7626 7627 7708 7707
8013 3 2 9 1 7627 7628 7709 7708
8014 3 2 9 1 7628 7629 7710 7709
8015 3 2 9 1 7629 7630 7711 7710
8016 3 2 9 1 7630 7631 7712 7711
8017 3 2 9 1 7631 7632 7713 7712
8018 3 2 9 1 7632 7633 7714 7713
8019 3 2 9 1 7633 7634 7715 7714
8020 3 2 9 1 7634 7635 7716 7715
8021 3 2 9 1 7635 7636 7717 7716
8022 3 2 9 1 7636 7637 7718 7717
8023 3 2 9 1 7637 7638 7719 7718
8024 3 2 9 1 7638 7639 7720 7719
8025 3 2 9 1 7639 7640 7721 7720
8026 3 2 9 1 7640 7641 7722 7721
8027 3 2 9 1 7641 7642 7723 7722
8028 3 2 9 1 7642 7643 7724 7723
8029 3 2 9 1 7643 7644 7725 7724
8030 3 2 9 1 7644 7645 7726 7725
8031 3 2 9 1 7645 7646 7727 7726
8032 3 2 9 1 7646 7647 7728 7727
8033 3 2 9 1 7647 7648 7729 7728
8034 3 2 9 1 7648 7649 7730 7729
8035 3 2 9 1 7649 7650 7731 7730
8036 3 2 9 1 7650 7651 7732 7731
8037 3 2 9 1 7651 7652 7733 7732
8038 3 2 9 1 7652 7653 7734 7733
8039 3 2 9 1 7653 7654 7735 7734
8040 3 2 9 1 7654 7655 7736 7735
8041 3 2 9 1 7655 7656 7737 7736
8042 3 2 9 1 7656 7657 7738 7737
8043 3 2 9 1 7657 7658 7739 7738
8044 3 2 9 1 7658 7659 7740 7739
8045 3 2 9 1 7659 7660 7741 7740
8046 3 2 9 1 7660 7661 7742 7741
8047 3 2 9 1 7661 7662 7743 7742
8048 3 2 9 1 7662 7663 7744 7743
8049 3 2 9 1 7663 7664 7745 7744
8050 3 2 9 1 7664 7665 7746 7745
8051 3 2 9 1 7665 7666 7747 7746
8052 3 2 9 1 7666 7667 7748 7747
8053 3 2 9 1 7667 7668 7749 7748
8054 3 2 9 1 7668 7669 7750 7749
8055 3 2 9 1 7669 7670 7751 7750
8056 3 2 9 1 7670 7671 7752 7751
8057 3 2 9 1 7671 7672 7753 7752
8058 3 2 9 1 7672 7673 7754 7753
8059 3 2 9 1 7673 7674 7755 7754
8060 3 2 9 1 7674 7675 7756 7755
8061 3 2 9 1 7675 7676 7757 7756
8062 3 2 9 1 7676 7677 7758 7757
8063 3 2 9 1 7677 7678 7759 7758
8064 3 2 9 1 7678 7679 7760 7759
8065 3 2 9 1 7679 7680 7761 7760
8066 3 2 9 1 7680 7681 7762 7761
8067 3 2 9 1 7681 7682 7763 7762
8068 3 2 9 1 7682 7683 7764 7763
8069 3 2 9 1 7683 7684 7765 7764
8070 3 2 9 1 7684 7685 7766 7765
8071 3 2 9 1 7685 7686 7767 7766
8072 3 2 9 1 7686 7687 7768 7767
8073 3 2 9 1 7687 7688 7769 7768
8074 3 2 9 1 7688 7689 7770 7769
8075 3 2 9 1 7689 7690 7771 7770
8076 3 2 9 1 7690 7691 7772 7771
8077 3 2 9 1 7691 7692 7773 7772
8078 3 2 9 1 7692 7693 7774 7773
8079 3 2 9 1 7693 7694 7775 7774
8080 3 2 9 1 7694 7695 7776 7775
8081 3 2 9 1 7696 7697 7778 7777
8082 3 2 9 1 7697 7698 7779 7778
8083 3 2 9 1 7698 7699 7780 7779
8084 3 2 9 1 7699 7700 7781 7780
8085 3 2 9 1 7700 7701 7782 7781
8086 3 2 9 1 7701 7702 7783 7782
8087 3 2 9 1 7702 7703 7784 7783
8088 3 2 9 1 7703 7704 7785 7784
8089 3 2 9 1 7704 7705 7786 7785
8090 3 2 9 1 7705 7706 7787 7786
8091 3 2 9 1 7706 7707 7788 7787
8092 3 2 9 1 7707 7708 7789 7788
8093 3 2 9 1 7708 7709 7790 7789
8094 3 2 9 1 7709 7710 7791 7790
8095 3 2 9 1 7710 7711 7792 7791
8096 3 2 9 1 7711 7712 7793 7792
8097 3 2 9 1 7712 7713 7794 7793
8098 3 2 9 1 7713 7714 7795 7794
8099 3 2 9 1 7714 7715 7796 7795
8100 3 2 9 1 7715 7716 7797 7796
8101 3 2 9 1 7716 7717 7798 7797
8102 3 2 9 1 7717 7718 7799 7798
8103 3 2 9 1 7718 7719 7800 7799
8104 3 2 9 1 7719 7720 7801 7800
8105 3 2 9 1 7720 7721 7802 7801
8106 3 2 9 1 7721 7722 7803 7802
8107 3 2 9 1 7722 7723 7804 7803
8108 3 2 9 1 7723 7724 7805 7804
8109 3 2 9 1 7724 7725 7806 7805
8110 3 2 9 1 7725 7726 7807 7806
8111 3 2 9 1 7726 7727 7808 7807
8112 3 2 9 1 7727 7728 7809 7808
8113 3 2 9 1 7728 7729 7810 7809
8114 3 2 9 1 7729 7730 7811 7810
8115 3 2 9 1 7730 7731 7812 7811
8116 3 2 9 1 7731 7732 7813 7812
8117 3 2 9 1 7732 7733 7814 7813
8118 3 2 9 1 7733 7734 7815 7814
8119 3 2 9 1 7734 7735 7816 7815
8120 3 2 9 1 7735 7736 7817 7816
8121 3 2 9 1 7736 7737 7818 7817
8122 3 2 9 1 7737 7738 7819 7818
8123 3 2 9 1 7738 7739 7820 7819
8124 3 2 9 1 7739 7740 7821 7820
8125 3 2 9 1 7740 7741 7822 7821
8126 3 2 9 1 7741 7742 7823 7822
8127 3 2 9 1 7742 7743 7824 7823
8128 3 2 9 1 7743 7744 7825 7824
8129 3 2 9 1 7744 7745 7826 7825
8130 3 2 9 1 7745 7746 7827 7826
8131 3 2 9 1 7746 7747 7828 7827
8132 3 2 9 1 7747 7748 7829 7828
8133 3 2 9 1 7748 7749 7830 7829
8134 3 2 9 1 7749 7750 7831 7830
8135 3 2 9 1 7750 7751 7832 7831
8136 3 2 9 1 7751 7752 7833 7832
8137 3 2 9 1 7752 7753 7834 7833
8138 3 2 9 1 7753 7754 7835 7834
8139 3 2 9 1 7754 7755 7836 7835
8140 3 2 9 1 7755 7756 7837 7836
8141 3 2 9 1 7756 7757 7838 7837
8142 3 2 9 1 7757 7758 7839 7838
8143 3 2 9 1 7758 7759 7840 7839
8144 3 2 9 1 7759 7760 7841 7840
8145 3 2 9 1 7760 7761 7842 7841
8146 3 2 9 1 7761 7762 7843 7842
8147 3 2 9 1 7762 7763 7844 7843
8148 3 2 9 1 7763 7764 7845 7844
8149 3 2 9 1 7764 7765 7846 7845
8150 3 2 9 1 7765 7766 7847 7846
8151 3 2 9 1 7766 7767 7848 7847
8152 3 2 9 1 7767 7768 7849 7848
8153 3 2 9 1 7768 7769 7850 7849
8154 3 2 9 1 7769 7770 7851 7850
8155 3 2 9 1 7770 7771 7852 7851
8156 3 2 9 1 7771 7772 7853 7852
8157 3 2 9 1 7772 7773 7854 7853
8158 3 2 9 1 7773 7774 7855 7854
8159 3 2 9 1 7774 7775 7856 7855
8160 3 2 9 1 7775 7776 7857 7856
8161 3 2 9 1 7777 7778 7859 7858
8162 3 2 9 1 7778 7779 7860 7859
8163 3 2 9 1 7779 7780 7861 7860
8164 3 2 9 1 7780 7781 7862 7861
8165 3 2 9 1 7781 7782 7863 7862
8166 3 2 9 1 7782 7783 7864 7863
8167 3 2 9 1 7783 7784 7865 7864
8168 3 2 9 1 7784 7785 7866 7865
8169 3 2 9 1 7785 7786 7867 7866
8170 3 2 9 1 7786 7787 7868 7867
8171 3 2 9 1 7787 7788 7869 7868
8172 3 2 9 1 7788 7789 7870 7869
8173 3 2 9 1 7789 7790 7871 7870
8174 3 2 9 1 7790 7791 7872 7871
8175 3 2 9 1 7791 7792 7873 7872
8176 3 2 9 1 7792 7793 7874 7873
8177 3 2 9 1 7793 7794 7875 7874
8178 3 2 9 1 7794 7795 7876 7875
8179 3 2 9 1 7795 7796 7877 7876
8180 3 2 9 1 7796 7797 7878 7877
8181 3 2 9 1 7797 7798 7879 7878
8182 3 2 9 1 7798 7799 7880 7879
8183 3 2 9 1 7799 7800 7881 7880
8184 3 2 9 1 7800 7801 7882 7881
8185 3 2 9 1 7801 7802 7883 7882
8186 3 2 9 1 7802 7803 7884 7883
8187 3 2 9 1 7803 7804 7885 7884
8188 3 2 9 1 7804 7805 7886 7885
8189 3 2 9 1 7805 7806 7887 7886
8190 3 2 9 1 7806 7807 7888 7887
8191 3 2 9 1 7807 7808 7889 7888
8192 3 2 9 1 7808 7809 7890 7889
8193 3 2 9 1 7809 7810 7891 7890
8194 3 2 9 1 7810 7811 7892 7891
8195 3 2 9 1 7811 7812 7893 7892
8196 3 2 9 1 7812 7813 7894 7893
8197 3 2 9 1 7813 7814 7895 7894
8198 3 2 9 1 7814 7815 7896 7895
8199 3 2 9 1 7815 7816 7897 7896
8200 3 2 9 1 7816 7817 7898 7897
8201 3 2 9 1 7817 7818 7899 7898
8202 3 2 9 1 7818 7819 7900 7899
8203 3 2 9 1 7819 7820 7901 7900
8204 3 2 9 1 7820 7821 7902 7901
8205 3 2 9 1 7821 7822 7903 7902
8206 3 2 9 1 7822 7823 7904 7903
8207 3 2 9 1 7823 7824 7905 7904
8208 3 2 9 1 7824 7825 7906 7905
8209 3 2 9 1 7825 7826 7907 7906
8210 3 2 9 1 7826 7827 7908 7907
8211 3 2 9 1 7827 7828 7909 7908
8212 3 2 9 1 7828 7829 7910 7909
8213 3 2 9 1 7829 7830 7911 7910
8214 3 2 9 1 7830 7831 7912 7911
8215 3 2 9 1 7831 7832 7913 7912
8216 3 2 9 1 7832 7833 7914 7913
8217 3 2 9 1 7833 7834 7915 7914
8218 3 2 9 1 7834 7835 7916 7915
8219 3 2 9 1 7835 7836 7917 7916
8220 3 2 9 1 7836 7837 7918 7917
8221 3 2 9 1 7837 7838 7919 7918
8222 3 2 9 1 7838 7839 7920 7919
8223 3 2 9 1 7839 7840 7921 7920
8224 3 2 9 1 7840 7841 7922 7921
8225 3 2 9 1 7841 7842 7923 7922
8226 3 2 9 1 7842 7843 7924 7923
8227 3 2 9 1 7843 7844 7925 7924
8228 3 2 9 1 7844 7845 7926 7925
8229 3 2 9 1 7845 7846 7927 7926
8230 3 2 9 1 7846 7847 7928 7927
8231 3 2 9 1 7847 7848 7929 7928
8232 3 2 9 1 7848 7849 7930 7929
8233 3 2 9 1 7849 7850 7931 7930
8234 3 2 9 1 7850 7851 7932 7931
8235 3 2 9 1 7851 7852 7933 7932
8236 3 2 9 1 7852 7853 7934 7933
8237 3 2 9 1 7853 7854 7935 7934
8238 3 2 9 1 7854 7855 7936 7935
8239 3 2 9 1 7855 7856 7937 7936
8240 3 2 9 1 7856 7857 7938 7937
8241 3 2 9 1 7858 7859 7940 7939
8242 3 2 9 1 7859 7860 7941 7940
8243 3 2 9 1 7860 7861 7942 7941
8244 3 2 9 1 7861 7862 7943 7942
8245 3 2 9 1 7862 7863 7944 7943
8246 3 2 9 1 7863 7864 7945 7944
8247 3 2 9 1 7864 7865 7946 7945
8248 3 2 9 1 7865 7866 7947 7946
8249 3 2 9 1 7866 7867 7948 7947
8250 3 2 9 1 7867 7868 7949 7948
8251 3 2 9 1 7868 7869 7950 7949
8252 3 2 9 1 7869 7870 7951 7950
8253 3 2 9 1 7870 7871 7952 7951
8254 3 2 9 1 7871 7872 7953 7952
8255 3 2 9 1 7872 7873 7954 7953
8256 3 2 9 1 7873 7874 7955 7954
8257 3 2 9 1 7874 7875 7956 7955
8258 3 2 9 1 7875 7876 7957 7956
8259 3 2 9 1 7876 7877 7958 7957
8260 3 2 9 1 7877 7878 7959 7958
8261 3 2 9 1 7878 7879 7960 7959
8262 3 2 9 1 7879 7880 7961 7960
8263 3 2 9 1 7880 7881 7962 7961
8264 3 2 9 1 7881 7882 7963 7962
8265 3 2 9 1 7882 7883 7964 7963
8266 3 2 9 1 7883 7884 7965 7964
8267 3 2 9 1 7884 7885 7966 7965
8268 3 2 9 1 7885 7886 7967 7966
8269 3 2 9 1 7886 7887 7968 7967
8270 3 2 9 1 7887 7888 7969 7968
8271 3 2 9 1 7888 7889 7970 7969
8272 3 2 9 1 7889 7890 7971 7970
8273 3 2 9 1 7890 7891 7972 7971
8274 3 2 9 1 7891 7892 7973 7972
8275 3 2 9 1 7892 7893 7974 7973
8276 3 2 9 1 7893 7894 7975 7974
8277 3 2 9 1 7894 7895 7976 7975
8278 3 2 9 1 7895 7896 7977 7976
8279 3 2 9 1 7896 7897 7978 7977
8280 3 2 9 1 7897 7898 7979 7978
8281 3 2 9 1 7898 7899 7980 7979
8282 3 2 9 1 7899 7900 7981 7980
8283 3 2 9 1 7900 7901 7982 7981
8284 3 2 9 1 7901 7902 7983 7982
8285 3 2 9 1 7902 7903 7984 7983
8286 3 2 9 1 7903 7904 7985 7984
8287 3 2 9 1 7904 7905 7986 7985
8288 3 2 9 1 7905 7906 7987 7986
8289 3 2 9 1 7906 7907 7988 7987
8290 3 2 9 1 7907 7908 7989 7988
8291 3 2 9 1 7908 7909 7990 7989
8292 3 2 9 1 7909 7910 7991 7990
8293 3 2 9 1 7910 7911 7992 7991
8294 3 2 9 1 7911 7912 7993 7992
8295 3 2 9 1 7912 7913 7994 7993
8296 3 2 9 1 7913 7914 7995 7994
8297 3 2 9 1 7914 7915 7996 7995
8298 3 2 9 1 7915 7916 7997 7996
8299 3 2 9 1 7916 7917 7998 7997
8300 3 2 9 1 7917 7918 7999 7998
8301 3 2 9 1 7918 7919 8000 7999
8302 3 2 9 1 7919 7920 8001 8000
8303 3 2 9 1 7920 7921 8002 8001
8304 3 2 9 1 7921 7922 8003 8002
8305 3 2 9 1 7922 7923 8004 8003
8306 3 2 9 1 7923 7924 8005 8004
8307 3 2 9 1 7924 7925 8006 8005
8308 3 2 9 1 7925 7926 8007 8006
8309 3 2 9 1 7926 7927 8008 8007
8310 3 2 9 1 7927 7928 8009 8008
8311 3 2 9 1 7928 7929 8010 8009
8312 3 2 9 1 7929 7930 8011 8010
8313 3 2 9 1 7930 7931 8012 8011
8314 3 2 9 1 7931 7932 8013 8012
8315 3 2 9 1 7932 7933 8014 8013
8316 3 2 9 1 7933 7934 8015 8014
8317 3 2 9 1 7934 7935 8016 8015
8318 3 2 9 1 7935 7936 8017 8016
8319 3 2 9 1 7936 7937 8018 8017
8320 3 2 9 1 7937 7938 8019 8018
8321 3 2 9 1 7939 7940 8021 8020
8322 3 2 9 1 7940 7941 8022 8021
8323 3 2 9 1 7941 7942 8023 8022
8324 3 2 9 1 7942 7943 8024 8023
8325 3 2 9 1 7943 7944 8025 8024
8326 3 2 9 1 7944 7945 8026 8025
8327 3 2 9 1 7945 7946 8027 8026
8328 3 2 9 1 7946 7947 8028 8027
8329 3 2 9 1 7947 7948 8029 8028
8330 3 2 9 1 7948 7949 8030 8029
8331 3 2 9 1 7949 7950 8031 8030
8332 3 2 9 1 7950 7951 8032 8031
8333 3 2 9 1 7951 7952 8033 8032
8334 3 2 9 1 7952 7953 8034 8033
8335 3 2 9 1 7953 7954 8035 8034
8336 3 2 9 1 7954 7955 8036 8035
8337 3 2 9 1 7955 7956 8037 8036
8338 3 2 9 1 7956 7957 8038 8037
8339 3 2 9 1 7957 7958 8039 8038
8340 3 2 9 1 7958 7959 8040 8039
8341 3 2 9 1 7959 7960 8041 8040
8342 3 2 9 1 7960 7961 8042 8041
8343 3 2 9 1 7961 7962 8043 8042
8344 3 2 9 1 7962 7963 8044 8043
8345 3 2 9 1 7963 7964 8045 8044
8346 3 2 9 1 7964 7965 8046 8045
8347 3 2 9 1 7965 7966 8047 8046
8348 3 2 9 1 7966 7967 8048 8047
8349 3 2 9 1 7967 7968 8049 8048
8350 3 2 9 1 7968 7969 8050 8049
8351 3 2 9 1 7969 7970 8051 8050
8352 3 2 9 1 7970 7971 8052 8051
8353 3 2 9 1 7971 7972 8053 8052
8354 3 2 9 1 7972 7973 8054 8053
8355 3 2 9 1 7973 7974 8055 8054
8356 3 2 9 1 7974 7975 8056 8055
8357 3 2 9 1 7975 7976 8057 8056
8358 3 2 9 1 7976 7977 8058 8057
8359 3 2 9 1 7977 7978 8059 8058
8360 3 2 9 1 7978 7979 8060 8059
8361 3 2 9 1 7979 7980 8061 8060
8362 3 2 9 1 7980 7981 8062 8061
8363 3 2 9 1 7981 7982 8063 8062
8364 3 2 9 1 7982 7983 8064 8063
8365 3 2 9 1 7983 7984 8065 8064
8366 3 2 9 1 7984 7985 8066 8065
8367 3 2 9 1 7985 7986 8067 8066
8368 3 2 9 1 7986 7987 8068 8067
8369 3 2 9 1 7987 7988 8069 8068
8370 3 2 9 1 7988 7989 8070 8069
8371 3 2 9 1 7989 7990 8071 8070
8372 3 2 9 1 7990 7991 8072 8071
8373 3 2 9 1 7991 7992 8073 8072
8374 3 2 9 1 7992 7993 8074 8073
8375 3 2 9 1 7993 7994 8075 8074
8376 3 2 9 1 7994 7995 8076 8075
8377 3 2 9 1 7995 7996 8077 8076
8378 3 2 9 1 7996 7997 8078 8077
8379 3 2 9 1 7997 7998 8079 8078
8380 3 2 9 1 7998 7999 8080 8079
8381 3 2 9 1 7999 8000 8081 8080
8382 3 2 9 1 8000 8001 8082 8081
8383 3 2 9 1 8001 8002 8083 8082
8384 3 2 9 1 8002 8003 8084 8083
8385 3 2 9 1 8003 8004 8085 8084
8386 3 2 9 1 8004 8005 8086 8085
8387 3 2 9 1 8005 8006 8087 8086
8388 3 2 9 1 8006 8007 8088 8087
8389 3 2 9 1 8007 8008 8089 8088
8390 3 2 9 1 8008 8009 8090 8089
8391 3 2 9 1 8009 8010 8091 8090
8392 3 2 9 1 8010 8011 8092 8091
8393 3 2 9 1 8011 8012 8093 8092
8394 3 2 9 1 8012 8013 8094 8093
8395 3 2 9 1 8013 8014 8095 8094
8396 3 2 9 1 8014 8015 8096 8095
8397 3 2 9 1 8015 8016 8097 8096
8398 3 2 9 1 8016 8017 8098 8097
8399 3 2 9 1 8017 8018 8099 8098
8400 3 2 9 1 8018 8019 8100 8099
8401 3 2 9 1 8020 8021 8102 8101
8402 3 2 9 1 8021 8022 8103 8102
8403 3 2 9 1 8022 8023 8104 8103
8404 3 2 9 1 8023 8024 8105 8104
8405 3 2 9 1 8024 8025 8106 8105
8406 3 2 9 1 8025 8026 8107 8106
8407 3 2 9 1 8026 8027 8108 8107
8408 3 2 9 1 8027 8028 8109 8108
8409 3 2 9 1 8028 8029 8110 8109
8410 3 2 9 1 8029 8030 8111 8110
8411 3 2 9 1 8030 8031 8112 8111
8412 3 2 9 1 8031 8032 8113 8112
8413 3 2 9 1 8032 8033 8114 8113
8414 3 2 9 1 8033 8034 8115 8114
8415 3 2 9 1 8034 8035 8116 8115
8416 3 2 9 1 8035 8036 8117 8116
8417 3 2 9 1 8036 8037 8118 8117
8418 3 2 9 1 8037 8038 8119 8118
8419 3 2 9 1 8038 8039 8120 8119
8420 3 2 9 1 8039 8040 8121 8120
8421 3 2 9 1 8040 8041 8122 8121
8422 3 2 9 1 8041 8042 8123 8122
8423 3 2 9 1 8042 8043 8124 8123
8424 3 2 9 1 8043 8044 8125 8124
8425 3 2 9 1 8044 8045 8126 8125
8426 3 2 9 1 8045 8046 8127 8126
8427 3 2 9 1 8046 8047 8128 8127
8428 3 2 9 1 8047 8048 8129 8128
8429 3 2 9 1 8048 8049 8130 8129
8430 3 2 9 1 8049 8050 8131 8130
8431 3 2 9 1 8050 8051 8132 8131
8432 3 2 9 1 8051 8052 8133 8132
8433 3 2 9 1 8052 8053 8134 8133
8434 3 2 9 1 8053 8054 8135 8134
8435 3 2 9 1 8054 8055 8136 8135
8436 3 2 9 1 8055 8056 8137 8136
8437 3 2 9 1 8056 8057 8138 8137
8438 3 2 9 1 8057 8058 8139 8138
8439 3 2 9 1 8058 8059 8140 8139
8440 3 2 9 1 8059 8060 8141 8140
8441 3 2 9 1 8060 8061 8142 8141
8442 3 2 9 1 8061 8062 8143 8142
8443 3 2 9 1 8062 8063 8144 8143
8444 3 2 9 1 8063 8064 8145 8144
8445 3 2 9 1 8064 8065 8146 8145
8446 3 2 9 1 8065 8066 8147 8146
8447 3 2 9 1 8066 8067 8148 8147
8448 3 2 9 1 8067 8068 8149 8148
8449 3 2 9 1 8068 8069 8150 8149
8450 3 2 9 1 8069 8070 8151 8150
8451 3 2 9 1 8070 8071 8152 8151
8452 3 2 9 1 8071 8072 8153 8152
8453 3 2 9 1 8072 8073 8154 8153
8454 3 2 9 1 8073 8074 8155 8154
8455 3 2 9 1 8074 8075 8156 8155
8456 3 2 9 1 8075 8076 8157 8156
8457 3 2 9 1 8076 8077 8158 8157
8458 3 2 9 1 8077 8078 8159 8158
8459 3 2 9 1 8078 8079 8160 8159
8460 3 2 9 1 8079 8080 8161 8160
8461 3 2 9 1 8080 8081 8162 8161
8462 3 2 9 1 8081 8082 8163 8162
8463 3 2 9 1 8082 8083 8164 8163
8464 3 2 9 1 8083 8084 8165 8164
8465 3 2 9 1 8084 8085 8166 8165
8466 3 2 9 1 8085 8086 8167 8166
8467 3 2 9 1 8086 8087 8168 8167
8468 3 2 9 1 8087 8088 8169 8168
8469 3 2 9 1 8088 8089 8170 8169
8470 3 2 9 1 8089 8090 8171 8170
8471 3 2 9 1 8090 8091 8172 8171
8472 3 2 9 1 8091 8092 8173 8172
8473 3 2 9 1 8092 8093 8174 8173
8474 3 2 9 1 8093 8094 8175 8174
8475 3 2 9 1 8094 8095 8176 8175
8476 3 2 9 1 8095 8096 8177 8176
8477 3 2 9 1 8096 8097 8178 8177
8478 3 2 9 1 8097 8098 8179 8178
8479 3 2 9 1 8098 8099 8180 8179
8480 3 2 9 1 8099 8100 8181 8180
8481 3 2 9 1 8101 8102 8183 8182
8482 3 2 9 1 8102 8103 8184 8183
8483 3 2 9 1 8103 8104 8185 8184
8484 3 2 9 1 8104 8105 8186 8185
8485 3 2 9 1 8105 8106 8187 8186
8486 3 2 9 1 8106 8107 8188 8187
8487 3 2 9 1 8107 8108 8189 8188
8488 3 2 9 1 8108 8109 8190 8189
8489 3 2 9 1 8109 8110 8191 8190
8490 3 2 9 1 8110 8111 8192 8191
8491 3 2 9 1 8111 8112 8193 8192
8492 3 2 9 1 8112 8113 8194 8193
8493 3 2 9 1 8113 8114 8195 8194
8494 3 2 9 1 8114 8115 8196 8195
8495 3 2 9 1 8115 8116 8197 8196
8496 3 2 9 1 8116 8117 8198 8197
8497 3 2 9 1 8117 8118 8199 8198
8498 3 2 9 1 8118 8119 8200 8199
8499 3 2 9 1 8119 8120 8201 8200
8500 3 2 9 1 8120 8121 8202 8201
8501 3 2 9 1 8121 8122 8203 8202
8502 3 2 9 1 8122 8123 8204 8203
8503 3 2 9 1 8123 8124 8205 8204
8504 3 2 9 1 8124 8125 8206 8205
8505 3 2 9 1 8125 8126 8207 8206
8506 3 2 9 1 8126 8127 8208 8207
8507 3 2 9 1 8127 8128 8209 8208
8508 3 2 9 1 8128 8129 8210 8209
8509 3 2 9 1 8129 8130 8211 8210
8510 3 2 9 1 8130 8131 8212 8211
8511 3 2 9 1 8131 8132 8213 8212
8512 3 2 9 1 8132 8133 8214 8213
8513 3 2 9 1 8133 8134 8215 8214
8514 3 2 9 1 8134 8135 8216 8215
8515 3 2 9 1 8135 8136 8217 8216
8516 3 2 9 1 8136 8137 8218 8217
8517 3 2 9 1 8137 8138 8219 8218
8518 3 2 9 1 8138 8139 8220 8219
8519 3 2 9 1 8139 8140 8221 8220
8520 3 2 9 1 8140 8141 8222 8221
8521 3 2 9 1 8141 8142 8223 8222
8522 3 2 9 1 8142 8143 8224 8223
8523 3 2 9 1 8143 8144 8225 8224
8524 3 2 9 1 8144 8145 8226 8225
8525 3 2 9 1 8145 8146 8227 8226
8526 3 2 9 1 8146 8147 8228 8227
8527 3 2 9 1 8147 8148 8229 8228
8528 3 2 9 1 8148 8149 8230 8229
8529 3 2 9 1 8149 8150 8231 8230
8530 3 2 9 1 8150 8151 8232 8231
8531 3 2 9 1 8151 8152 8233 8232
8532 3 2 9 1 8152 8153 8234 8233
8533 3 2 9 1 8153 8154 8235 8234
8534 3 2 9 1 8154 8155 8236 8235
8535 3 2 9 1 8155 8156 8237 8236
8536 3 2 9 1 8156 8157 8238 8237
8537 3 2 9 1 8157 8158 8239 8238
8538 3 2 9 1 8158 8159 8240 8239
8539 3 2 9 1 8159 8160 8241 8240
8540 3 2 9 1 8160 8161 8242 8241
8541 3 2 9 1 8161 8162 8243 8242
8542 3 2 9 1 8162 8163 8244 8243
8543 3 2 9 1 8163 8164 8245 8244
8544 3 2 9 1 8164 8165 8246 8245
8545 3 2 9 1 8165 8166 8247 8246
8546 3 2 9 1 8166 8167 8248 8247
8547 3 2 9 1 8167 8168 8249 8248
8548 3 2 9 1 8168 8169 8250 8249
8549 3 2 9 1 8169 8170 8251 8250
8550 3 2 9 1 8170 8171 8252 8251
8551 3 2 9 1 8171 8172 8253 8252
8552 3 2 9 1 8172 8173 8254 8253
8553 3 2 9 1 8173 8174 8255 8254
8554 3 2 9 1 8174 8175 8256 8255
8555 3 2 9 1 8175 8176 8257 8256
8556 3 2 9 1 8176 8177 8258 8257
8557 3 2 9 1 8177 8178 8259 8258
8558 3 2 9 1 8178 8179 8260 8259
8559 3 2 9 1 8179 8180 8261 8260
8560 3 2 9 1 8180 8181 8262 8261
8561 3 2 9 1 8182 8183 8264 8263
8562 3 2 9 1 8183 8184 8265 8264
8563 3 2 9 1 8184 8185 8266 8265
8564 3 2 9 1 8185 8186 8267 8266
8565 3 2 9 1 8186 8187 8268 8267
8566 3 2 9 1 8187 8188 8269 8268
8567 3 2 9 1 8188 8189 8270 8269
8568 3 2 9 1 8189 8190 8271 8270
8569 3 2 9 1 8190 8191 8272 8271
8570 3 2 9 1 8191 8192 8273 8272
8571 3 2 9 1 8192 8193 8274 8273
8572 3 2 9 1 8193 8194 8275 8274
8573 3 2 9 1 8194 8195 8276 8275
8574 3 2 9 1 8195 8196 8277 8276
8575 3 2 9 1 8196 8197 8278 8277
8576 3 2 9 1 8197 8198 8279 8278
8577 3 2 9 1 8198 8199 8280 8279
8578 3 2 9 1 8199 8200 8281 8280
8579 3 2 9 1 8200 8201 8282 8281
8580 3 2 9 1 8201 8202 8283 8282
8581 3 2 9 1 8202 8203 8284 8283
8582 3 2 9 1 8203 8204 8285 8284
8583 3 2 9 1 8204 8205 8286 8285
8584 3 2 9 1 8205 8206 8287 8286
8585 3 2 9 1 8206 8207 8288 8287
8586 3 2 9 1 8207 8208 8289 8288
8587 3 2 9 1 8208 8209 8290 8289
8588 3 2 9 1 8209 8210 8291 8290
8589 3 2 9 1 8210 8211 8292 8291
8590 3 2 9 1 8211 8212 8293 8292
8591 3 2 9 1 8212 8213 8294 8293
8592 3 2 9 1 8213 8214 8295 8294
8593 3 2 9 1 8214 8215 8296 8295
8594 3 2 9 1 8215 8216 8297 8296
8595 3 2 9 1 8216 8217 8298 8297
8596 3 2 9 1 8217 8218 8299 8298
8597 3 2 9 1 8218 8219 8300 8299
8598 3 2 9 1 8219 8220 8301 8300
8599 3 2 9 1 8220 8221 8302 8301
8600 3 2 9 1 8221 8222 8303 8302
8601 3 2 9 1 8222 8223 8304 8303
8602 3 2 9 1 8223 8224 8305 8304
8603 3 2 9 1 8224 8225 8306 8305
8604 3 2 9 1 8225 8226 8307 8306
8605 3 2 9 1 8226 8227 8308 8307
8606 3 2 9 1 8227 8228 8309 8308
8607 3 2 9 1 8228 8229 8310 8309
8608 3 2 9 1 8229 8230 8311 8310
8609 3 2 9 1 8230 8231 8312 8311
8610 3 2 9 1 8231 8232 8313 8312
8611 3 2 9 1 8232 8233 8314 8313
8612 3 2 9 1 8233 8234 8315 8314
8613 3 2 9 1 8234 8235 8316 8315
8614 3 2 9 1 8235 8236 8317 8316
8615 3 2 9 1 8236 8237 8318 8317
8616 3 2 9 1 8237 8238 8319 8318
8617 3 2 9 1 8238 8239 8320 8319
8618 3 2 9 1 8239 8240 8321 8320
8619 3 2 9 1 8240 8241 8322 8321
8620 3 2 9 1 8241 8242 8323 8322
8621 3 2 9 1 8242 8243 8324 8323
8622 3 2 9 1 8243 8244 8325 8324
8623 3 2 9 1 8244 8245 8326 8325
8624 3 2 9 1 8245 8246 8327 8326
8625 3 2 9 1 8246 8247 8328 8327
8626 3 2 9 1 8247 8248 8329 8328
8627 3 2 9 1 8248 8249 8330 8329
8628 3 2 9 1 8249 8250 8331 8330
8629 3 2 9 1 8250 8251 8332 8331
8630 3 2 9 1 8251 8252 8333 8332
8631 3 2 9 1 8252 8253 8334 8333
8632 3 2 9 1 8253 8254 8335 8334
8633 3 2 9 1 8254 8255 8336 8335
8634 3 2 9 1 8255 8256 8337 8336
8635 3 2 9 1 8256 8257 8338 8337
8636 3 2 9 1 8257 8258 8339 8338
8637 3 2 9 1 8258 8259 8340 8339
8638 3 2 9 1 8259 8260 8341 8340
8639 3 2 9 1 8260 8261 8342 8341
8640 3 2 9 1 8261 8262 8343 8342
8641 3 2 9 1 8263 8264 8345 8344
8642 3 2 9 1 8264 8265 8346 8345
8643 3 2 9 1 8265 8266 8347 8346
8644 3 2 9 1 8266 8267 8348 8347
8645 3 2 9 1 8267 8268 8349 8348
8646 3 2 9 1 8268 8269 8350 8349
8647 3 2 9 1 8269 8270 8351 8350
8648 3 2 9 1 8270 8271 8352 8351
8649 3 2 9 1 8271 8272 8353 8352
8650 3 2 9 1 8272 8273 8354 8353
8651 3 2 9 1 8273 8274 8355 8354
8652 3 2 9 1 8274 8275 8356 8355
8653 3 2 9 1 8275 8276 8357 8356
8654 3 2 9 1 8276 8277 8358 8357
8655 3 2 9 1 8277 8278 8359 8358
8656 3 2 9 1 8278 8279 8360 8359
8657 3 2 9 1 8279 8280 8361 8360
8658 3 2 9 1 8280 8281 8362 8361
8659 3 2 9 1 8281 8282 8363 8362
8660 3 2 9 1 8282 8283 8364 8363
8661 3 2 9 1 8283 8284 8365 8364
8662 3 2 9 1 8284 8285 8366 8365
8663 3 2 9 1 8285 8286 8367 8366
8664 3 2 9 1 8286 8287 8368 8367
8665 3 2 9 1 8287 8288 8369 8368
8666 3 2 9 1 8288 8289 8370 8369
8667 3 2 9 1 8289 8290 8371 8370
8668 3 2 9 1 8290 8291 8372 8371
8669 3 2 9 1 8291 8292 8373 8372
8670 3 2 9 1 8292 8293 8374 8373
8671 3 2 9 1 8293 8294 8375 8374
8672 3 2 9 1 8294 8295 8376 8375
8673 3 2 9 1 8295 8296 8377 8376
8674 3 2 9 1 8296 8297 8378 8377
8675 3 2 9 1 8297 8298 8379 8378
8676 3 2 9 1 8298 8299 8380 8379
8677 3 2 9 1 8299 8300 8381 8380
8678 3 2 9 1 8300 8301 8382 8381
8679 3 2 9 1 8301 8302 8383 8382
8680 3 2 9 1 8302 8303 8384 8383
8681 3 2 9 1 8303 8304 8385 8384
8682 3 2 9 1 8304 8305 8386 8385
8683 3 2 9 1 8305 8306 8387 8386
8684 3 2 9 1 8306 8307 8388 8387
8685 3 2 9 1 8307 8308 8389 8388
8686 3 2 9 1 8308 8309 8390 8389
8687 3 2 9 1 8309 8310 8391 8390
8688 3 2 9 1 8310 8311 8392 8391
8689 3 2 9 1 8311 8312 8393 8392
8690 3 2 9 1 8312 8313 8394 8393
8691 3 2 9 1 8313 8314 8395 8394
8692 3 2 9 1 8314 8315 8396 8395
8693 3 2 9 1 8315 8316 8397 8396
8694 3 2 9 1 8316 8317 8398 8397
8695 3 2 9 1 8317 8318 8399 8398
8696 3 2 9 1 8318 8319 8400 8399
8697 3 2 9 1 8319 8320 8401 8400
8698 3 2 9 1 8320 8321 8402 8401
8699 3 2 9 1 8321 8322 8403 8402
8700 3 2 9 1 8322 8323 8404 8403
8701 3 2 9 1 8323 8324 8405 8404
8702 3 2 9 1 8324 8325 8406 8405
8703 3 2 9 1 8325 8326 8407 8406
8704 3 2 9 1 8326 8327 8408 8407
8705 3 2 9 1 8327 8328 8409 8408
8706 3 2 9 1 8328 8329 8410 8409
8707 3 2 9 1 8329 8330 8411 8410
8708 3 2 9 1 8330 8331 8412 8411
8709 3 2 9 1 8331 8332 8413 8412
8710 3 2 9 1 8332 8333 8414 8413
8711 3 2 9 1 8333 8334 8415 8414
8712 3 2 9 1 8334 8335 8416 8415
8713 3 2 9 1 8335 8336 8417 8416
8714 3 2 9 1 8336 8337 8418 8417
8715 3 2 9 1 8337 8338 8419 8418
8716 3 2 9 1 8338 8339 8420 8419
8717 3 2 9 1 8339 8340 8421 8420
8718 3 2 9 1 8340 8341 8422 8421
8719 3 2 9 1 8341 8342 8423 8422
8720 3 2 9 1 8342 8343 8424 8423
8721 3 2 9 1 8344 8345 8426 8425
8722 3 2 9 1 8345 8346 8427 8426
8723 3 2 9 1 8346 8347 8428 8427
8724 3 2 9 1 8347 8348 8429 8428
8725 3 2 9 1 8348 8349 8430 8429
8726 3 2 9 1 8349 8350 8431 8430
8727 3 2 9 1 8350 8351 8432 8431
8728 3 2 9 1 8351 8352 8433 8432
8729 3 2 9 1 8352 8353 8434 8433
8730 3 2 9 1 8353 8354 8435 8434
8731 3 2 9 1 8354 8355 8436 8435
8732 3 2 9 1 8355 8356 8437 8436
8733 3 2 9 1 8356 8357 8438 8437
8734 3 2 9 1 8357 8358 8439 8438
8735 3 2 9 1 8358 8359 8440 8439
8736 3 2 9 1 8359 8360 8441 8440
8737 3 2 9 1 8360 8361 8442 8441
8738 3 2 9 1 8361 8362 8443 8442
8739 3 2 9 1 8362 8363 8444 8443
8740 3 2 9 1 8363 8364 8445 8444
8741 3 2 9 1 8364 8365 8446 8445
8742 3 2 9 1 8365 8366 8447 8446
8743 3 2 9 1 8366 8367 8448 8447
8744 3 2 9 1 8367 8368 8449 8448
8745 3 2 9 1 8368 8369 8450 8449
8746 3 2 9 1 8369 8370 8451 8450
8747 3 2 9 1 8370 8371 8452 8451
8748 3 2 9 1 8371 8372 8453 8452
8749 3 2 9 1 8372 8373 8454 8453
8750 3 2 9 1 8373 8374 8455 8454
8751 3 2 9 1 8374 8375 8456 8455
8752 3 2 9 1 8375 8376 8457 8456
8753 3 2 9 1 8376 8377 8458 8457
8754 3 2 9 1 8377 8378 8459 8458
8755 3 2 9 1 8378 8379 8460 8459
8756 3 2 9 1 8379 8380 8461 8460
8757 3 2 9 1 8380 8381 8462 8461
8758 3 2 9 1 8381 8382 8463 8462
8759 3 2 9 1 8382 8383 8464 8463
8760 3 2 9 1 8383 8384 8465 8464
8761 3 2 9 1 8384 8385 8466 8465
8762 3 2 9 1 8385 8386 8467 8466
8763 3 2 9 1 8386 8387 8468 8467
8764 3 2 9 1 8387 8388 8469 8468
8765 3 2 9 1 8388 8389 8470 8469
8766 3 2 9 1 8389 8390 8471 8470
8767 3 2 9 1 8390 8391 8472 8471
8768 3 2 9 1 8391 8392 8473 8472
8769 3 2 9 1 8392 8393 8474 8473
8770 3 2 9 1 8393 8394 8475 8474
8771 3 2 9 1 8394 8395 8476 8475
8772 3 2 9 1 8395 8396 8477 8476
8773 3 2 9 1 8396 8397 8478 8477
8774 3 2 9 1 8397 8398 8479 8478
8775 3 2 9 1 8398 8399 8480 8479
8776 3 2 9 1 8399 8400 8481 8480
8777 3 2 9 1 8400 8401 8482 8481
8778 3 2 9 1 8401 8402 8483 8482
8779 3 2 9 1 8402 8403 8484 8483
8780 3 2 9 1 8403 8404 8485 8484
8781 3 2 9 1 8404 8405 8486 8485
8782 3 2 9 1 8405 8406 8487 8486
8783 3 2 9 1 8406 8407 8488 8487
8784 3 2 9 1 8407 8408 8489 8488
8785 3 2 9 1 8408 8409 8490 8489
8786 3 2 9 1 8409 8410 8491 8490
8787 3 2 9 1 8410 8411 8492 8491
8788 3 2 9 1 8411 8412 8493 8492
8789 3 2 9 1 8412 8413 8494 8493
8790 3 2 9 1 8413 8414 8495 8494
8791 3 2 9 1 8414 8415 8496 8495
8792 3 2 9 1 8415 8416 8497 8496
8793 3 2 9 1 8416 8417 8498 8497
8794 3 2 9 1 8417 8418 8499 8498
8795 3 2 9 1 8418 8419 8500 8499
8796 3 2 9 1 8419 8420 8501 8500
8797 3 2 9 1 8420 8421 8502 8501
8798 3 2 9 1 8421 8422 8503 8502
8799 3 2 9 1 8422 8423 8504 8503
8800 3 2 9 1 8423 8424 8505 8504
8801 3 2 9 1 8425 8426 8507 8506
8802 3 2 9 1 8426 8427 8508 8507
8803 3 2 9 1 8427 8428 8509 8508
8804 3 2 9 1 8428 8429 8510 8509
8805 3 2 9 1 8429 8430 8511 8510
8806 3 2 9 1 8430 8431 8512 8511
8807 3 2 9 1 8431 8432 8513 8512
8808 3 2 9 1 8432 8433 8514 8513
8809 3 2 9 1 8433 8434 8515 8514
8810 3 2 9 1 8434 8435 8516 8515
8811 3 2 9 1 8435 8436 8517 8516
8812 3 2 9 1 8436 8437 8518 8517
8813 3 2 9 1 8437 8438 8519 8518
8814 3 2 9 1 8438 8439 8520 8519
8815 3 2 9 1 8439 8440 8521 8520
8816 3 2 9 1 8440 8441 8522 8521
8817 3 2 9 1 8441 8442 8523 8522
8818 3 2 9 1 8442 8443 8524 8523
8819 3 2 9 1 8443 8444 8525 8524
8820 3 2 9 1 8444 8445 8526 8525
8821 3 2 9 1 8445 8446 8527 8526
8822 3 2 9 1 8446 8447 8528 8527
8823 3 2 9 1 8447 8448 8529 8528
8824 3 2 9 1 8448 8449 8530 8529
8825 3 2 9 1 8449 8450 8531 8530
8826 3 2 9 1 8450 8451 8532 8531
8827 3 2 9 1 8451 8452 8533 8532
8828 3 2 9 1 8452 8453 8534 8533
8829 3 2 9 1 8453 8454 8535 8534
8830 3 2 9 1 8454 8455 8536 8535
8831 3 2 9 1 8455 8456 8537 8536
8832 3 2 9 1 8456 8457 8538 8537
8833 3 2 9 1 8457 8458 8539 8538
8834 3 2 9 1 8458 8459 8540 8539
8835 3 2 9 1 8459 8460 8541 8540
8836 3 2 9 1 8460 8461 8542 8541
8837 3 2 9 1 8461 8462 8543 8542
8838 3 2 9 1 8462 8463 8544 8543
8839 3 2 9 1 8463 8464 8545 8544
8840 3 2 9 1 8464 8465 8546 8545
8841 3 2 9 1 8465 8466 8547 8546
8842 3 2 9 1 8466 8467 8548 8547
8843 3 2 9 1 8467 8468 8549 8548
8844 3 2 9 1 8468 8469 8550 8549
8845 3 2 9 1 8469 8470 8551 8550
8846 3 2 9 1 8470 8471 8552 8551
8847 3 2 9 1 8471 8472 8553 8552
8848 3 2 9 1 8472 8473 8554 8553
8849 3 2 9 1 8473 8474 8555 8554
8850 3 2 9 1 8474 8475 8556 8555
8851 3 2 9 1 8475 8476 8557 8556
8852 3 2 9 1 8476 8477 8558 8557
8853 3 2 9 1 8477 8478 8559 8558
8854 3 2 9 1 8478 8479 8560 8559
8855 3 2 9 1 8479 8480 8561 8560
8856 3 2 9 1 8480 8481 8562 8561
8857 3 2 9 1 8481 8482 8563 8562
8858 3 2 9 1 8482 8483 8564 8563
8859 3 2 9 1 8483 8484 8565 8564
8860 3 2 9 1 8484 8485 8566 8565
8861 3 2 9 1 8485 8486 8567 8566
8862 3 2 9 1 8486 8487 8568 8567
8863 3 2 9 1 8487 8488 8569 8568
8864 3 2 9 1 8488 8489 8570 8569
8865 3 2 9 1 8489 8490 8571 8570
8866 3 2 9 1 8490 8491 8572 8571
8867 3 2 9 1 8491 8492 8573 8572
8868 3 2 9 1 8492 8493 8574 8573
8869 3 2 9 1 8493 8494 8575 8574
8870 3 2 9 1 8494 8495 8576 8575
8871 3 2 9 1 8495 8496 8577 8576
8872 3 2 9 1 8496 8497 8578 8577
8873 3 2 9 1 8497 8498 8579 8578
8874 3 2 9 1 8498 8499 8580 8579
8875 3 2 9 1 8499 8500 8581 8580
8876 3 2 9 1 8500 8501 8582 8581
8877 3 2 9 1 8501 8502 8583 8582
8878 3 2 9 1 8502 8503 8584 8583
8879 3 2 9 1 8503 8504 8585 8584
8880 3 2 9 1 8504 8505 8586 8585
8881 3 2 9 1 8506 8507 8588 8587
8882 3 2 9 1 8507 8508 8589 8588
8883 3 2 9 1 8508 8509 8590 8589
8884 3 2 9 1 8509 8510 8591 8590
8885 3 2 9 1 8510 8511 8592 8591
8886 3 2 9 1 8511 8512 8593 8592
8887 3 2 9 1 8512 8513 8594 8593
8888 3 2 9 1 8513 8514 8595 8594
8889 3 2 9 1 8514 8515 8596 8595
8890 3 2 9 1 8515 8516 8597 8596
8891 3 2 9 1 8516 8517 8598 8597
8892 3 2 9 1 8517 8518 8599 8598
8893 3 2 9 1 8518 8519 8600 8599
8894 3 2 9 1 8519 8520 8601 8600
8895 3 2 9 1 8520 8521 8602 8601
8896 3 2 9 1 8521 8522 8603 8602
8897 3 2 9 1 8522 8523 8604 8603
8898 3 2 9 1 8523 8524 8605 8604
8899 3 2 9 1 8524 8525 8606 8605
8900 3 2 9 1 8525 8526 8607 8606
8901 3 2 9 1 8526 8527 8608 8607
8902 3 2 9 1 8527 8528 8609 8608
8903 3 2 9 1 8528 8529 8610 8609
8904 3 2 9 1 8529 8530 8611 8610
8905 3 2 9 1 8530 8531 8612 8611
8906 3 2 9 1 8531 8532 8613 8612
8907 3 2 9 1 8532 8533 8614 8613
8908 3 2 9 1 8533 8534 8615 8614
8909 3 2 9 1 8534 8535 8616 8615
8910 3 2 9 1 8535 8536 8617 8616
8911 3 2 9 1 8536 8537 8618 8617
8912 3 2 9 1 8537 8538 8619 8618
8913 3 2 9 1 8538 8539 8620 8619
8914 3 2 9 1 8539 8540 8621 8620
8915 3 2 9 1 8540 8541 8622 8621
8916 3 2 9 1 8541 8542 8623 8622
8917 3 2 9 1 8542 8543 8624 8623
8918 3 2 9 1 8543 8544 8625 8624
8919 3 2 9 1 8544 8545 8626 8625
8920 3 2 9 1 8545 8546 8627 8626
8921 3 2 9 1 8546 8547 8628 8627
8922 3 2 9 1 8547 8548 8629 8628
8923 3 2 9 1 8548 8549 8630 8629
8924 3 2 9 1 8549 8550 8631 8630
8925 3 2 9 1 8550 8551 8632 8631
8926 3 2 9 1 8551 8552 8633 8632
8927 3 2 9 1 8552 8553 8634 8633
8928 3 2 9 1 8553 8554 8635 8634
8929 3 2 9 1 8554 8555 8636 8635
8930 3 2 9 1 8555 8556 8637 8636
8931 3 2 9 1 8556 8557 8638 8637
8932 3 2 9 1 8557 8558 8639 8638
8933 3 2 9 1 8558 8559 8640 8639
8934 3 2 9 1 8559 8560 8641 8640
8935 3 2 9 1 8560 8561 8642 8641
8936 3 2 9 1 8561 8562 8643 8642
8937 3 2 9 1 8562 8563 8644 8643
8938 3 2 9 1 8563 8564 8645 8644
8939 3 2 9 1 8564 8565 8646 8645
8940 3 2 9 1 8565 8566 8647 8646
8941 3 2 9 1 8566 8567 8648 8647
8942 3 2 9 1 8567 8568 8649 8648
8943 3 2 9 1 8568 8569 8650 8649
8944 3 2 9 1 8569 8570 8651 8650
8945 3 2 9 1 8570 8571 8652 8651
8946 3 2 9 1 8571 8572 8653 8652
8947 3 2 9 1 8572 8573 8654 8653
8948 3 2 9 1 8573 8574 8655 8654
8949 3 2 9 1 8574 8575 8656 8655
8950 3 2 9 1 8575 8576 8657 8656
8951 3 2 9 1 8576 8577 8658 8657
8952 3 2 9 1 8577 8578 8659 8658
8953 3 2 9 1 8578 8579 8660 8659
8954 3 2 9 1 8579 8580 8661 8660
8955 3 2 9 1 8580 8581 8662 8661
8956 3 2 9 1 8581 8582 8663 8662
8957 3 2 9 1 8582 8583 8664 8663
8958 3 2 9 1 8583 8584 8665 8664
8959 3 2 9 1 8584 8585 8666 8665
8960 3 2 9 1 8585 8586 8667 8666
8961 3 2 9 1 8587 8588 8669 8668
8962 3 2 9 1 8588 8589 8670 8669
8963 3 2 9 1 8589 8590 8671 8670
8964 3 2 9 1 8590 8591 8672 8671
8965 3 2 9 1 8591 8592 8673 8672
8966 3 2 9 1 8592 8593 8674 8673
8967 3 2 9 1 8593 8594 8675 8674
8968 3 2 9 1 8594 8595 8676 8675
8969 3 2 9 1 8595 8596 8677 8676
8970 3 2 9 1 8596 8597 8678 8677
8971 3 2 9 1 8597 8598 8679 8678
8972 3 2 9 1 8598 8599 8680 8679
8973 3 2 9 1 8599 8600 8681 8680
8974 3 2 9 1 8600 8601 8682 8681
8975 3 2 9 1 8601 8602 8683 8682
8976 3 2 9 1 8602 8603 8684 8683
8977 3 2 9 1 8603 8604 8685 8684
8978 3 2 9 1 8604 8605 8686 8685
8979 3 2 9 1 8605 8606 8687 8686
8980 3 2 9 1 8606 8607 8688 8687
8981 3 2 9 1 8607 8608 8689 8688
8982 3 2 9 1 8608 8609 8690 8689
8983 3 2 9 1 8609 8610 8691 8690
8984 3 2 9 1 8610 8611 8692 8691
8985 3 2 9 1 8611 8612 8693 8692
8986 3 2 9 1 8612 8613 8694 8693
8987 3 2 9 1 8613 8614 8695 8694
8988 3 2 9 1 8614 8615 8696 8695
8989 3 2 9 1 8615 8616 8697 8696
8990 3 2 9 1 8616 8617 8698 8697
8991 3 2 9 1 8617 8618 8699 8698
8992 3 2 9 1 8618 8619 8700 8699
8993 3 2 9 1 8619 8620 8701 8700
8994 3 2 9 1 8620 8621 8702 8701
8995 3 2 9 1 8621 8622 8703 8702
8996 3 2 9 1 8622 8623 8704 8703
8997 3 2 9 1 8623 8624 8705 8704
8998 3 2 9 1 8624 8625 8706 8705
8999 3 2 9 1 8625 8626 8707 8706
9000 3 2 9 1 8626 8627 8708 8707
9001 3 2 9 1 8627 8628 8709 8708
9002 3 2 9 1 8628 8629 8710 8709
9003 3 2 9 1 8629 8630 8711 8710
9004 3 2 9 1 8630 8631 8712 8711
9005 3 2 9 1 8631 8632 8713 8712
9006 3 2 9 1 8632 8633 8714 8713
9007 3 2 9 1 8633 8634 8715 8714
9008 3 2 9 1 8634 8635 8716 8715
9009 3 2 9 1 8635 8636 8717 8716
9010 3 2 9 1 8636 8637 8718 8717
9011 3 2 9 1 8637 8638 8719 8718
9012 3 2 9 1 8638 8639 8720 8719
9013 3 2 9 1 8639 8640 8721 8720
9014 3 2 9 1 8640 8641 8722 8721
9015 3 2 9 1 8641 8642 8723 8722
9016 3 2 9 1 8642 8643 8724 8723
9017 3 2 9 1 8643 8644 8725 8724
9018 3 2 9 1 8644 8645 8726 8725
9019 3 2 9 1 8645 8646 8727 8726
9020 3 2 9 1 8646 8647 8728 8727
9021 3 2 9 1 8647 8648 8729 8728
9022 3 2 9 1 8648 8649 8730 8729
9023 3 2 9 1 8649 8650 8731 8730
9024 3 2 9 1 8650 8651 8732 8731
9025 3 2 9 1 8651 8652 8733 8732
9026 3 2 9 1 8652 8653 8734 8733
9027 3 2 9 1 8653 8654 8735 8734
9028 3 2 9 1 8654 8655 8736 8735
9029 3 2 9 1 8655 8656 8737 8736
9030 3 2 9 1 8656 8657 8738 8737
9031 3 2 9 1 8657 8658 8739 8738
9032 3 2 9 1 8658 8659 8740 8739
9033 3 2 9 1 8659 8660 8741 8740
9034 3 2 9 1 8660 8661 8742 8741
9035 3 2 9 1 8661 8662 8743 8742
9036 3 2 9 1 8662 8663 8744 8743
9037 3 2 9 1 8663 8664 8745 8744
9038 3 2 9 1 8664 8665 8746 8745
9039 3 2 9 1 8665 8666 8747 8746
9040 3 2 9 1 8666 8667 8748 8747
9041 3 2 9 1 8668 8669 8750 8749
9042 3 2 9 1 8669 8670 8751 8750
9043 3 2 9 1 8670 8671 8752 8751
9044 3 2 9 1 8671 8672 8753 8752
9045 3 2 9 1 8672 8673 8754 8753
9046 3 2 9 1 8673 8674 8755 8754
9047 3 2 9 1 8674 8675 8756 8755
9048 3 2 9 1 8675 8676 8757 8756
9049 3 2 9 1 8676 8677 8758 8757
9050 3 2 9 1 8677 8678 8759 8758
9051 3 2 9 1 8678 8679 8760 8759
9052 3 2 9 1 8679 8680 8761 8760
9053 3 2 9 1 8680 8681 8762 8761
9054 3 2 9 1 8681 8682 8763 8762
9055 3 2 9 1 8682 8683 8764 8763
9056 3 2 9 1 8683 8684 8765 8764
9057 3 2 9 1 8684 8685 8766 8765
9058 3 2 9 1 8685 8686 8767 8766
9059 3 2 9 1 8686 8687 8768 8767
9060 3 2 9 1 8687 8688 8769 8768
9061 3 2 9 1 8688 8689 8770 8769
9062 3 2 9 1 8689 8690 8771 8770
9063 3 2 9 1 8690 8691 8772 8771
9064 3 2 9 1 8691 8692 8773 8772
9065 3 2 9 1 8692 8693 8774 8773
9066 3 2 9 1 8693 8694 8775 8774
9067 3 2 9 1 8694 8695 8776 8775
9068 3 2 9 1 8695 8696 8777 8776
9069 3 2 9 1 8696 8697 8778 8777
9070 3 2 9 1 8697 8698 8779 8778
9071 3 2 9 1 8698 8699 8780 8779
9072 3 2 9 1 8699 8700 8781 8780
9073 3 2 9 1 8700 8701 8782 8781
9074 3 2 9 1 8701 8702 8783 8782
9075 3 2 9 1 8702 8703 8784 8783
9076 3 2 9 1 8703 8704 8785 8784
9077 3 2 9 1 8704 8705 8786 8785
9078 3 2 9 1 8705 8706 8787 8786
9079 3 2 9 1 8706 8707 8788 8787
9080 3 2 9 1 8707 8708 8789 8788
9081 3 2 9 1 8708 8709 8790 8789
9082 3 2 9 1 8709 8710 8791 8790
9083 3 2 9 1 8710 8711 8792 8791
9084 3 2 9 1 8711 8712 8793 8792
9085 3 2 9 1 8712 8713 8794 8793
9086 3 2 9 1 8713 8714 8795 8794
9087 3 2 9 1 8714 8715 8796 8795
9088 3 2 9 1 8715 8716 8797 8796
9089 3 2 9 1 8716 8717 8798 8797
9090 3 2 9 1 8717 8718 8799 8798
9091 3 2 9 1 8718 8719 8800 8799
9092 3 2 9 1 8719 8720 8801 8800
9093 3 2 9 1 8720 8721 8802 8801
9094 3 2 9 1 8721 8722 8803 8802
9095 3 2 9 1 8722 8723 8804 8803
9096 3 2 9 1 8723 8724 8805 8804
9097 3 2 9 1 8724 8725 8806 8805
9098 3 2 9 1 8725 8726 8807 8806
9099 3 2 9 1 8726 8727 8808 8807
9100 3 2 9 1 8727 8728 8809 8808
9101 3 2 9 1 8728 8729 8810 8809
9102 3 2 9 1 8729 8730 8811 8810
9103 3 2 9 1 8730 8731 8812 8811
9104 3 2 9 1 8731 8732 8813 8812
9105 3 2 9 1 8732 8733 8814 8813
9106 3 2 9 1 8733 8734 8815 8814
9107 3 2 9 1 8734 8735 8816 8815
9108 3 2 9 1 8735 8736 8817 8816
9109 3 2 9 1 8736 8737 8818 8817
9110 3 2 9 1 8737 8738 8819 8818
9111 3 2 9 1 8738 8739 8820 8819
9112 3 2 9 1 8739 8740 8821 8820
9113 3 2 9 1 8740 8741 8822 8821
9114 3 2 9 1 8741 8742 8823 8822
9115 3 2 9 1 8742 8743 8824 8823
9116 3 2 9 1 8743 8744 8825 8824
9117 3 2 9 1 8744 8745 8826 8825
9118 3 2 9 1 8745 8746 8827 8826
9119 3 2 9 1 8746 8747 8828 8827
9120 3 2 9 1 8747 8748 8829 8828
9121 3 2 9 1 8749 8750 8831 8830
9122 3 2 9 1 8750 8751 8832 8831
9123 3 2 9 1 8751 8752 8833 8832
9124 3 2 9 1 8752 8753 8834 8833
9125 3 2 9 1 8753 8754 8835 8834
9126 3 2 9 1 8754 8755 8836 8835
9127 3 2 9 1 8755 8756 8837 8836
9128 3 2 9 1 8756 8757 8838 8837
9129 3 2 9 1 8757 8758 8839 8838
9130 3 2 9 1 8758 8759 8840 8839
9131 3 2 9 1 8759 8760 8841 8840
9132 3 2 9 1 8760 8761 8842 8841
9133 3 2 9 1 8761 8762 8843 8842
9134 3 2 9 1 8762 8763 8844 8843
9135 3 2 9 1 8763 8764 8845 8844
9136 3 2 9 1 8764 8765 8846 8845
9137 3 2 9 1 8765 8766 8847 8846
9138 3 2 9 1 8766 8767 8848 8847
9139 3 2 9 1 8767 8768 8849 8848
9140 3 2 9 1 8768 8769 8850 8849
9141 3 2 9 1 8769 8770 8851 8850
9142 3 2 9 1 8770 8771 8852 8851
9143 3 2 9 1 8771 8772 8853 8852
9144 3 2 9 1 8772 8773 8854 8853
9145 3 2 9 1 8773 8774 8855 8854
9146 3 2 9 1 8774 8775 8856 8855
9147 3 2 9 1 8775 8776 8857 8856
9148 3 2 9 1 8776 8777 8858 8857
9149 3 2 9 1 8777 8778 8859 8858
9150 3 2 9 1 8778 8779 8860 8859
9151 3 2 9 1 8779 8780 8861 8860
9152 3 2 9 1 8780 8781 8862 8861
9153 3 2 9 1 8781 8782 8863 8862
9154 3 2 9 1 8782 8783 8864 8863
9155 3 2 9 1 8783 8784 8865 8864
9156 3 2 9 1 8784 8785 8866 8865
9157 3 2 9 1 8785 8786 8867 8866
9158 3 2 9 1 8786 8787 8868 8867
9159 3 2 9 1 8787 8788 8869 8868
9160 3 2 9 1 8788 8789 8870 8869
9161 3 2 9 1 8789 8790 8871 8870
9162 3 2 9 1 8790 8791 8872 8871
9163 3 2 9 1 8791 8792 8873 8872
9164 3 2 9 1 8792 8793 8874 8873
9165 3 2 9 1 8793 8794 8875 8874
9166 3 2 9 1 8794 8795 8876 8875
9167 3 2 9 1 8795 8796 8877 8876
9168 3 2 9 1 8796 8797 8878 8877
9169 3 2 9 1 8797 8798 8879 8878
9170 3 2 9 1 8798 8799 8880 8879
9171 3 2 9 1 8799 8800 8881 8880
9172 3 2 9 1 8800 8801 8882 8881
9173 3 2 9 1 8801 8802 8883 8882
9174 3 2 9 1 8802 8803 8884 8883
9175 3 2 9 1 8803 8804 8885 8884
9176 3 2 9 1 8804 8805 8886 8885
9177 3 2 9 1 8805 8806 8887 8886
9178 3 2 9 1 8806 8807 8888 8887
9179 3 2 9 1 8807 8808 8889 8888
9180 3 2 9 1 8808 8809 8890 8889
9181 3 2 9 1 8809 8810 8891 8890
9182 3 2 9 1 8810 8811 8892 8891
9183 3 2 9 1 8811 8812 8893 8892
9184 3 2 9 1 8812 8813 8894 8893
9185 3 2 9 1 8813 8814 8895 8894
9186 3 2 9 1 8814 8815 8896 8895
9187 3 2 9 1 8815 8816 8897 8896
9188 3 2 9 1 8816 8817 8898 8897
9189 3 2 9 1 8817 8818 8899 8898
9190 3 2 9 1 8818 8819 8900 8899
9191 3 2 9 1 8819 8820 8901 8900
9192 3 2 9 1 8820 8821 8902 8901
9193 3 2 9 1 8821 8822 8903 8902
9194 3 2 9 1 8822 8823 8904 8903
9195 3 2 9 1 8823 8824 8905 8904
9196 3 2 9 1 8824 8825 8906 8905
9197 3 2 9 1 8825 8826 8907 8906
9198 3 2 9 1 8826 8827 8908 8907
9199 3 2 9 1 8827 8828 8909 8908
9200 3 2 9 1 8828 8829 8910 8909
9201 3 2 9 1 8830 8831 8912 8911
9202 3 2 9 1 8831 8832 8913 8912
9203 3 2 9 1 8832 8833 8914 8913
9204 3 2 9 1 8833 8834 8915 8914
9205 3 2 9 1 8834 8835 8916 8915
9206 3 2 9 1 8835 8836 8917 8916
9207 3 2 9 1 8836 8837 8918 8917
9208 3 2 9 1 8837 8838 8919 8918
9209 3 2 9 1 8838 8839 8920 8919
9210 3 2 9 1 8839 8840 8921 8920
9211 3 2 9 1 8840 8841 8922 8921
9212 3 2 9 1 8841 8842 8923 8922
9213 3 2 9 1 8842 8843 8924 8923
9214 3 2 9 1 8843 8844 8925 8924
9215 3 2 9 1 8844 8845 8926 8925
9216 3 2 9 1 8845 8846 8927 8926
9217 3 2 9 1 8846 8847 8928 8927
9218 3 2 9 1 8847 8848 8929 8928
9219 3 2 9 1 8848 8849 8930 8929
9220 3 2 9 1 8849 8850 8931 8930
9221 3 2 9 1 8850 8851 8932 8931
9222 3 2 9 1 8851 8852 8933 8932
9223 3 2 9 1 8852 8853 8934 8933
9224 3 2 9 1 8853 8854 8935 8934
9225 3 2 9 1 8854 8855 8936 8935
9226 3 2 9 1 8855 8856 8937 8936
9227 3 2 9 1 8856 8857 8938 8937
9228 3 2 9 1 8857 8858 8939 8938
9229 3 2 9 1 8858 8859 8940 8939
9230 3 2 9 1 8859 8860 8941 8940
9231 3 2 9 1 8860 8861 8942 8941
9232 3 2 9 1 8861 8862 8943 8942
9233 3 2 9 1 8862 8863 8944 8943
9234 3 2 9 1 8863 8864 8945 8944
9235 3 2 9 1 8864 8865 8946 8945
9236 3 2 9 1 8865 8866 8947 8946
9237 3 2 9 1 8866 8867 8948 8947
9238 3 2 9 1 8867 8868 8949 8948
9239 3 2 9 1 8868 8869 8950 8949
9240 3 2 9 1 8869 8870 8951 8950
9241 3 2 9 1 8870 8871 8952 8951
9242 3 2 9 1 8871 8872 8953 8952
9243 3 2 9 1 8872 8873 8954 8953
9244 3 2 9 1 8873 8874 8955 8954
9245 3 2 9 1 8874 8875 8956 8955
9246 3 2 9 1 8875 8876 8957 8956
9247 3 2 9 1 8876 8877 8958 8957
9248 3 2 9 1 8877 8878 8959 8958
9249 3 2 9 1 8878 8879 8960 8959
9250 3 2 9 1 8879 8880 8961 8960
9251 3 2 9 1 8880 8881 8962 8961
9252 3 2 9 1 8881 8882 8963 8962
9253 3 2 9 1 8882 8883 8964 8963
9254 3 2 9 1 8883 8884 8965 8964
9255 3 2 9 1 8884 8885 8966 8965
9256 3 2 9 1 8885 8886 8967 8966
9257 3 2 9 1 8886 8887 8968 8967
9258 3 2 9 1 8887 8888 8969 8968
9259 3 2 9 1 8888 8889 8970 8969
9260 3 2 9 1 8889 8890 8971 8970
9261 3 2 9 1 8890 8891 8972 8971
9262 3 2 9 1 8891 8892 8973 8972
9263 3 2 9 1 8892 8893 8974 8973
9264 3 2 9 1 8893 8894 8975 8974
9265 3 2 9 1 8894 8895 8976 8975
9266 3 2 9 1 8895 8896 8977 8976
9267 3 2 9 1 8896 8897 8978 8977
9268 3 2 9 1 8897 8898 8979 8978
9269 3 2 9 1 8898 8899 8980 8979
9270 3 2 9 1 8899 8900 8981 8980
9271 3 2 9 1 8900 8901 8982 8981
9272 3 2 9 1 8901 8902 8983 8982
9273 3 2 9 1 8902 8903 8984 8983
9274 3 2 9 1 8903 8904 8985 8984
9275 3 2 9 1 8904 8905 8986 8985
9276 3 2 9 1 8905 8906 8987 8986
9277 3 2 9 1 8906 8907 8988 8987
9278 3 2 9 1 8907 8908 8989 8988
9279 3 2 9 1 8908 8909 8990 8989
9280 3 2 9 1 8909 8910 8991 8990
9281 3 2 9 1 8911 8912 8993 8992
9282 3 2 9 1 8912 8913 8994 8993
9283 3 2 9 1 8913 8914 8995 8994
9284 3 2 9 1 8914 8915 8996 8995
9285 3 2 9 1 8915 8916 8997 8996
9286 3 2 9 1 8916 8917 8998 8997
9287 3 2 9 1 8917 8918 8999 8998
9288 3 2 9 1 8918 8919 9000 8999
9289 3 2 9 1 8919 8920 9001 9000
9290 3 2 9 1 8920 8921 9002 9001
9291 3 2 9 1 8921 8922 9003 9002
9292 3 2 9 1 8922 8923 9004 9003
9293 3 2 9 1 8923 8924 9005 9004
9294 3 2 9 1 8924 8925 9006 9005
9295 3 2 9 1 8925 8926 9007 9006
9296 3 2 9 1 8926 8927 9008 9007
9297 3 2 9 1 8927 8928 9009 9008
9298 3 2 9 1 8928 8929 9010 9009
9299 3 2 9 1 8929 8930 9011 9010
9300 3 2 9 1 8930 8931 9012 9011
9301 3 2 9 1 8931 8932 9013 9012
9302 3 2 9 1 8932 8933 9014 9013
9303 3 2 9 1 8933 8934 9015 9014
9304 3 2 9 1 8934 8935 9016 9015
9305 3 2 9 1 8935 8936 9017 9016
9306 3 2 9 1 8936 8937 9018 9017
9307 3 2 9 1 8937 8938 9019 9018
9308 3 2 9 1 8938 8939 9020 9019
9309 3 2 9 1 8939 8940 9021 9020
9310 3 2 9 1 8940 8941 9022 9021
9311 3 2 9 1 8941 8942 9023 9022
9312 3 2 9 1 8942 8943 9024 9023
9313 3 2 9 1 8943 8944 9025 9024
9314 3 2 9 1 8944 8945 9026 9025
9315 3 2 9 1 8945 8946 9027 9026
9316 3 2 9 1 8946 8947 9028 9027
9317 3 2 9 1 8947 8948 9029 9028
9318 3 2 9 1 8948 8949 9030 9029
9319 3 2 9 1 8949 8950 9031 9030
9320 3 2 9 1 8950 8951 9032 9031
9321 3 2 9 1 8951 8952 9033 9032
9322 3 2 9 1 8952 8953 9034 9033
9323 3 2 9 1 8953 8954 9035 9034
9324 3 2 9 1 8954 8955 9036 9035
9325 3 2 9 1 8955 8956 9037 9036
9326 3 2 9 1 8956 8957 9038 9037
9327 3 2 9 1 8957 8958 9039 9038
9328 3 2 9 1 8958 8959 9040 9039
9329 3 2 9 1 8959 8960 9041 9040
9330 3 2 9 1 8960 8961 9042 9041
9331 3 2 9 1 8961 8962 9043 9042
9332 3 2 9 1 8962 8963 9044 9043
9333 3 2 9 1 8963 8964 9045 9044
9334 3 2 9 1 8964 8965 9046 9045
9335 3 2 9 1 8965 8966 9047 9046
9336 3 2 9 1 8966 8967 9048 9047
9337 3 2 9 1 8967 8968 9049 9048
9338 3 2 9 1 8968 8969 9050 9049
9339 3 2 9 1 8969 8970 9051 9050
9340 3 2 9 1 8970 8971 9052 9051
9341 3 2 9 1 8971 8972 9053 9052
9342 3 2 9 1 8972 8973 9054 9053
9343 3 2 9 1 8973 8974 9055 9054
9344 3 2 9 1 8974 8975 9056 9055
9345 3 2 9 1 8975 8976 9057 9056
9346 3 2 9 1 8976 8977 9058 9057
9347 3 2 9 1 8977 8978 9059 9058
9348 3 2 9 1 8978 8979 9060 9059
9349 3 2 9 1 8979 8980 9061 9060
9350 3 2 9 1 8980 8981 9062 9061
9351 3 2 9 1 8981 8982 9063 9062
9352 3 2 9 1 8982 8983 9064 9063
9353 3 2 9 1 8983 8984 9065 9064
9354 3 2 9 1 8984 8985 9066 9065
9355 3 2 9 1 8985 8986 9067 9066
9356 3 2 9 1 8986 8987 9068 9067
9357 3 2 9 1 8987 8988 9069 9068
9358 3 2 9 1 8988 8989 9070 9069
9359 3 2 9 1 8989 8990 9071 9070
9360 3 2 9 1 8990 8991 9072 9071
9361 3 2 9 1 8992 8993 9074 9073
9362 3 2 9 1 8993 8994 9075 9074
9363 3 2 9 1 8994 8995 9076 9075
9364 3 2 9 1 8995 8996 9077 9076
9365 3 2 9 1 8996 8997 9078 9077
9366 3 2 9 1 8997 8998 9079 9078
9367 3 2 9 1 8998 8999 9080 9079
9368 3 2 9 1 8999 9000 9081 9080
9369 3 2 9 1 9000 9001 9082 9081
9370 3 2 9 1 9001 9002 9083 9082
9371 3 2 9 1 9002 9003 9084 9083
9372 3 2 9 1 9003 9004 9085 9084
9373 3 2 9 1 9004 9005 9086 9085
9374 3 2 9 1 9005 9006 9087 9086
9375 3 2 9 1 9006 9007 9088 9087
9376 3 2 9 1 9007 9008 9089 9088
9377 3 2 9 1 9008 9009 9090 9089
9378 3 2 9 1 9009 9010 9091 9090
9379 3 2 9 1 9010 9011 9092 9091
9380 3 2 9 1 9011 9012 9093 9092
9381 3 2 9 1 9012 9013 9094 9093
9382 3 2 9 1 9013 9014 9095 9094
9383 3 2 9 1 9014 9015 9096 9095
9384 3 2 9 1 9015 9016 9097 9096
9385 3 2 9 1 9016 9017 9098 9097
9386 3 2 9 1 9017 9018 9099 9098
9387 3 2 9 1 9018 9019 9100 9099
9388 3 2 9 1 9019 9020 9101 9100
9389 3 2 9 1 9020 9021 9102 9101
9390 3 2 9 1 9021 9022 9103 9102
9391 3 2 9 1 9022 9023 9104 9103
9392 3 2 9 1 9023 9024 9105 9104
9393 3 2 9 1 9024 9025 9106 9105
9394 3 2 9 1 9025 9026 9107 9106
9395 3 2 9 1 9026 9027 9108 9107
9396 3 2 9 1 9027 9028 9109 9108
9397 3 2 9 1 9028 9029 9110 9109
9398 3 2 9 1 9029 9030 9111 9110
9399 3 2 9 1 9030 9031 9112 9111
9400 3 2 9 1 9031 9032 9113 9112
9401 3 2 9 1 9032 9033 9114 9113
9402 3 2 9 1 9033 9034 9115 9114
9403 3 2 9 1 9034 9035 9116 9115
9404 3 2 9 1 9035 9036 9117 9116
9405 3 2 9 1 9036 9037 9118 9117
9406 3 2 9 1 9037 9038 9119 9118
9407 3 2 9 1 9038 9039 9120 9119
9408 3 2 9 1 9039 9040 9121 9120
9409 3 2 9 1 9040 9041 9122 9121
9410 3 2 9 1 9041 9042 9123 9122
9411 3 2 9 1 9042 9043 9124 9123
9412 3 2 9 1 9043 9044 9125 9124
9413 3 2 9 1 9044 9045 9126 9125
9414 3 2 9 1 9045 9046 9127 9126
9415 3 2 9 1 9046 9047 9128 9127
9416 3 2 9 1 9047 9048 9129 9128
9417 3 2 9 1 9048 9049 9130 9129
9418 3 2 9 1 9049 9050 9131 9130
9419 3 2 9 1 9050 9051 9132 9131
9420 3 2 9 1 9051 9052 9133 9132
9421 3 2 9 1 9052 9053 9134 9133
9422 3 2 9 1 9053 9054 9135 9134
9423 3 2 9 1 9054 9055 9136 9135
9424 3 2 9 1 9055 9056 9137 9136
9425 3 2 9 1 9056 9057 9138 9137
9426 3 2 9 1 9057 9058 9139 9138
9427 3 2 9 1 9058 9059 9140 9139
9428 3 2 9 1 9059 9060 9141 9140
9429 3 2 9 1 9060 9061 9142 9141
9430 3 2 9 1 9061 9062 9143 9142
9431 3 2 9 1 9062 9063 9144 9143
9432 3 2 9 1 9063 9064 9145 9144
9433 3 2 9 1 9064 9065 9146 9145
9434 3 2 9 1 9065 9066 9147 9146
9435 3 2 9 1 9066 9067 9148 9147
9436 3 2 9 1 9067 9068 9149 9148
9437 3 2 9 1 9068 9069 9150 9149
9438 3 2 9 1 9069 9070 9151 9150
9439 3 2 9 1 9070 9071 9152 9151
9440 3 2 9 1 9071 9072 9153 9152
9441 3 2 9 1 9073 9074 9155 9154
9442 3 2 9 1 9074 9075 9156 9155
9443 3 2 9 1 9075 9076 9157 9156
9444 3 2 9 1 9076 9077 9158 9157
9445 3 2 9 1 9077 9078 9159 9158
9446 3 2 9 1 9078 9079 9160 9159
9447 3 2 9 1 9079 9080 9161 9160
9448 3 2 9 1 9080 9081 9162 9161
9449 3 2 9 1 9081 9082 9163 9162
9450 3 2 9 1 9082 9083 9164 9163
9451 3 2 9 1 9083 9084 9165 9164
9452 3 2 9 1 9084 9085 9166 9165
9453 3 2 9 1 9085 9086 9167 9166
9454 3 2 9 1 9086 9087 9168 9167
9455 3 2 9 1 9087 9088 9169 9168
9456 3 2 9 1 9088 9089 9170 9169
9457 3 2 9 1 9089 9090 9171 9170
9458 3 2 9 1 9090 9091 9172 9171
9459 3 2 9 1 9091 9092 9173 9172
9460 3 2 9 1 9092 9093 9174 9173
9461 3 2 9 1 9093 9094 9175 9174
9462 3 2 9 1 9094 9095 9176 9175
9463 3 2 9 1 9095 9096 9177 9176
9464 3 2 9 1 9096 9097 9178 9177
9465 3 2 9 1 9097 9098 9179 9178
9466 3 2 9 1 9098 9099 9180 9179
9467 3 2 9 1 9099 9100 9181 9180
9468 3 2 9 1 9100 9101 9182 9181
9469 3 2 9 1 9101 9102 9183 9182
9470 3 2 9 1 9102 9103 9184 9183
9471 3 2 9 1 9103 9104 9185 9184
9472 3 2 9 1 9104 9105 9186 9185
9473 3 2 9 1 9105 9106 9187 9186
9474 3 2 9 1 9106 9107 9188 9187
9475 3 2 9 1 9107 9108 9189 9188
9476 3 2 9 1 9108 9109 9190 9189
9477 3 2 9 1 9109 9110 9191 9190
9478 3 2 9 1 9110 9111 9192 9191
9479 3 2 9 1 9111 9112 9193 9192
9480 3 2 9 1 9112 9113 9194 9193
9481 3 2 9 1 9113 9114 9195 9194
9482 3 2 9 1 9114 9115 9196 9195
9483 3 2 9 1 9115 9116 9197 9196
9484 3 2 9 1 9116 9117 9198 9197
9485 3 2 9 1 9117 9118 9199 9198
9486 3 2 9 1 9118 9119 9200 9199
9487 3 2 9 1 9119 9120 9201 9200
9488 3 2 9 1 9120 9121 9202 9201
9489 3 2 9 1 9121 9122 9203 9202
9490 3 2 9 1 9122 9123 9204 9203
9491 3 2 9 1 9123 9124 9205 9204
9492 3 2 9 1 9124 9125 9206 9205
9493 3 2 9 1 9125 9126 9207 9206
9494 3 2 9 1 9126 9127 9208 9207
9495 3 2 9 1 9127 9128 9209 9208
9496 3 2 9 1 9128 9129 9210 9209
9497 3 2 9 1 9129 9130 9211 9210
9498 3 2 9 1 9130 9131 9212 9211
9499 3 2 9 1 9131 9132 9213 9212
9500 3 2 9 1 9132 9133 9214 9213
9501 3 2 9 1 9133 9134 9215 9214
9502 3 2 9 1 9134 9135 9216 9215
9503 3 2 9 1 9135 9136 9217 9216
9504 3 2 9 1 9136 9137 9218 9217
9505 3 2 9 1 9137 9138 9219 9218
9506 3 2 9 1 9138 9139 9220 9219
9507 3 2 9 1 9139 9140 9221 9220
9508 3 2 9 1 9140 9141 9222 9221
9509 3 2 9 1 9141 9142 9223 9222
9510 3 2 9 1 9142 9143 9224 9223
9511 3 2 9 1 9143 9144 9225 9224
9512 3 2 9 1 9144 9145 9226 9225
9513 3 2 9 1 9145 9146 9227 9226
9514 3 2 9 1 9146 9147 9228 9227
9515 3 2 9 1 9147 9148 9229 9228
9516 3 2 9 1 9148 9149 9230 9229
9517 3 2 9 1 9149 9150 9231 9230
9518 3 2 9 1 9150 9151 9232 9231
9519 3 2 9 1 9151 9152 9233 9232
9520 3 2 9 1 9152 9153 9234 9233
9521 3 2 9 1 9154 9155 9236 9235
9522 3 2 9 1 9155 9156 9237 9236
9523 3 2 9 1 9156 9157 9238 9237
9524 3 2 9 1 9157 9158 9239 9238
9525 3 2 9 1 9158 9159 9240 9239
9526 3 2 9 1 9159 9160 9241 9240
9527 3 2 9 1 9160 9161 9242 9241
9528 3 2 9 1 9161 9162 9243 9242
9529 3 2 9 1 9162 9163 9244 9243
9530 3 2 9 1 9163 9164 9245 9244
9531 3 2 9 1 9164 9165 9246 9245
9532 3 2 9 1 9165 9166 9247 9246
9533 3 2 9 1 9166 9167 9248 9247
9534 3 2 9 1 9167 9168 9249 9248
9535 3 2 9 1 9168 9169 9250 9249
9536 3 2 9 1 9169 9170 9251 9250
9537 3 2 9 1 9170 9171 9252 9251
9538 3 2 9 1 9171 9172 9253 9252
9539 3 2 9 1 9172 9173 9254 9253
9540 3 2 9 1 9173 9174 9255 9254
9541 3 2 9 1 9174 9175 9256 9255
9542 3 2 9 1 9175 9176 9257 9256
9543 3 2 9 1 9176 9177 9258 9257
9544 3 2 9 1 9177 9178 9259 9258
9545 3 2 9 1 9178 9179 9260 9259
9546 3 2 9 1 9179 9180 9261 9260
9547 3 2 9 1 9180 9181 9262 9261
9548 3 2 9 1 9181 9182 9263 9262
9549 3 2 9 1 9182 9183 9264 9263
9550 3 2 9 1 9183 9184 9265 9264
9551 3 2 9 1 9184 9185 9266 9265
9552 3 2 9 1 9185 9186 9267 9266
9553 3 2 9 1 9186 9187 9268 9267
9554 3 2 9 1 9187 9188 9269 9268
9555 3 2 9 1 9188 9189 9270 9269
9556 3 2 9 1 9189 9190 9271 9270
9557 3 2 9 1 9190 9191 9272 9271
9558 3 2 9 1 9191 9192 9273 9272
9559 3 2 9 1 9192 9193 9274 9273
9560 3 2 9 1 9193 9194 9275 9274
9561 3 2 9 1 9194 9195 9276 9275
9562 3 2 9 1 9195 9196 9277 9276
9563 3 2 9 1 9196 9197 9278 9277
9564 3 2 9 1 9197 9198 9279 9278
9565 3 2 9 1 9198 9199 9280 9279
9566 3 2 9 1 9199 9200 9281 9280
9567 3 2 9 1 9200 9201 9282 9281
9568 3 2 9 1 9201 9202 9283 9282
9569 3 2 9 1 9202 9203 9284 9283
9570 3 2 9 1 9203 9204 9285 9284
9571 3 2 9 1 9204 9205 9286 9285
9572 3 2 9 1 9205 9206 9287 9286
9573 3 2 9 1 9206 9207 9288 9287
9574 3 2 9 1 9207 9208 9289 9288
9575 3 2 9 1 9208 9209 9290 9289
9576 3 2 9 1 9209 9210 9291 9290
9577 3 2 9 1 9210 9211 9292 9291
9578 3 2 9 1 9211 9212 9293 9292
9579 3 2 9 1 9212 9213 9294 9293
9580 3 2 9 1 9213 9214 9295 9294
9581 3 2 9 1 9214 9215 9296 9295
9582 3 2 9 1 9215 9216 9297 9296
9583 3 2 9 1 9216 9217 9298 9297
9584 3 2 9 1 9217 9218 9299 9298
9585 3 2 9 1 9218 9219 9300 9299
9586 3 2 9 1 9219 9220 9301 9300
9587 3 2 9 1 9220 9221 9302 9301
9588 3 2 9 1 9221 9222 9303 9302
9589 3 2 9 1 9222 9223 9304 9303
9590 3 2 9 1 9223 9224 9305 9304
9591 3 2 9 1 9224 9225 9306 9305
9592 3 2 9 1 9225 9226 9307 9306
9593 3 2 9 1 9226 9227 9308 9307
9594 3 2 9 1 9227 9228 9309 9308
9595 3 2 9 1 9228 9229 9310 9309
9596 3 2 9 1 9229 9230 9311 9310
9597 3 2 9 1 9230 9231 9312 9311
9598 3 2 9 1 9231 9232 9313 9312
9599 3 2 9 1 9232 9233 9314 9313
9600 3 2 9 1 9233 9234 9315 9314
9601 3 2 9 1 9235 9236 9317 9316
9602 3 2 9 1 9236 9237 9318 9317
9603 3 2 9 1 9237 9238 9319 9318
9604 3 2 9 1 9238 9239 9320 9319
9605 3 2 9 1 9239 9240 9321 9320
9606 3 2 9 1 9240 9241 9322 9321
9607 3 2 9 1 9241 9242 9323 9322
9608 3 2 9 1 9242 9243 9324 9323
9609 3 2 9 1 9243 9244 9325 9324
9610 3 2 9 1 9244 9245 9326 9325
9611 3 2 9 1 9245 9246 9327 9326
9612 3 2 9 1 9246 9247 9328 9327
9613 3 2 9 1 9247 9248 9329 9328
9614 3 2 9 1 9248 9249 9330 9329
9615 3 2 9 1 9249 9250 9331 9330
9616 3 2 9 1 9250 9251 9332 9331
9617 3 2 9 1 9251 9252 9333 9332
9618 3 2 9 1 9252 9253 9334 9333
9619 3 2 9 1 9253 9254 9335 9334
9620 3 2 9 1 9254 9255 9336 9335
9621 3 2 9 1 9255 9256 9337 9336
9622 3 2 9 1 9256 9257 9338 9337
9623 3 2 9 1 9257 9258 9339 9338
9624 3 2 9 1 9258 9259 9340 9339
9625 3 2 9 1 9259 9260 9341 9340
9626 3 2 9 1 9260 9261 9342 9341
9627 3 2 9 1 9261 9262 9343 9342
9628 3 2 9 1 9262 9263 9344 9343
9629 3 2 9 1 9263 9264 9345 9344
9630 3 2 9 1 9264 9265 9346 9345
9631 3 2 9 1 9265 9266 9347 9346
9632 3 2 9 1 9266 9267 9348 9347
9633 3 2 9 1 9267 9268 9349 9348
9634 3 2 9 1 9268 9269 9350 9349
9635 3 2 9 1 9269 9270 9351 9350
9636 3 2 9 1 9270 9271 9352 9351
9637 3 2 9 1 9271 9272 9353 9352
9638 3 2 9 1 9272 9273 9354 9353
9639 3 2 9 1 9273 9274 9355 9354
9640 3 2 9 1 9274 9275 9356 9355
9641 3 2 9 1 9275 9276 9357 9356
9642 3 2 9 1 9276 9277 9358 9357
9643 3 2 9 1 9277 9278 9359 9358
9644 3 2 9 1 9278 9279 9360 9359
9645 3 2 9 1 9279 9280 9361 9360
9646 3 2 9 1 9280 9281 9362 9361
9647 3 2 9 1 9281 9282 9363 9362
9648 3 2 9 1 9282 9283 9364 9363
9649 3 2 9 1 9283 9284 9365 9364
9650 3 2 9 1 9284 9285 9366 9365
9651 3 2 9 1 9285 9286 9367 9366
9652 3 2 9 1 9286 9287 9368 9367
9653 3 2 9 1 9287 9288 9369 9368
9654 3 2 9 1 9288 9289 9370 9369
9655 3 2 9 1 9289 9290 9371 9370
9656 3 2 9 1 9290 9291 9372 9371
9657 3 2 9 1 9291 9292 9373 9372
9658 3 2 9 1 9292 9293 9374 9373
9659 3 2 9 1 9293 9294 9375 9374
9660 3 2 9 1 9294 9295 9376 9375
9661 3 2 9 1 9295 9296 9377 9376
9662 3 2 9 1 9296 9297 9378 9377
9663 3 2 9 1 9297 9298 9379 9378
9664 3 2 9 1 9298 9299 9380 9379
9665 3 2 9 1 9299 9300 9381 9380
9666 3 2 9 1 9300 9301 9382 9381
9667 3 2 9 1 9301 9302 9383 9382
9668 3 2 9 1 9302 9303 9384 9383
9669 3 2 9 1 9303 9304 9385 9384
9670 3 2 9 1 9304 9305 9386 9385
9671 3 2 9 1 9305 9306 9387 9386
9672 3 2 9 1 9306 9307 9388 9387
9673 3 2 9 1 9307 9308 9389 9388
9674 3 2 9 1 9308 9309 9390 9389
9675 3 2 9 1 9309 9310 9391 9390
9676 3 2 9 1 9310 9311 9392 9391
9677 3 2 9 1 9311 9312 9393 9392
9678 3 2 9 1 9312 9313 9394 9393
9679 3 2 9 1 9313 9314 9395 9394
9680 3 2 9 1 9314 9315 9396 9395
9681 3 2 9 1 9316 9317 9398 9397
9682 3 2 9 1 9317 9318 9399 9398
9683 3 2 9 1 9318 9319 9400 9399
9684 3 2 9 1 9319 9320 9401 9400
9685 3 2 9 1 9320 9321 9402 9401
9686 3 2 9 1 9321 9322 9403 9402
9687 3 2 9 1 9322 9323 9404 9403
9688 3 2 9 1 9323 9324 9405 9404
9689 3 2 9 1 9324 9325 9406 9405
9690 3 2 9 1 9325 9326 9407 9406
9691 3 2 9 1 9326 9327 9408 9407
9692 3 2 9 1 9327 9328 9409 9408
9693 3 2 9 1 9328 9329 9410 9409
9694 3 2 9 1 9329 9330 9411 9410
9695 3 2 9 1 9330 9331 9412 9411
9696 3 2 9 1 9331 9332 9413 9412
9697 3 2 9 1 9332 9333 9414 9413
9698 3 2 9 1 9333 9334 9415 9414
9699 3 2 9 1 9334 9335 9416 9415
9700 3 2 9 1 9335 9336 9417 9416
9701 3 2 9 1 9336 9337 9418 9417
9702 3 2 9 1 9337 9338 9419 9418
9703 3 2 9 1 9338 9339 9420 9419
9704 3 2 9 1 9339 9340 9421 9420
9705 3 2 9 1 9340 9341 9422 9421
9706 3 2 9 1 9341 9342 9423 9422
9707 3 2 9 1 9342 9343 9424 9423
9708 3 2 9 1 9343 9344 9425 9424
9709 3 2 9 1 9344 9345 9426 9425
9710 3 2 9 1 9345 9346 9427 9426
9711 3 2 9 1 9346 9347 9428 9427
9712 3 2 9 1 9347 9348 9429 9428
9713 3 2 9 1 9348 9349 9430 9429
9714 3 2 9 1 9349 9350 9431 9430
9715 3 2 9 1 9350 9351 9432 9431
9716 3 2 9 1 9351 9352 9433 9432
9717 3 2 9 1 9352 9353 9434 9433
9718 3 2 9 1 9353 9354 9435 9434
9719 3 2 9 1 9354 9355 9436 9435
9720 3 2 9 1 9355 9356 9437 9436
9721 3 2 9 1 9356 9357 9438 9437
9722 3 2 9 1 9357 9358 9439 9438
9723 3 2 9 1 9358 9359 9440 9439
9724 3 2 9 1 9359 9360 9441 9440
9725 3 2 9 1 9360 9361 9442 9441
9726 3 2 9 1 9361 9362 9443 9442
9727 3 2 9 1 9362 9363 9444 9443
9728 3 2 9 1 9363 9364 9445 9444
9729 3 2 9 1 9364 9365 9446 9445
9730 3 2 9 1 9365 9366 9447 9446
9731 3 2 9 1 9366 9367 9448 9447
9732 3 2 9 1 9367 9368 9449 9448
9733 3 2 9 1 9368 9369 9450 9449
9734 3 2 9 1 9369 9370 9451 9450
9735 3 2 9 1 9370 9371 9452 9451
9736 3 2 9 1 9371 9372 9453 9452
9737 3 2 9 1 9372 9373 9454 9453
9738 3 2 9 1 9373 9374 9455 9454
9739 3 2 9 1 9374 9375 9456 9455
9740 3 2 9 1 9375 9376 9457 9456
9741 3 2 9 1 9376 9377 9458 9457
9742 3 2 9 1 9377 9378 9459 9458
9743 3 2 9 1 9378 9379 9460 9459
9744 3 2 9 1 9379 9380 9461 9460
9745 3 2 9 1 9380 9381 9462 9461
9746 3 2 9 1 9381 9382 9463 9462
9747 3 2 9 1 9382 9383 9464 9463
9748 3 2 9 1 9383 9384 9465 9464
9749 3 2 9 1 9384 9385 9466 9465
9750 3 2 9 1 9385 9386 9467 9466
9751 3 2 9 1 9386 9387 9468 9467
9752 3 2 9 1 9387 9388 9469 9468
9753 3 2 9 1 9388 9389 9470 9469
9754 3 2 9 1 9389 9390 9471 9470
9755 3 2 9 1 9390 9391 9472 9471
9756 3 2 9 1 9391 9392 9473 9472
9757 3 2 9 1 9392 9393 9474 9473
9758 3 2 9 1 9393 9394 9475 9474
9759 3 2 9 1 9394 9395 9476 9475
9760 3 2 9 1 9395 9396 9477 9476
9761 3 2 9 1 9397 9398 9479 9478
9762 3 2 9 1 9398 9399 9480 9479
9763 3 2 9 1 9399 9400 9481 9480
9764 3 2 9 1 9400 9401 9482 9481
9765 3 2 9 1 9401 9402 9483 9482
9766 3 2 9 1 9402 9403 9484 9483
9767 3 2 9 1 9403 9404 9485 9484
9768 3 2 9 1 9404 9405 9486 9485
9769 3 2 9 1 9405 9406 9487 9486
9770 3 2 9 1 9406 9407 9488 9487
9771 3 2 9 1 9407 9408 9489 9488
9772 3 2 9 1 9408 9409 9490 9489
9773 3 2 9 1 9409 9410 9491 9490
9774 3 2 9 1 9410 9411 9492 9491
9775 3 2 9 1 9411 9412 9493 9492
9776 3 2 9 1 9412 9413 9494 9493
9777 3 2 9 1 9413 9414 9495 9494
9778 3 2 9 1 9414 9415 9496 9495
9779 3 2 9 1 9415 9416 9497 9496
9780 3 2 9 1 9416 9417 9498 9497
9781 3 2 9 1 9417 9418 9499 9498
9782 3 2 9 1 9418 9419 9500 9499
9783 3 2 9 1 9419 9420 9501 9500
9784 3 2 9 1 9420 9421 9502 9501
9785 3 2 9 1 9421 9422 9503 9502
9786 3 2 9 1 9422 9423 9504 9503
9787 3 2 9 1 9423 9424 9505 9504
9788 3 2 9 1 9424 9425 9506 9505
9789 3 2 9 1 9425 9426 9507 9506
9790 3 2 9 1 9426 9427 9508 9507
9791 3 2 9 1 9427 9428 9509 9508
9792 3 2 9 1 9428 9429 9510 9509
9793 3 2 9 1 9429 9430 9511 9510
9794 3 2 9 1 9430 9431 9512 9511
9795 3 2 9 1 9431 9432 9513 9512
9796 3 2 9 1 9432 9433 9514 9513
9797 3 2 9 1 9433 9434 9515 9514
9798 3 2 9 1 9434 9435 9516 9515
9799 3 2 9 1 9435 9436 9517 9516
9800 3 2 9 1 9436 9437 9518 9517
9801 3 2 9 1 9437 9438 9519 9518
9802 3 2 9 1 9438 9439 9520 9519
9803 3 2 9 1 9439 9440 9521 9520
9804 3 2 9 1 9440 9441 9522 9521
9805 3 2 9 1 9441 9442 9523 9522
9806 3 2 9 1 9442 9443 9524 9523
9807 3 2 9 1 9443 9444 9525 9524
9808 3 2 9 1 9444 9445 9526 9525
9809 3 2 9 1 9445 9446 9527 9526
9810 3 2 9 1 9446 9447 9528 9527
9811 3 2 9 1 9447 9448 9529 9528
9812 3 2 9 1 9448 9449 9530 9529
9813 3 2 9 1 9449 9450 9531 9530
9814 3 2 9 1 9450 9451 9532 9531
9815 3 2 9 1 9451 9452 9533 9532
9816 3 2 9 1 9452 9453 9534 9533
9817 3 2 9 1 9453 9454 9535 9534
9818 3 2 9 1 9454 9455 9536 9535
9819 3 2 9 1 9455 9456 9537 9536
9820 3 2 9 1 9456 9457 9538 9537
9821 3 2 9 1 9457 9458 9539 9538
9822 3 2 9 1 9458 9459 9540 9539
9823 3 2 9 1 9459 9460 9541 9540
9824 3 2 9 1 9460 9461 9542 9541
9825 3 2 9 1 9461 9462 9543 9542
9826 3 2 9 1 9462 9463 9544 9543
9827 3 2 9 1 9463 9464 9545 9544
9828 3 2 9 1 9464 9465 9546 9545
9829 3 2 9 1 9465 9466 9547 9546
9830 3 2 9 1 9466 9467 9548 9547
9831 3 2 9 1 9467 9468 9549 9548
9832 3 2 9 1 9468 9469 9550 9549
9833 3 2 9 1 9469 9470 9551 9550
9834 3 2 9 1 9470 9471 9552 9551
9835 3 2 9 1 9471 9472 9553 9552
9836 3 2 9 1 9472 9473 9554 9553
9837 3 2 9 1 9473 9474 9555 9554
9838 3 2 9 1 9474 9475 9556 9555
9839 3 2 9 1 9475 9476 9557 9556
9840 3 2 9 1 9476 9477 9558 9557
9841 3 2 9 1 9478 9479 9560 9559
9842 3 2 9 1 9479 9480 9561 9560
9843 3 2 9 1 9480 9481 9562 9561
9844 3 2 9 1 9481 9482 9563 9562
9845 3 2 9 1 9482 9483 9564 9563
9846 3 2 9 1 9483 9484 9565 9564
9847 3 2 9 1 9484 9485 9566 9565
9848 3 2 9 1 9485 9486 9567 9566
9849 3 2 9 1 9486 9487 9568 9567
9850 3 2 9 1 9487 9488 9569 9568
9851 3 2 9 1 9488 9489 9570 9569
9852 3 2 9 1 9489 9490 9571 9570
9853 3 2 9 1 9490 9491 9572 9571
9854 3 2 9 1 9491 9492 9573 9572
9855 3 2 9 1 9492 9493 9574 9573
9856 3 2 9 1 9493 9494 9575 9574
9857 3 2 9 1 9494 9495 9576 9575
9858 3 2 9 1 9495 9496 9577 9576
9859 3 2 9 1 9496 9497 9578 9577
9860 3 2 9 1 9497 9498 9579 9578
9861 3 2 9 1 9498 9499 9580 9579
9862 3 2 9 1 9499 9500 9581 9580
9863 3 2 9 1 9500 9501 9582 9581
9864 3 2 9 1 9501 9502 9583 9582
9865 3 2 9 1 9502 9503 9584 9583
9866 3 2 9 1 9503 9504 9585 9584
9867 3 2 9 1 9504 9505 9586 9585
9868 3 2 9 1 9505 9506 9587 9586
9869 3 2 9 1 9506 9507 9588 9587
9870 3 2 9 1 9507 9508 9589 9588
9871 3 2 9 1 9508 9509 9590 9589
9872 3 2 9 1 9509 9510 9591 9590
9873 3 2 9 1 9510 9511 9592 9591
9874 3 2 9 1 9511 9512 9593 9592
9875 3 2 9 1 9512 9513 9594 9593
9876 3 2 9 1 9513 9514 9595 9594
9877 3 2 9 1 9514 9515 9596 9595
9878 3 2 9 1 9515 9516 9597 9596
9879 3 2 9 1 9516 9517 9598 9597
9880 3 2 9 1 9517 9518 9599 9598
9881 3 2 9 1 9518 9519 9600 9599
9882 3 2 9 1 9519 9520 9601 9600
9883 3 2 9 1 9520 9521 9602 9601
9884 3 2 9 1 9521 9522 9603 9602
9885 3 2 9 1 9522 9523 9604 9603
9886 3 2 9 1 9523 9524 9605 9604
9887 3 2 9 1 9524 9525 9606 9605
9888 3 2 9 1 9525 9526 9607 9606
9889 3 2 9 1 9526 9527 9608 9607
9890 3 2 9 1 9527 9528 9609 9608
9891 3 2 9 1 9528 9529 9610 9609
9892 3 2 9 1 9529 9530 9611 9610
9893 3 2 9 1 9530 9531 9612 9611
9894 3 2 9 1 9531 9532 9613 9612
9895 3 2 9 1 9532 9533 9614 9613
9896 3 2 9 1 9533 9534 9615 9614
9897 3 2 9 1 9534 9535 9616 9615
9898 3 2 9 1 9535 9536 9617 9616
9899 3 2 9 1 9536 9537 9618 9617
9900 3 2 9 1 9537 9538 9619 9618
9901 3 2 9 1 9538 9539 9620 9619
9902 3 2 9 1 9539 9540 9621 9620
9903 3 2 9 1 9540 9541 9622 9621
9904 3 2 9 1 9541 9542 9623 9622
9905 3 2 9 1 9542 9543 9624 9623
9906 3 2 9 1 9543 9544 9625 9624
9907 3 2 9 1 9544 9545 9626 9625
9908 3 2 9 1 9545 9546 9627 9626
9909 3 2 9 1 9546 9547 9628 9627
9910 3 2 9 1 9547 9548 9629 9628
9911 3 2 9 1 9548 9549 9630 9629
9912 3 2 9 1 9549 9550 9631 9630
9913 3 2 9 1 9550 9551 9632 9631
9914 3 2 9 1 9551 9552 9633 9632
9915 3 2 9 1 9552 9553 9634 9633
9916 3 2 9 1 9553 9554 9635 9634
9917 3 2 9 1 9554 9555 9636 9635
9918 3 2 9 1 9555 9556 9637 9636
9919 3 2 9 1 9556 9557 9638 9637
9920 3 2 9 1 9557 9558 9639 9638
9921 3 2 9 1 9559 9560 9641 9640
9922 3 2 9 1 9560 9561 9642 9641
9923 3 2 9 1 9561 9562 9643 9642
9924 3 2 9 1 9562 9563 9644 9643
9925 3 2 9 1 9563 9564 9645 9644
9926 3 2 9 1 9564 9565 9646 9645
9927 3 2 9 1 9565 9566 9647 9646
9928 3 2 9 1 9566 9567 9648 9647
9929 3 2 9 1 9567 9568 9649 9648
9930 3 2 9 1 9568 9569 9650 9649
9931 3 2 9 1 9569 9570 9651 9650
9932 3 2 9 1 9570 9571 9652 9651
9933 3 2 9 1 9571 9572 9653 9652
9934 3 2 9 1 9572 9573 9654 9653
9935 3 2 9 1 9573 9574 9655 9654
9936 3 2 9 1 9574 9575 9656 9655
9937 3 2 9 1 9575 9576 9657 9656
9938 3 2 9 1 9576 9577 9658 9657
9939 3 2 9 1 9577 9578 9659 9658
9940 3 2 9 1 9578 9579 9660 9659
9941 3 2 9 1 9579 9580 9661 9660
9942 3 2 9 1 9580 9581 9662 9661
9943 3 2 9 1 9581 9582 9663 9662
9944 3 2 9 1 9582 9583 9664 9663
9945 3 2 9 1 9583 9584 9665 9664
9946 3 2 9 1 9584 9585 9666 9665
9947 3 2 9 1 9585 9586 9667 9666
9948 3 2 9 1 9586 9587 9668 9667
9949 3 2 9 1 9587 9588 9669 9668
9950 3 2 9 1 9588 9589 9670 9669
9951 3 2 9 1 9589 9590 9671 9670
9952 3 2 9 1 9590 9591 9672 9671
9953 3 2 9 1 9591 9592 9673 9672
9954 3 2 9 1 9592 9593 9674 9673
9955 3 2 9 1 9593 9594 9675 9674
9956 3 2 9 1 9594 9595 9676 9675
9957 3 2 9 1 9595 9596 9677 9676
9958 3 2 9 1 9596 9597 9678 9677
9959 3 2 9 1 9597 9598 9679 9678
9960 3 2 9 1 9598 9599 9680 9679
9961 3 2 9 1 9599 9600 9681 9680
9962 3 2 9 1 9600 9601 9682 9681
9963 3 2 9 1 9601 9602 9683 9682
9964 3 2 9 1 9602 9603 9684 9683
9965 3 2 9 1 9603 9604 9685 9684
9966 3 2 9 1 9604 9605 9686 9685
9967 3 2 9 1 9605 9606 9687 9686
9968 3 2 9 1 9606 9607 9688 9687
9969 3 2 9 1 9607 9608 9689 9688
9970 3 2 9 1 9608 9609 9690 9689
9971 3 2 9 1 9609 9610 9691 9690
9972 3 2 9 1 9610 9611 9692 9691
9973 3 2 9 1 9611 9612 9693 9692
9974 3 2 9 1 9612 9613 9694 9693
9975 3 2 9 1 9613 9614 9695 9694
9976 3 2 9 1 9614 9615 9696 9695
9977 3 2 9 1 9615 9616 9697 9696
9978 3 2 9 1 9616 9617 9698 9697
9979 3 2 9 1 9617 9618 9699 9698
9980 3 2 9 1 9618 9619 9700 9699
9981 3 2 9 1 9619 9620 9701 9700
9982 3 2 9 1 9620 9621 9702 9701
9983 3 2 9 1 9621 9622 9703 9702
9984 3 2 9 1 9622 9623 9704 9703
9985 3 2 9 1 9623 9624 9705 9704
9986 3 2 9 1 9624 9625 9706 9705
9987 3 2 9 1 9625 9626 9707 9706
9988 3 2 9 1 9626 9627 9708 9707
9989 3 2 9 1 9627 9628 9709 9708
9990 3 2 9 1 9628 9629 9710 9709
9991 3 2 9 1 9629 9630 9711 9710
9992 3 2 9 1 9630 9631 9712 9711
9993 3 2 9 1 9631 9632 9713 9712
9994 3 2 9 1 9632 9633 9714 9713
9995 3 2 9 1 9633 9634 9715 9714
9996 3 2 9 1 9634 9635 9716 9715
9997 3 2 9 1 9635 9636 9717 9716
9998 3 2 9 1 9636 9637 9718 9717
9999 3 2 9 1 9637 9638 9719 9718
10000 3 2 9 1 9638 9639 9720 9719
10001 3 2 9 1 9640 9641 9722 9721
10002 3 2 9 1 9641 9642 9723 9722
10003 3 2 9 1 9642 9643 9724 9723
10004 3 2 9 1 9643 9644 9725 9724
10005 3 2 9 1 9644 9645 9726 9725
10006 3 2 9 1 9645 9646 9727 9726
10007 3 2 9 1 9646 9647 9728 9727
10008 3 2 9 1 9647 9648 9729 9728
10009 3 2 9 1 9648 9649 9730 9729
10010 3 2 9 1 9649 9650 9731 9730
10011 3 2 9 1 9650 9651 9732 9731
10012 3 2 9 1 9651 9652 9733 9732
10013 3 2 9 1 9652 9653 9734 9733
10014 3 2 9 1 9653 9654 9735 9734
10015 3 2 9 1 9654 9655 9736 9735
10016 3 2 9 1 9655 9656 9737 9736
10017 3 2 9 1 9656 9657 9738 9737
10018 3 2 9 1 9657 9658 9739 9738
10019 3 2 9 1 9658 9659 9740 9739
10020 3 2 9 1 9659 9660 9741 9740
10021 3 2 9 1 9660 9661 9742 9741
10022 3 2 9 1 9661 9662 9743 9742
10023 3 2 9 1 9662 9663 9744 9743
10024 3 2 9 1 9663 9664 9745 9744
10025 3 2 9 1 9664 9665 9746 9745
10026 3 2 9 1 9665 9666 9747 9746
10027 3 2 9 1 9666 9667 9748 9747
10028 3 2 9 1 9667 9668 9749 9748
10029 3 2 9 1 9668 9669 9750 9749
10030 3 2 9 1 9669 9670 9751 9750
10031 3 2 9 1 9670 9671 9752 9751
10032 3 2 9 1 9671 9672 9753 9752
10033 3 2 9 1 9672 9673 9754 9753
10034 3 2 9 1 9673 9674 9755 9754
10035 3 2 9 1 9674 9675 9756 9755
10036 3 2 9 1 9675 9676 9757 9756
10037 3 2 9 1 9676 9677 9758 9757
10038 3 2 9 1 9677 9678 9759 9758
10039 3 2 9 1 9678 9679 9760 9759
10040 3 2 9 1 9679 9680 9761 9760
10041 3 2 9 1 9680 9681 9762 9761
10042 3 2 9 1 9681 9682 9763 9762
10043 3 2 9 1 9682 9683 9764 9763
10044 3 2 9 1 9683 9684 9765 9764
10045 3 2 9 1 9684 9685 9766 9765
10046 3 2 9 1 9685 9686 9767 9766
10047 3 2 9 1 9686 9687 9768 9767
10048 3 2 9 1 9687 9688 9769 9768
10049 3 2 9 1 9688 9689 9770 9769
10050 3 2 9 1 9689 9690 9771 9770
10051 3 2 9 1 9690 9691 9772 9771
10052 3 2 9 1 9691 9692 9773 9772
10053 3 2 9 1 9692 9693 9774 9773
10054 3 2 9 1 9693 9694 9775 9774
10055 3 2 9 1 9694 9695 9776 9775
10056 3 2 9 1 9695 9696 9777 9776
10057 3 2 9 1 9696 9697 9778 9777
10058 3 2 9 1 9697 9698 9779 9778
10059 3 2 9 1 9698 9699 9780 9779
10060 3 2 9 1 9699 9700 9781 9780
10061 3 2 9 1 9700 9701 9782 9781
10062 3 2 9 1 9701 9702 9783 9782
10063 3 2 9 1 9702 9703 9784 9783
10064 3 2 9 1 9703 9704 9785 9784
10065 3 2 9 1 9704 9705 9786 9785
10066 3 2 9 1 9705 9706 9787 9786
10067 3 2 9 1 9706 9707 9788 9787
10068 3 2 9 1 9707 9708 9789 9788
10069 3 2 9 1 9708 9709 9790 9789
10070 3 2 9 1 9709 9710 9791 9790
10071 3 2 9 1 9710 9711 9792 9791
10072 3 2 9 1 9711 9712 9793 9792
10073 3 2 9 1 9712 9713 9794 9793
10074 3 2 9 1 9713 9714 9795 9794
10075 3 2 9 1 9714 9715 9796 9795
10076 3 2 9 1 9715 9716 9797 9796
10077 3 2 9 1 9716 9717 9798 9797
10078 3 2 9 1 9717 9718 9799 9798
10079 3 2 9 1 9718 9719 9800 9799
10080 3 2 9 1 9719 9720 9801 9800
10081 3 2 9 1 9721 9722 9803 9802
10082 3 2 9 1 9722 9723 9804 9803
10083 3 2 9 1 9723 9724 9805 9804
10084 3 2 9 1 9724 9725 9806 9805
10085 3 2 9 1 9725 9726 9807 9806
10086 3 2 9 1 9726 9727 9808 9807
10087 3 2 9 1 9727 9728 9809 9808
10088 3 2 9 1 9728 9729 9810 9809
10089 3 2 9 1 9729 9730 9811 9810
10090 3 2 9 1 9730 9731 9812 9811
10091 3 2 9 1 9731 9732 9813 9812
10092 3 2 9 1 9732 9733 9814 9813
10093 3 2 9 1 9733 9734 9815 9814
10094 3 2 9 1 9734 9735 9816 9815
10095 3 2 9 1 9735 9736 9817 9816
10096 3 2 9 1 9736 9737 9818 9817
10097 3 2 9 1 9737 9738 9819 9818
10098 3 2 9 1 9738 9739 9820 9819
10099 3 2 9 1 9739 9740 9821 9820
10100 3 2 9 1 9740 9741 9822 9821
10101 3 2 9 1 9741 9742 9823 9822
10102 3 2 9 1 9742 9743 9824 9823
10103 3 2 9 1 9743 9744 9825 9824
10104 3 2 9 1 9744 9745 9826 9825
10105 3 2 9 1 9745 9746 9827 9826
10106 3 2 9 1 9746 9747 9828 9827
10107 3 2 9 1 9747 9748 9829 9828
10108 3 2 9 1 9748 9749 9830 9829
10109 3 2 9 1 9749 9750 9831 9830
10110 3 2 9 1 9750 9751 9832 9831
10111 3 2 9 1 9751 9752 9833 9832
10112 3 2 9 1 9752 9753 9834 9833
10113 3 2 9 1 9753 9754 9835 9834
10114 3 2 9 1 9754 9755 9836 9835
10115 3 2 9 1 9755 9756 9837 9836
10116 3 2 9 1 9756 9757 9838 9837
10117 3 2 9 1 9757 9758 9839 9838
10118 3 2 9 1 9758 9759 9840 9839
10119 3 2 9 1 9759 9760 9841 9840
10120 3 2 9 1 9760 9761 9842 9841
10121 3 2 9 1 9761 9762 9843 9842
10122 3 2 9 1 9762 9763 9844 9843
10123 3 2 9 1 9763 9764 9845 9844
10124 3 2 9 1 9764 9765 9846 9845
10125 3 2 9 1 9765 9766 9847 9846
10126 3 2 9 1 9766 9767 9848 9847
10127 3 2 9 1 9767 9768 9849 9848
10128 3 2 9 1 9768 9769 9850 9849
10129 3 2 9 1 9769 9770 9851 9850
10130 3 2 9 1 9770 9771 9852 9851
10131 3 2 9 1 9771 9772 9853 9852
10132 3 2 9 1 9772 9773 9854 9853
10133 3 2 9 1 9773 9774 9855 9854
10134 3 2 9 1 9774 9775 9856 9855
10135 3 2 9 1 9775 9776 9857 9856
10136 3 2 9 1 9776 9777 9858 9857
10137 3 2 9 1 9777 9778 9859 9858
10138 3 2 9 1 9778 9779 9860 9859
10139 3 2 9 1 9779 9780 9861 9860
10140 3 2 9 1 9780 9781 9862 9861
10141 3 2 9 1 9781 9782 9863 9862
10142 3 2 9 1 9782 9783 9864 9863
10143 3 2 9 1 9783 9784 9865 9864
10144 3 2 9 1 9784 9785 9866 9865
10145 3 2 9 1 9785 9786 9867 9866
10146 3 2 9 1 9786 9787 9868 9867
10147 3 2 9 1 9787 9788 9869 9868
10148 3 2 9 1 9788 9789 9870 9869
10149 3 2 9 1 9789 9790 9871 9870
10150 3 2 9 1 9790 9791 9872 9871
10151 3 2 9 1 9791 9792 9873 9872
10152 3 2 9 1 9792 9793 9874 9873
10153 3 2 9 1 9793 9794 9875 9874
10154 3 2 9 1 9794 9795 9876 9875
10155 3 2 9 1 9795 9796 9877 9876
10156 3 2 9 1 9796 9797 9878 9877
10157 3 2 9 1 9797 9798 9879 9878
10158 3 2 9 1 9798 9799 9880 9879
10159 3 2 9 1 9799 9800 9881 9880
10160 3 2 9 1 9800 9801 9882 9881
10161 3 2 9 1 9802 9803 9884 9883
10162 3 2 9 1 9803 9804 9885 9884
10163 3 2 9 1 9804 9805 9886 9885
10164 3 2 9 1 9805 9806 9887 9886
10165 3 2 9 1 9806 9807 9888 9887
10166 3 2 9 1 9807 9808 9889 9888
10167 3 2 9 1 9808 9809 9890 9889
10168 3 2 9 1 9809 9810 9891 9890
10169 3 2 9 1 9810 9811 9892 9891
10170 3 2 9 1 9811 9812 9893 9892
10171 3 2 9 1 9812 9813 9894 9893
10172 3 2 9 1 9813 9814 9895 9894
10173 3 2 9 1 9814 9815 9896 9895
10174 3 2 9 1 9815 9816 9897 9896
10175 3 2 9 1 9816 9817 9898 9897
10176 3 2 9 1 9817 9818 9899 9898
10177 3 2 9 1 9818 9819 9900 9899
10178 3 2 9 1 9819 9820 9901 9900
10179 3 2 9 1 9820 9821 9902 9901
10180 3 2 9 1 9821 9822 9903 9902
10181 3 2 9 1 9822 9823 9904 9903
10182 3 2 9 1 9823 9824 9905 9904
10183 3 2 9 1 9824 9825 9906 9905
10184 3 2 9 1 9825 9826 9907 9906
10185 3 2 9 1 9826 9827 9908 9907
10186 3 2 9 1 9827 9828 9909 9908
10187 3 2 9 1 9828 9829 9910 9909
10188 3 2 9 1 9829 9830 9911 9910
10189 3 2 9 1 9830 9831 9912 9911
10190 3 2 9 1 9831 9832 9913 9912
10191 3 2 9 1 9832 9833 9914 9913
10192 3 2 9 1 9833 9834 9915 9914
10193 3 2 9 1 9834 9835 9916 9915
10194 3 2 9 1 9835 9836 9917 9916
10195 3 2 9 1 9836 9837 9918 9917
10196 3 2 9 1 9837 9838 9919 9918
10197 3 2 9 1 9838 9839 9920 9919
10198 3 2 9 1 9839 9840 9921 9920
10199 3 2 9 1 9840 9841 9922 9921
10200 3 2 9 1 9841 9842 9923 9922
10201 3 2 9 1 9842 9843 9924 9923
10202 3 2 9 1 9843 9844 9925 9924
10203 3 2 9 1 9844 9845 9926 9925
10204 3 2 9 1 9845 9846 9927 9926
10205 3 2 9 1 9846 9847 9928 9927
10206 3 2 9 1 9847 9848 9929 9928
10207 3 2 9 1 9848 9849 9930 9929
10208 3 2 9 1 9849 9850 9931 9930
10209 3 2 9 1 9850 9851 9932 9931
10210 3 2 9 1 9851 9852 9933 9932
10211 3 2 9 1 9852 9853 9934 9933
10212 3 2 9 1 9853 9854 9935 9934
10213 3 2 9 1 9854 9855 9936 9935
10214 3 2 9 1 9855 9856 9937 9936
10215 3 2 9 1 9856 9857 9938 9937
10216 3 2 9 1 9857 9858 9939 9938
10217 3 2 9 1 9858 9859 9940 9939
10218 3 2 9 1 9859 9860 9941 9940
10219 3 2 9 1 9860 9861 9942 9941
10220 3 2 9 1 9861 9862 9943 9942
10221 3 2 9 1 9862 9863 9944 9943
10222 3 2 9 1 9863 9864 9945 9944
10223 3 2 9 1 9864 9865 9946 9945
10224 3 2 9 1 9865 9866 9947 9946
10225 3 2 9 1 9866 9867 9948 9947
10226 3 2 9 1 9867 9868 9949 9948
10227 3 2 9 1 9868 9869 9950 9949
10228 3 2 9 1 9869 9870 9951 9950
10229 3 2 9 1 9870 9871 9952 9951
10230 3 2 9 1 9871 9872 9953 9952
10231 3 2 9 1 9872 9873 9954 9953
10232 3 2 9 1 9873 9874 9955 9954
10233 3 2 9 1 9874 9875 9956 9955
10234 3 2 9 1 9875 9876 9957 9956
10235 3 2 9 1 9876 9877 9958 9957
10236 3 2 9 1 9877 9878 9959 9958
10237 3 2 9 1 9878 9879 9960 9959
10238 3 2 9 1 9879 9880 9961 9960
10239 3 2 9 1 9880 9881 9962 9961
10240 3 2 9 1 9881 9882 9963 9962
10241 3 2 9 1 9883 9884 9965 9964
10242 3 2 9 1 9884 9885 9966 9965
10243 3 2 9 1 9885 9886 9967 9966
10244 3 2 9 1 9886 9887 9968 9967
10245 3 2 9 1 9887 9888 9969 9968
10246 3 2 9 1 9888 9889 9970 9969
10247 3 2 9 1 9889 9890 9971 9970
10248 3 2 9 1 9890 9891 9972 9971
10249 3 2 9 1 9891 9892 9973 9972
10250 3 2 9 1 9892 9893 9974 9973
10251 3 2 9 1 9893 9894 9975 9974
10252 3 2 9 1 9894 9895 9976 9975
10253 3 2 9 1 9895 9896 9977 9976
10254 3 2 9 1 9896 9897 9978 9977
10255 3 2 9 1 9897 9898 9979 9978
10256 3 2 9 1 9898 9899 9980 9979
10257 3 2 9 1 9899 9900 9981 9980
10258 3 2 9 1 9900 9901 9982 9981
10259 3 2 9 1 9901 9902 9983 9982
10260 3 2 9 1 9902 9903 9984 9983
10261 3 2 9 1 9903 9904 9985 9984
10262 3 2 9 1 9904 9905 9986 9985
10263 3 2 9 1 9905 9906 9987 9986
10264 3 2 9 1 9906 9907 9988 9987
10265 3 2 9 1 9907 9908 9989 9988
10266 3 2 9 1 9908 9909 9990 9989
10267 3 2 9 1 9909 9910 9991 9990
10268 3 2 9 1 9910 9911 9992 9991
10269 3 2 9 1 9911 9912 9993 9992
10270 3 2 9 1 9912 9913 9994 9993
10271 3 2 9 1 9913 9914 9995 9994
10272 3 2 9 1 9914 9915 9996 9995
10273 3 2 9 1 9915 9916 9997 9996
10274 3 2 9 1 9916 9917 9998 9997
10275 3 2 9 1 9917 9918 9999 9998
10276 3 2 9 1 9918 9919 10000 9999
10277 3 2 9 1 9919 9920 10001 10000
10278 3 2 9 1 9920 9921 10002 10001
10279 3 2 9 1 9921 9922 10003 10002
10280 3 2 9 1 9922 9923 10004 10003
10281 3 2 9 1 9923 9924 10005 10004
10282 3 2 9 1 9924 9925 10006 10005
10283 3 2 9 1 9925 9926 10007 10006
10284 3 2 9 1 9926 9927 10008 10007
10285 3 2 9 1 9927 9928 10009 10008
10286 3 2 9 1 9928 9929 10010 10009
10287 3 2 9 1 9929 9930 10011 10010
10288 3 2 9 1 9930 9931 10012 10011
10289 3 2 9 1 9931 9932 10013 10012
10290 3 2 9 1 9932 9933 10014 10013
10291 3 2 9 1 9933 9934 10015 10014
10292 3 2 9 1 9934 9935 10016 10015
10293 3 2 9 1 9935 9936 10017 10016
10294 3 2 9 1 9936 9937 10018 10017
10295 3 2 9 1 9937 9938 10019 10018
10296 3 2 9 1 9938 9939 10020 10019
10297 3 2 9 1 9939 9940 10021 10020
10298 3 2 9 1 9940 9941 10022 10021
10299 3 2 9 1 9941 9942 10023 10022
10300 3 2 9 1 9942 9943 10024 10023
10301 3 2 9 1 9943 9944 10025 10024
10302 3 2 9 1 9944 9945 10026 10025
10303 3 2 9 1 9945 9946 10027 10026
10304 3 2 9 1 9946 9947 10028 10027
10305 3 2 9 1 9947 9948 10029 10028
10306 3 2 9 1 9948 9949 10030 10029
10307 3 2 9 1 9949 9950 10031 10030
10308 3 2 9 1 9950 9951 10032 10031
10309 3 2 9 1 9951 9952 10033 10032
10310 3 2 9 1 9952 9953 10034 10033
10311 3 2 9 1 9953 9954 10035 10034
10312 3 2 9 1 9954 9955 10036 10035
10313 3 2 9 1 9955 9956 10037 10036
10314 3 2 9 1 9956 9957 10038 10037
10315 3 2 9 1 9957 9958 10039 10038
10316 3 2 9 1 9958 9959 10040 10039
10317 3 2 9 1 9959 9960 10041 10040
10318 3 2 9 1 9960 9961 10042 10041
10319 3 2 9 1 9961 9962 10043 10042
10320 3 2 9 1 9962 9963 10044 10043
10321 3 2 9 1 9964 9965 10046 10045
10322 3 2 9 1 9965 9966 10047 10046
10323 3 2 9 1 9966 9967 10048 10047
10324 3 2 9 1 9967 9968 10049 10048
10325 3 2 9 1 9968 9969 10050 10049
10326 3 2 9 1 9969 9970 10051 10050
10327 3 2 9 1 9970 9971 10052 10051
10328 3 2 9 1 9971 9972 10053 10052
10329 3 2 9 1 9972 9973 10054 10053
10330 3 2 9 1 9973 9974 10055 10054
10331 3 2 9 1 9974 9975 10056 10055
10332 3 2 9 1 9975 9976 10057 10056
10333 3 2 9 1 9976 9977 10058 10057
10334 3 2 9 1 9977 9978 10059 10058
10335 3 2 9 1 9978 9979 10060 10059
10336 3 2 9 1 9979 9980 10061 10060
10337 3 2 9 1 9980 9981 10062 10061
10338 3 2 9 1 9981 9982 10063 10062
10339 3 2 9 1 9982 9983 10064 10063
10340 3 2 9 1 9983 9984 10065 10064
10341 3 2 9 1 9984 9985 10066 10065
10342 3 2 9 1 9985 9986 10067 10066
10343 3 2 9 1 9986 9987 10068 10067
10344 3 2 9 1 9987 9988 10069 10068
10345 3 2 9 1 9988 9989 10070 10069
10346 3 2 9 1 9989 9990 10071 10070
10347 3 2 9 1 9990 9991 10072 10071
10348 3 2 9 1 9991 9992 10073 10072
10349 3 2 9 1 9992 9993 10074 10073
10350 3 2 9 1 9993 9994 10075 10074
10351 3 2 9 1 9994 9995 10076 10075
10352 3 2 9 1 9995 9996 10077 10076
10353 3 2 9 1 9996 9997 10078 10077
10354 3 2 9 1 9997 9998 10079 10078
10355 3 2 9 1 9998 9999 10080 10079
10356 3 2 9 1 9999 10000 10081 10080
10357 3 2 9 1 10000 10001 10082 10081
10358 3 2 9 1 10001 10002 10083 10082
10359 3 2 9 1 10002 10003 10084 10083
10360 3 2 9 1 10003 10004 10085 10084
10361 3 2 9 1 10004 10005 10086 10085
10362 3 2 9 1 10005 10006 10087 10086
10363 3 2 9 1 10006 10007 10088 10087
10364 3 2 9 1 10007 10008 10089 10088
10365 3 2 9 1 10008 10009 10090 10089
10366 3 2 9 1 10009 10010 10091 10090
10367 3 2 9 1 10010 10011 10092 10091
10368 3 2 9 1 10011 10012 10093 10092
10369 3 2 9 1 10012 10013 10094 10093
10370 3 2 9 1 10013 10014 10095 10094
10371 3 2 9 1 10014 10015 10096 10095
10372 3 2 9 1 10015 10016 10097 10096
10373 3 2 9 1 10016 10017 10098 10097
10374 3 2 9 1 10017 10018 10099 10098
10375 3 2 9 1 10018 10019 10100 10099
10376 3 2 9 1 10019 10020 10101 10100
10377 3 2 9 1 10020 10021 10102 10101
10378 3 2 9 1 10021 10022 10103 10102
10379 3 2 9 1 10022 10023 10104 10103
10380 3 2 9 1 10023 10024 10105 10104
10381 3 2 9 1 10024 10025 10106 10105
10382 3 2 9 1 10025 10026 10107 10106
10383 3 2 9 1 10026 10027 10108 10107
10384 3 2 9 1 10027 10028 10109 10108
10385 3 2 9 1 10028 10029 10110 10109
10386 3 2 9 1 10029 10030 10111 10110
10387 3 2 9 1 10030 10031 10112 10111
10388 3 2 9 1 10031 10032 10113 10112
10389 3 2 9 1 10032 10033 10114 10113
10390 3 2 9 1 10033 10034 10115 10114
10391 3 2 9 1 10034 10035 10116 10115
10392 3 2 9 1 10035 10036 10117 10116
10393 3 2 9 1 10036 10037 10118 10117
10394 3 2 9 1 10037 10038 10119 10118
10395 3 2 9 1 10038 10039 10120 10119
10396 3 2 9 1 10039 10040 10121 10120
10397 3 2 9 1 10040 10041 10122 10121
10398 3 2 9 1 10041 10042 10123 10122
10399 3 2 9 1 10042 10043 10124 10123
10400 3 2 9 1 10043 10044 10125 10124
10401 3 2 9 1 10045 10046 10127 10126
10402 3 2 9 1 10046 10047 10128 10127
10403 3 2 9 1 10047 10048 10129 10128
10404 3 2 9 1 10048 10049 10130 10129
10405 3 2 9 1 10049 10050 10131 10130
10406 3 2 9 1 10050 10051 10132 10131
10407 3 2 9 1 10051 10052 10133 10132
10408 3 2 9 1 10052 10053 10134 10133
10409 3 2 9 1 10053 10054 10135 10134
10410 3 2 9 1 10054 10055 10136 10135
10411 3 2 9 1 10055 10056 10137 10136
10412 3 2 9 1 10056 10057 10138 10137
10413 3 2 9 1 10057 10058 10139 10138
10414 3 2 9 1 10058 10059 10140 10139
10415 3 2 9 1 10059 10060 10141 10140
10416 3 2 9 1 10060 10061 10142 10141
10417 3 2 9 1 10061 10062 10143 10142
10418 3 2 9 1 10062 10063 10144 10143
10419 3 2 9 1 10063 10064 10145 10144
10420 3 2 9 1 10064 10065 10146 10145
10421 3 2 9 1 10065 10066 10147 10146
10422 3 2 9 1 10066 10067 10148 10147
10423 3 2 9 1 10067 10068 10149 10148
10424 3 2 9 1 10068 10069 10150 10149
10425 3 2 9 1 10069 10070 10151 10150
10426 3 2 9 1 10070 10071 10152 10151
10427 3 2 9 1 10071 10072 10153 10152
10428 3 2 9 1 10072 10073 10154 10153
10429 3 2 9 1 10073 10074 10155 10154
10430 3 2 9 1 10074 10075 10156 10155
10431 3 2 9 1 10075 10076 10157 10156
10432 3 2 9 1 10076 10077 10158 10157
10433 3 2 9 1 10077 10078 10159 10158
10434 3 2 9 1 10078 10079 10160 10159
10435 3 2 9 1 10079 10080 10161 10160
10436 3 2 9 1 10080 10081 10162 10161
10437 3 2 9 1 10081 10082 10163 10162
10438 3 2 9 1 10082 10083 10164 10163
10439 3 2 9 1 10083 10084 10165 10164
10440 3 2 9 1 10084 10085 10166 10165
10441 3 2 9 1 10085 10086 10167 10166
10442 3 2 9 1 10086 10087 10168 10167
10443 3 2 9 1 10087 10088 10169 10168
10444 3 2 9 1 10088 10089 10170 10169
10445 3 2 9 1 10089 10090 10171 10170
10446 3 2 9 1 10090 10091 10172 10171
10447 3 2 9 1 10091 10092 10173 10172
10448 3 2 9 1 10092 10093 10174 10173
10449 3 2 9 1 10093 10094 10175 10174
10450 3 2 9 1 10094 10095 10176 10175
10451 3 2 9 1 10095 10096 10177 10176
10452 3 2 9 1 10096 10097 10178 10177
10453 3 2 9 1 10097 10098 10179 10178
10454 3 2 9 1 10098 10099 10180 10179
10455 3 2 9 1 10099 10100 10181 10180
10456 3 2 9 1 10100 10101 10182 10181
10457 3 2 9 1 10101 10102 10183 10182
10458 3 2 9 1 10102 10103 10184 10183
10459 3 2 9 1 10103 10104 10185 10184
10460 3 2 9 1 10104 10105 10186 10185
10461 3 2 9 1 10105 10106 10187 10186
10462 3 2 9 1 10106 10107 10188 10187
10463 3 2 9 1 10107 10108 10189 10188
10464 3 2 9 1 10108 10109 10190 10189
10465 3 2 9 1 10109 10110 10191 10190
10466 3 2 9 1 10110 10111 10192 10191
10467 3 2 9 1 10111 10112 10193 10192
10468 3 2 9 1 10112 10113 10194 10193
10469 3 2 9 1 10113 10114 10195 10194
10470 3 2 9 1 10114 10115 10196 10195
10471 3 2 9 1 10115 10116 10197 10196
10472 3 2 9 1 10116 10117 10198 10197
10473 3 2 9 1 10117 10118 10199 10198
10474 3 2 9 1 10118 10119 10200 10199
10475 3 2 9 1 10119 10120 10201 10200
10476 3 2 9 1 10120 10121 10202 10201
10477 3 2 9 1 10121 10122 10203 10202
10478 3 2 9 1 10122 10123 10204 10203
10479 3 2 9 1 10123 10124 10205 10204
10480 3 2 9 1 10124 10125 10206 10205
10481 3 2 9 1 10126 10127 10208 10207
10482 3 2 9 1 10127 10128 10209 10208
10483 3 2 9 1 10128 10129 10210 10209
10484 3 2 9 1 10129 10130 10211 10210
10485 3 2 9 1 10130 10131 10212 10211
10486 3 2 9 1 10131 10132 10213 10212
10487 3 2 9 1 10132 10133 10214 10213
10488 3 2 9 1 10133 10134 10215 10214
10489 3 2 9 1 10134 10135 10216 10215
10490 3 2 9 1 10135 10136 10217 10216
10491 3 2 9 1 10136 10137 10218 10217
10492 3 2 9 1 10137 10138 10219 10218
10493 3 2 9 1 10138 10139 10220 10219
10494 3 2 9 1 10139 10140 10221 10220
10495 3 2 9 1 10140 10141 10222 10221
10496 3 2 9 1 10141 10142 10223 10222
10497 3 2 9 1 10142 10143 10224 10223
10498 3 2 9 1 10143 10144 10225 10224
10499 3 2 9 1 10144 10145 10226 10225
10500 3 2 9 1 10145 10146 10227 10226
10501 3 2 9 1 10146 10147 10228 10227
10502 3 2 9 1 10147 10148 10229 10228
10503 3 2 9 1 10148 10149 10230 10229
10504 3 2 9 1 10149 10150 10231 10230
10505 3 2 9 1 10150 10151 10232 10231
10506 3 2 9 1 10151 10152 10233 10232
10507 3 2 9 1 10152 10153 10234 10233
10508 3 2 9 1 10153 10154 10235 10234
10509 3 2 9 1 10154 10155 10236 10235
10510 3 2 9 1 10155 10156 10237 10236
10511 3 2 9 1 10156 10157 10238 10237
10512 3 2 9 1 10157 10158 10239 10238
10513 3 2 9 1 10158 10159 10240 10239
10514 3 2 9 1 10159 10160 10241 10240
10515 3 2 9 1 10160 10161 10242 10241
10516 3 2 9 1 10161 10162 10243 10242
10517 3 2 9 1 10162 10163 10244 10243
10518 3 2 9 1 10163 10164 10245 10244
10519 3 2 9 1 10164 10165 10246 10245
10520 3 2 9 1 10165 10166 10247 10246
10521 3 2 9 1 10166 10167 10248 10247
10522 3 2 9 1 10167 10168 10249 10248
10523 3 2 9 1 10168 10169 10250 10249
10524 3 2 9 1 10169 10170 10251 10250
10525 3 2 9 1 10170 10171 10252 10251
10526 3 2 9 1 10171 10172 10253 10252
10527 3 2 9 1 10172 10173 10254 10253
10528 3 2 9 1 10173 10174 10255 10254
10529 3 2 9 1 10174 10175 10256 10255
10530 3 2 9 1 10175 10176 10257 10256
10531 3 2 9 1 10176 10177 10258 10257
10532 3 2 9 1 10177 10178 10259 10258
10533 3 2 9 1 10178 10179 10260 10259
10534 3 2 9 1 10179 10180 10261 10260
10535 3 2 9 1 10180 10181 10262 10261
10536 3 2 9 1 10181 10182 10263 10262
10537 3 2 9 1 10182 10183 10264 10263
10538 3 2 9 1 10183 10184 10265 10264
10539 3 2 9 1 10184 10185 10266 10265
10540 3 2 9 1 10185 10186 10267 10266
10541 3 2 9 1 10186 10187 10268 10267
10542 3 2 9 1 10187 10188 10269 10268
10543 3 2 9 1 10188 10189 10270 10269
10544 3 2 9 1 10189 10190 10271 10270
10545 3 2 9 1 10190 10191 10272 10271
10546 3 2 9 1 10191 10192 10273 10272
10547 3 2 9 1 10192 10193 10274 10273
10548 3 2 9 1 10193 10194 10275 10274
10549 3 2 9 1 10194 10195 10276 10275
10550 3 2 9 1 10195 10196 10277 10276
10551 3 2 9 1 10196 10197 10278 10277
10552 3 2 9 1 10197 10198 10279 10278
10553 3 2 9 1 10198 10199 10280 10279
10554 3 2 9 1 10199 10200 10281 10280
10555 3 2 9 1 10200 10201 10282 10281
10556 3 2 9 1 10201 10202 10283 10282
10557 3 2 9 1 10202 10203 10284 10283
10558 3 2 9 1 10203 10204 10285 10284
10559 3 2 9 1 10204 10205 10286 10285
10560 3 2 9 1 10205 10206 10287 10286
10561 3 2 9 1 10207 10208 10289 10288
10562 3 2 9 1 10208 10209 10290 10289
10563 3 2 9 1 10209 10210 10291 10290
10564 3 2 9 1 10210 10211 10292 10291
10565 3 2 9 1 10211 10212 10293 10292
10566 3 2 9 1 10212 10213 10294 10293
10567 3 2 9 1 10213 10214 10295 10294
10568 3 2 9 1 10214 10215 10296 10295
10569 3 2 9 1 10215 10216 10297 10296
10570 3 2 9 1 10216 10217 10298 10297
10571 3 2 9 1 10217 10218 10299 10298
10572 3 2 9 1 10218 10219 10300 10299
10573 3 2 9 1 10219 10220 10301 10300
10574 3 2 9 1 10220 10221 10302 10301
10575 3 2 9 1 10221 10222 10303 10302
10576 3 2 9 1 10222 10223 10304 10303
10577 3 2 9 1 10223 10224 10305 10304
10578 3 2 9 1 10224 10225 10306 10305
10579 3 2 9 1 10225 10226 10307 10306
10580 3 2 9 1 10226 10227 10308 10307
10581 3 2 9 1 10227 10228 10309 10308
10582 3 2 9 1 10228 10229 10310 10309
10583 3 2 9 1 10229 10230 10311 10310
10584 3 2 9 1 10230 10231 10312 10311
10585 3 2 9 1 10231 10232 10313 10312
10586 3 2 9 1 10232 10233 10314 10313
10587 3 2 9 1 10233 10234 10315 10314
10588 3 2 9 1 10234 10235 10316 10315
10589 3 2 9 1 10235 10236 10317 10316
10590 3 2 9 1 10236 10237 10318 10317
10591 3 2 9 1 10237 10238 10319 10318
10592 3 2 9 1 10238 10239 10320 10319
10593 3 2 9 1 10239 10240 10321 10320
10594 3 2 9 1 10240 10241 10322 10321
10595 3 2 9 1 10241 10242 10323 10322
10596 3 2 9 1 10242 10243 10324 10323
10597 3 2 9 1 10243 10244 10325 10324
10598 3 2 9 1 10244 10245 10326 10325
10599 3 2 9 1 10245 10246 10327 10326
10600 3 2 9 1 10246 10247 10328 10327
10601 3 2 9 1 10247 10248 10329 10328
10602 3 2 9 1 10248 10249 10330 10329
10603 3 2 9 1 10249 10250 10331 10330
10604 3 2 9 1 10250 10251 10332 10331
10605 3 2 9 1 10251 10252 10333 10332
10606 3 2 9 1 10252 10253 10334 10333
10607 3 2 9 1 10253 10254 10335 10334
10608 3 2 9 1 10254 10255 10336 10335
10609 3 2 9 1 10255 10256 10337 10336
10610 3 2 9 1 10256 10257 10338 10337
10611 3 2 9 1 10257 10258 10339 10338
10612 3 2 9 1 10258 10259 10340 10339
10613 3 2 9 1 10259 10260 10341 10340
10614 3 2 9 1 10260 10261 10342 10341
10615 3 2 9 1 10261 10262 10343 10342
10616 3 2 9 1 10262 10263 10344 10343
10617 3 2 9 1 10263 10264 10345 10344
10618 3 2 9 1 10264 10265 10346 10345
10619 3 2 9 1 10265 10266 10347 10346
10620 3 2 9 1 10266 10267 10348 10347
10621 3 2 9 1 10267 10268 10349 10348
10622 3 2 9 1 10268 10269 10350 10349
10623 3 2 9 1 10269 10270 10351 10350
10624 3 2 9 1 10270 10271 10352 10351
10625 3 2 9 1 10271 10272 10353 10352
10626 3 2 9 1 10272 10273 10354 10353
10627 3 2 9 1 10273 10274 10355 10354
10628 3 2 9 1 10274 10275 10356 10355
10629 3 2 9 1 10275 10276 10357 10356
10630 3 2 9 1 10276 10277 10358 10357
10631 3 2 9 1 10277 10278 10359 10358
10632 3 2 9 1 10278 10279 10360 10359
10633 3 2 9 1 10279 10280 10361 10360
10634 3 2 9 1 10280 10281 10362 10361
10635 3 2 9 1 10281 10282 10363 10362
10636 3 2 9 1 10282 10283 10364 10363
10637 3 2 9 1 10283 10284 10365 10364
10638 3 2 9 1 10284 10285 10366 10365
10639 3 2 9 1 10285 10286 10367 10366
10640 3 2 9 1 10286 10287 10368 10367
10641 3 2 9 1 10288 10289 10370 10369
10642 3 2 9 1 10289 10290 10371 10370
10643 3 2 9 1 10290 10291 10372 10371
10644 3 2 9 1 10291 10292 10373 10372
10645 3 2 9 1 10292 10293 10374 10373
10646 3 2 9 1 10293 10294 10375 10374
10647 3 2 9 1 10294 10295 10376 10375
10648 3 2 9 1 10295 10296 10377 10376
10649 3 2 9 1 10296 10297 10378 10377
10650 3 2 9 1 10297 10298 10379 10378
10651 3 2 9 1 10298 10299 10380 10379
10652 3 2 9 1 10299 10300 10381 10380
10653 3 2 9 1 10300 10301 10382 10381
10654 3 2 9 1 10301 10302 10383 10382
10655 3 2 9 1 10302 10303 10384 10383
10656 3 2 9 1 10303 10304 10385 10384
10657 3 2 9 1 10304 10305 10386 10385
10658 3 2 9 1 10305 10306 10387 10386
10659 3 2 9 1 10306 10307 10388 10387
10660 3 2 9 1 10307 10308 10389 10388
10661 3 2 9 1 10308 10309 10390 10389
10662 3 2 9 1 10309 10310 10391 10390
10663 3 2 9 1 10310 10311 10392 10391
10664 3 2 9 1 10311 10312 10393 10392
10665 3 2 9 1 10312 10313 10394 10393
10666 3 2 9 1 10313 10314 10395 10394
10667 3 2 9 1 10314 10315 10396 10395
10668 3 2 9 1 10315 10316 10397 10396
10669 3 2 9 1 10316 10317 10398 10397
10670 3 2 9 1 10317 10318 10399 10398
10671 3 2 9 1 10318 10319 10400 10399
10672 3 2 9 1 10319 10320 10401 10400
10673 3 2 9 1 10320 10321 10402 10401
10674 3 2 9 1 10321 10322 10403 10402
10675 3 2 9 1 10322 10323 10404 10403
10676 3 2 9 1 10323 10324 10405 10404
10677 3 2 9 1 10324 10325 10406 10405
10678 3 2 9 1 10325 10326 10407 10406
10679 3 2 9 1 10326 10327 10408 10407
10680 3 2 9 1 10327 10328 10409 10408
10681 3 2 9 1 10328 10329 10410 10409
10682 3 2 9 1 10329 10330 10411 10410
10683 3 2 9 1 10330 10331 10412 10411
10684 3 2 9 1 10331 10332 10413 10412
10685 3 2 9 1 10332 10333 10414 10413
10686 3 2 9 1 10333 10334 10415 10414
10687 3 2 9 1 10334 10335 10416 10415
10688 3 2 9 1 10335 10336 10417 10416
10689 3 2 9 1 10336 10337 10418 10417
10690 3 2 9 1 10337 10338 10419 10418
10691 3 2 9 1 10338 10339 10420 10419
10692 3 2 9 1 10339 10340 10421 10420
10693 3 2 9 1 10340 10341 10422 10421
10694 3 2 9 1 10341 10342 10423 10422
10695 3 2 9 1 10342 10343 10424 10423
10696 3 2 9 1 10343 10344 10425 10424
10697 3 2 9 1 10344 10345 10426 10425
10698 3 2 9 1 10345 10346 10427 10426
10699 3 2 9 1 10346 10347 10428 10427
10700 3 2 9 1 10347 10348 10429 10428
10701 3 2 9 1 10348 10349 10430 10429
10702 3 2 9 1 10349 10350 10431 10430
10703 3 2 9 1 10350 10351 10432 10431
10704 3 2 9 1 10351 10352 10433 10432
10705 3 2 9 1 10352 10353 10434 10433
10706 3 2 9 1 10353 10354 10435 10434
10707 3 2 9 1 10354 10355 10436 10435
10708 3 2 9 1 10355 10356 10437 10436
10709 3 2 9 1 10356 10357 10438 10437
10710 3 2 9 1 10357 10358 10439 10438
10711 3 2 9 1 10358 10359 10440 10439
10712 3 2 9 1 10359 10360 10441 10440
10713 3 2 9 1 10360 10361 10442 10441
10714 3 2 9 1 10361 10362 10443 10442
10715 3 2 9 1 10362 10363 10444 10443
10716 3 2 9 1 10363 10364 10445 10444
10717 3 2 9 1 10364 10365 10446 10445
10718 3 2 9 1 10365 10366 10447 10446
10719 3 2 9 1 10366 10367 10448 10447
10720 3 2 9 1 10367 10368 10449 10448
10721 3 2 9 1 10369 10370 10451 10450
10722 3 2 9 1 10370 10371 10452 10451
10723 3 2 9 1 10371 10372 10453 10452
10724 3 2 9 1 10372 10373 10454 10453
10725 3 2 9 1 10373 10374 10455 10454
10726 3 2 9 1 10374 10375 10456 10455
10727 3 2 9 1 10375 10376 10457 10456
10728 3 2 9 1 10376 10377 10458 10457
10729 3 2 9 1 10377 10378 10459 10458
10730 3 2 9 1 10378 10379 10460 10459
10731 3 2 9 1 10379 10380 10461 10460
10732 3 2 9 1 10380 10381 10462 10461
10733 3 2 9 1 10381 10382 10463 10462
10734 3 2 9 1 10382 10383 10464 10463
10735 3 2 9 1 10383 10384 10465 10464
10736 3 2 9 1 10384 10385 10466 10465
10737 3 2 9 1 10385 10386 10467 10466
10738 3 2 9 1 10386 10387 10468 10467
10739 3 2 9 1 10387 10388 10469 10468
10740 3 2 9 1 10388 10389 10470 10469
10741 3 2 9 1 10389 10390 10471 10470
10742 3 2 9 1 10390 10391 10472 10471
10743 3 2 9 1 10391 10392 10473 10472
10744 3 2 9 1 10392 10393 10474 10473
10745 3 2 9 1 10393 10394 10475 10474
10746 3 2 9 1 10394 10395 10476 10475
10747 3 2 9 1 10395 10396 10477 10476
10748 3 2 9 1 10396 10397 10478 10477
10749 3 2 9 1 10397 10398 10479 10478
10750 3 2 9 1 10398 10399 10480 10479
10751 3 2 9 1 10399 10400 10481 10480
10752 3 2 9 1 10400 10401 10482 10481
10753 3 2 9 1 10401 10402 10483 10482
10754 3 2 9 1 10402 10403 10484 10483
10755 3 2 9 1 10403 10404 10485 10484
10756 3 2 9 1 10404 10405 10486 10485
10757 3 2 9 1 10405 10406 10487 10486
10758 3 2 9 1 10406 10407 10488 10487
10759 3 2 9 1 10407 10408 10489 10488
10760 3 2 9 1 10408 10409 10490 10489
10761 3 2 9 1 10409 10410 10491 10490
10762 3 2 9 1 10410 10411 10492 10491
10763 3 2 9 1 10411 10412 10493 10492
10764 3 2 9 1 10412 10413 10494 10493
10765 3 2 9 1 10413 10414 10495 10494
10766 3 2 9 1 10414 10415 10496 10495
10767 3 2 9 1 10415 10416 10497 10496
10768 3 2 9 1 10416 10417 10498 10497
10769 3 2 9 1 10417 10418 10499 10498
10770 3 2 9 1 10418 10419 10500 10499
10771 3 2 9 1 10419 10420 10501 10500
10772 3 2 9 1 10420 10421 10502 10501
10773 3 2 9 1 10421 10422 10503 10502
10774 3 2 9 1 10422 10423 10504 10503
10775 3 2 9 1 10423 10424 10505 10504
10776 3 2 9 1 10424 10425 10506 10505
10777 3 2 9 1 10425 10426 10507 10506
10778 3 2 9 1 10426 10427 10508 10507
10779 3 2 9 1 10427 10428 10509 10508
10780 3 2 9 1 10428 10429 10510 10509
10781 3 2 9 1 10429 10430 10511 10510
10782 3 2 9 1 10430 10431 10512 10511
10783 3 2 9 1 10431 10432 10513 10512
10784 3 2 9 1 10432 10433 10514 10513
10785 3 2 9 1 10433 10434 10515 10514
10786 3 2 9 1 10434 10435 10516 10515
10787 3 2 9 1 10435 10436 10517 10516
10788 3 2 9 1 10436 10437 10518 10517
10789 3 2 9 1 10437 10438 10519 10518
10790 3 2 9 1 10438 10439 10520 10519
10791 3 2 9 1 10439 10440 10521 10520
10792 3 2 9 1 10440 10441 10522 10521
10793 3 2 9 1 10441 10442 10523 10522
10794 3 2 9 1 10442 10443 10524 10523
10795 3 2 9 1 10443 10444 10525 10524
10796 3 2 9 1 10444 10445 10526 10525
10797 3 2 9 1 10445 10446 10527 10526
10798 3 2 9 1 10446 10447 10528 10527
10799 3 2 9 1 10447 10448 10529 10528
10800 3 2 9 1 10448 10449 10530 10529
10801 3 2 9 1 10450 10451 10532 10531
10802 3 2 9 1 10451 10452 10533 10532
10803 3 2 9 1 10452 10453 10534 10533
10804 3 2 9 1 10453 10454 10535 10534
10805 3 2 9 1 10454 10455 10536 10535
10806 3 2 9 1 10455 10456 10537 10536
10807 3 2 9 1 10456 10457 10538 10537
10808 3 2 9 1 10457 10458 10539 10538
10809 3 2 9 1 10458 10459 10540 10539
10810 3 2 9 1 10459 10460 10541 10540
10811 3 2 9 1 10460 10461 10542 10541
10812 3 2 9 1 10461 10462 10543 10542
10813 3 2 9 1 10462 10463 10544 10543
10814 3 2 9 1 10463 10464 10545 10544
10815 3 2 9 1 10464 10465 10546 10545
10816 3 2 9 1 10465 10466 10547 10546
10817 3 2 9 1 10466 10467 10548 10547
10818 3 2 9 1 10467 10468 10549 10548
10819 3 2 9 1 10468 10469 10550 10549
10820 3 2 9 1 10469 10470 10551 10550
10821 3 2 9 1 10470 10471 10552 10551
10822 3 2 9 1 10471 10472 10553 10552
10823 3 2 9 1 10472 10473 10554 10553
10824 3 2 9 1 10473 10474 10555 10554
10825 3 2 9 1 10474 10475 10556 10555
10826 3 2 9 1 10475 10476 10557 10556
10827 3 2 9 1 10476 10477 10558 10557
10828 3 2 9 1 10477 10478 10559 10558
10829 3 2 9 1 10478 10479 10560 10559
10830 3 2 9 1 10479 10480 10561 10560
10831 3 2 9 1 10480 10481 10562 10561
10832 3 2 9 1 10481 10482 10563 10562
10833 3 2 9 1 10482 10483 10564 10563
10834 3 2 9 1 10483 10484 10565 10564
10835 3 2 9 1 10484 10485 10566 10565
10836 3 2 9 1 10485 10486 10567 10566
10837 3 2 9 1 10486 10487 10568 10567
10838 3 2 9 1 10487 10488 10569 10568
10839 3 2 9 1 10488 10489 10570 10569
10840 3 2 9 1 10489 10490 10571 10570
10841 3 2 9 1 10490 10491 10572 10571
10842 3 2 9 1 10491 10492 10573 10572
10843 3 2 9 1 10492 10493 10574 10573
10844 3 2 9 1 10493 10494 10575 10574
10845 3 2 9 1 10494 10495 10576 10575
10846 3 2 9 1 10495 10496 10577 10576
10847 3 2 9 1 10496 10497 10578 10577
10848 3 2 9 1 10497 10498 10579 10578
10849 3 2 9 1 10498 10499 10580 10579
10850 3 2 9 1 10499 10500 10581 10580
10851 3 2 9 1 10500 10501 10582 10581
10852 3 2 9 1 10501 10502 10583 10582
10853 3 2 9 1 10502 10503 10584 10583
10854 3 2 9 1 10503 10504 10585 10584
10855 3 2 9 1 10504 10505 10586 10585
10856 3 2 9 1 10505 10506 10587 10586
10857 3 2 9 1 10506 10507 10588 10587
10858 3 2 9 1 10507 10508 10589 10588
10859 3 2 9 1 10508 10509 10590 10589
10860 3 2 9 1 10509 10510 10591 10590
10861 3 2 9 1 10510 10511 10592 10591
10862 3 2 9 1 10511 10512 10593 10592
10863 3 2 9 1 10512 10513 10594 10593
10864 3 2 9 1 10513 10514 10595 10594
10865 3 2 9 1 10514 10515 10596 10595
10866 3 2 9 1 10515 10516 10597 10596
10867 3 2 9 1 10516 10517 10598 10597
10868 3 2 9 1 10517 10518 10599 10598
10869 3 2 9 1 10518 10519 10600 10599
10870 3 2 9 1 10519 10520 10601 10600
10871 3 2 9 1 10520 10521 10602 10601
10872 3 2 9 1 10521 10522 10603 10602
10873 3 2 9 1 10522 10523 10604 10603
10874 3 2 9 1 10523 10524 10605 10604
10875 3 2 9 1 10524 10525 10606 10605
10876 3 2 9 1 10525 10526 10607 10606
10877 3 2 9 1 10526 10527 10608 10607
10878 3 2 9 1 10527 10528 10609 10608
10879 3 2 9 1 10528 10529 10610 10609
10880 3 2 9 1 10529 10530 10611 10610
10881 3 2 9 1 10531 10532 10613 10612
10882 3 2 9 1 10532 10533 10614 10613
10883 3 2 9 1 10533 10534 10615 10614
10884 3 2 9 1 10534 10535 10616 10615
10885 3 2 9 1 10535 10536 10617 10616
10886 3 2 9 1 10536 10537 10618 10617
10887 3 2 9 1 10537 10538 10619 10618
10888 3 2 9 1 10538 10539 10620 10619
10889 3 2 9 1 10539 10540 10621 10620
10890 3 2 9 1 10540 10541 10622 10621
10891 3 2 9 1 10541 10542 10623 10622
10892 3 2 9 1 10542 10543 10624 10623
10893 3 2 9 1 10543 10544 10625 10624
10894 3 2 9 1 10544 10545 10626 10625
10895 3 2 9 1 10545 10546 10627 10626
10896 3 2 9 1 10546 10547 10628 10627
10897 3 2 9 1 10547 10548 10629 10628
10898 3 2 9 1 10548 10549 10630 10629
10899 3 2 9 1 10549 10550 10631 10630
10900 3 2 9 1 10550 10551 10632 10631
10901 3 2 9 1 10551 10552 10633 10632
10902 3 2 9 1 10552 10553 10634 10633
10903 3 2 9 1 10553 10554 10635 10634
10904 3 2 9 1 10554 10555 10636 10635
10905 3 2 9 1 10555 10556 10637 10636
10906 3 2 9 1 10556 10557 10638 10637
10907 3 2 9 1 10557 10558 10639 10638
10908 3 2 9 1 10558 10559 10640 10639
10909 3 2 9 1 10559 10560 10641 10640
10910 3 2 9 1 10560 10561 10642 10641
10911 3 2 9 1 10561 10562 10643 10642
10912 3 2 9 1 10562 10563 10644 10643
10913 3 2 9 1 10563 10564 10645 10644
10914 3 2 9 1 10564 10565 10646 10645
10915 3 2 9 1 10565 10566 10647 10646
10916 3 2 9 1 10566 10567 10648 10647
10917 3 2 9 1 10567 10568 10649 10648
10918 3 2 9 1 10568 10569 10650 10649
10919 3 2 9 1 10569 10570 10651 10650
10920 3 2 9 1 10570 10571 10652 10651
10921 3 2 9 1 10571 10572 10653 10652
10922 3 2 9 1 10572 10573 10654 10653
10923 3 2 9 1 10573 10574 10655 10654
10924 3 2 9 1 10574 10575 10656 10655
10925 3 2 9 1 10575 10576 10657 10656
10926 3 2 9 1 10576 10577 10658 10657
10927 3 2 9 1 10577 10578 10659 10658
10928 3 2 9 1 10578 10579 10660 10659
10929 3 2 9 1 10579 10580 10661 10660
10930 3 2 9 1 10580 10581 10662 10661
10931 3 2 9 1 10581 10582 10663 10662
10932 3 2 9 1 10582 10583 10664 10663
10933 3 2 9 1 10583 10584 10665 10664
10934 3 2 9 1 10584 10585 10666 10665
10935 3 2 9 1 10585 10586 10667 10666
10936 3 2 9 1 10586 10587 10668 10667
10937 3 2 9 1 10587 10588 10669 10668
10938 3 2 9 1 10588 10589 10670 10669
10939 3 2 9 1 10589 10590 10671 10670
10940 3 2 9 1 10590 10591 10672 10671
10941 3 2 9 1 10591 10592 10673 10672
10942 3 2 9 1 10592 10593 10674 10673
10943 3 2 9 1 10593 10594 10675 10674
10944 3 2 9 1 10594 10595 10676 10675
10945 3 2 9 1 10595 10596 10677 10676
10946 3 2 9 1 10596 10597 10678 10677
10947 3 2 9 1 10597 10598 10679 10678
10948 3 2 9 1 10598 10599 10680 10679
10949 3 2 9 1 10599 10600 10681 10680
10950 3 2 9 1 10600 10601 10682 10681
10951 3 2 9 1 10601 10602 10683 10682
10952 3 2 9 1 10602 10603 10684 10683
10953 3 2 9 1 10603 10604 10685 10684
10954 3 2 9 1 10604 10605 10686 10685
10955 3 2 9 1 10605 10606 10687 10686
10956 3 2 9 1 10606 10607 10688 10687
10957 3 2 9 1 10607 10608 10689 10688
10958 3 2 9 1 10608 10609 10690 10689
10959 3 2 9 1 10609 10610 10691 10690
10960 3 2 9 1 10610 10611 10692 10691
10961 3 2 9 1 10612 10613 10694 10693
10962 3 2 9 1 10613 10614 10695 10694
10963 3 2 9 1 10614 10615 10696 10695
10964 3 2 9 1 10615 10616 10697 10696
10965 3 2 9 1 10616 10617 10698 10697
10966 3 2 9 1 10617 10618 10699 10698
10967 3 2 9 1 10618 10619 10700 10699
10968 3 2 9 1 10619 10620 10701 10700
10969 3 2 9 1 10620 10621 10702 10701
10970 3 2 9 1 10621 10622 10703 10702
10971 3 2 9 1 10622 10623 10704 10703
10972 3 2 9 1 10623 10624 10705 10704
10973 3 2 9 1 10624 10625 10706 10705
10974 3 2 9 1 10625 10626 10707 10706
10975 3 2 9 1 10626 10627 10708 10707
10976 3 2 9 1 10627 10628 10709 10708
10977 3 2 9 1 10628 10629 10710 10709
10978 3 2 9 1 10629 10630 10711 10710
10979 3 2 9 1 10630 10631 10712 10711
10980 3 2 9 1 10631 10632 10713 10712
10981 3 2 9 1 10632 10633 10714 10713
10982 3 2 9 1 10633 10634 10715 10714
10983 3 2 9 1 10634 10635 10716 10715
10984 3 2 9 1 10635 10636 10717 10716
10985 3 2 9 1 10636 10637 10718 10717
10986 3 2 9 1 10637 10638 10719 10718
10987 3 2 9 1 10638 10639 10720 10719
10988 3 2 9 1 10639 10640 10721 10720
10989 3 2 9 1 10640 10641 10722 10721
10990 3 2 9 1 10641 10642 10723 10722
10991 3 2 9 1 10642 10643 10724 10723
10992 3 2 9 1 10643 10644 10725 10724
10993 3 2 9 1 10644 10645 10726 10725
10994 3 2 9 1 10645 10646 10727 10726
10995 3 2 9 1 10646 10647 10728 10727
10996 3 2 9 1 10647 10648 10729 10728
10997 3 2 9 1 10648 10649 10730 10729
10998 3 2 9 1 10649 10650 10731 10730
10999 3 2 9 1 10650 10651 10732 10731
11000 3 2 9 1 10651 10652 10733 10732
11001 3 2 9 1 10652 10653 10734 10733
11002 3 2 9 1 10653 10654 10735 10734
11003 3 2 9 1 10654 10655 10736 10735
11004 3 2 9 1 10655 10656 10737 10736
11005 3 2 9 1 10656 10657 10738 10737
11006 3 2 9 1 10657 10658 10739 10738
11007 3 2 9 1 10658 10659 10740 10739
11008 3 2 9 1 10659 10660 10741 10740
11009 3 2 9 1 10660 10661 10742 10741
11010 3 2 9 1 10661 10662 10743 10742
11011 3 2 9 1 10662 10663 10744 10743
11012 3 2 9 1 10663 10664 10745 10744
11013 3 2 9 1 10664 10665 10746 10745
11014 3 2 9 1 10665 10666 10747 10746
11015 3 2 9 1 10666 10667 10748 10747
11016 3 2 9 1 10667 10668 10749 10748
11017 3 2 9 1 10668 10669 10750 10749
11018 3 2 9 1 10669 10670 10751 10750
11019 3 2 9 1 10670 10671 10752 10751
11020 3 2 9 1 10671 10672 10753 10752
11021 3 2 9 1 10672 10673 10754 10753
11022 3 2 9 1 10673 10674 10755 10754
11023 3 2 9 1 10674 10675 10756 10755
11024 3 2 9 1 10675 10676 10757 10756
11025 3 2 9 1 10676 10677 10758 10757
11026 3 2 9 1 10677 10678 10759 10758
11027 3 2 9 1 10678 10679 10760 10759
11028 3 2 9 1 10679 10680 10761 10760
11029 3 2 9 1 10680 10681 10762 10761
11030 3 2 9 1 10681 10682 10763 10762
11031 3 2 9 1 10682 10683 10764 10763
11032 3 2 9 1 10683 10684 10765 10764
11033 3 2 9 1 10684 10685 10766 10765
11034 3 2 9 1 10685 10686 10767 10766
11035 3 2 9 1 10686 10687 10768 10767
11036 3 2 9 1 10687 10688 10769 10768
11037 3 2 9 1 10688 10689 10770 10769
11038 3 2 9 1 10689 10690 10771 10770
11039 3 2 9 1 10690 10691 10772 10771
11040 3 2 9 1 10691 10692 10773 10772
11041 3 2 9 1 10693 10694 10775 10774
11042 3 2 9 1 10694 10695 10776 10775
11043 3 2 9 1 10695 10696 10777 10776
11044 3 2 9 1 10696 10697 10778 10777
11045 3 2 9 1 10697 10698 10779 10778
11046 3 2 9 1 10698 10699 10780 10779
11047 3 2 9 1 10699 10700 10781 10780
11048 3 2 9 1 10700 10701 10782 10781
11049 3 2 9 1 10701 10702 10783 10782
11050 3 2 9 1 10702 10703 10784 10783
11051 3 2 9 1 10703 10704 10785 10784
11052 3 2 9 1 10704 10705 10786 10785
11053 3 2 9 1 10705 10706 10787 10786
11054 3 2 9 1 10706 10707 10788 10787
11055 3 2 9 1 10707 10708 10789 10788
11056 3 2 9 1 10708 10709 10790 10789
11057 3 2 9 1 10709 10710 10791 10790
11058 3 2 9 1 10710 10711 10792 10791
11059 3 2 9 1 10711 10712 10793 10792
11060 3 2 9 1 10712 10713 10794 10793
11061 3 2 9 1 10713 10714 10795 10794
11062 3 2 9 1 10714 10715 10796 10795
11063 3 2 9 1 10715 10716 10797 10796
11064 3 2 9 1 10716 10717 10798 10797
11065 3 2 9 1 10717 10718 10799 10798
11066 3 2 9 1 10718 10719 10800 10799
11067 3 2 9 1 10719 10720 10801 10800
11068 3 2 9 1 10720 10721 10802 10801
11069 3 2 9 1 10721 10722 10803 10802
11070 3 2 9 1 10722 10723 10804 10803
11071 3 2 9 1 10723 10724 10805 10804
11072 3 2 9 1 10724 10725 10806 10805
11073 3 2 9 1 10725 10726 10807 10806
11074 3 2 9 1 10726 10727 10808 10807
11075 3 2 9 1 10727 10728 10809 10808
11076 3 2 9 1 10728 10729 10810 10809
11077 3 2 9 1 10729 10730 10811 10810
11078 3 2 9 1 10730 10731 10812 10811
11079 3 2 9 1 10731 10732 10813 10812
11080 3 2 9 1 10732 10733 10814 10813
11081 3 2 9 1 10733 10734 10815 10814
11082 3 2 9 1 10734 10735 10816 10815
11083 3 2 9 1 10735 10736 10817 10816
11084 3 2 9 1 10736 10737 10818 10817
11085 3 2 9 1 10737 10738 10819 10818
11086 3 2 9 1 10738 10739 10820 10819
11087 3 2 9 1 10739 10740 10821 10820
11088 3 2 9 1 10740 10741 10822 10821
11089 3 2 9 1 10741 10742 10823 10822
11090 3 2 9 1 10742 10743 10824 10823
11091 3 2 9 1 10743 10744 10825 10824
11092 3 2 9 1 10744 10745 10826 10825
11093 3 2 9 1 10745 10746 10827 10826
11094 3 2 9 1 10746 10747 10828 10827
11095 3 2 9 1 10747 10748 10829 10828
11096 3 2 9 1 10748 10749 10830 10829
11097 3 2 9 1 10749 10750 10831 10830
11098 3 2 9 1 10750 10751 10832 10831
11099 3 2 9 1 10751 10752 10833 10832
11100 3 2 9 1 10752 10753 10834 10833
11101 3 2 9 1 10753 10754 10835 10834
11102 3 2 9 1 10754 10755 10836 10835
11103 3 2 9 1 10755 10756 10837 10836
11104 3 2 9 1 10756 10757 10838 10837
11105 3 2 9 1 10757 10758 10839 10838
11106 3 2 9 1 10758 10759 10840 10839
11107 3 2 9 1 10759 10760 10841 10840
11108 3 2 9 1 10760 10761 10842 10841
11109 3 2 9 1 10761 10762 10843 10842
11110 3 2 9 1 10762 10763 10844 10843
11111 3 2 9 1 10763 10764 10845 10844
11112 3 2 9 1 10764 10765 10846 10845
11113 3 2 9 1 10765 10766 10847 10846
11114 3 2 9 1 10766 10767 10848 10847
11115 3 2 9 1 10767 10768 10849 10848
11116 3 2 9 1 10768 10769 10850 10849
11117 3 2 9 1 10769 10770 10851 10850
11118 3 2 9 1 10770 10771 10852 10851
11119 3 2 9 1 10771 10772 10853 10852
11120 3 2 9 1 10772 10773 10854 10853
11121 3 2 9 1 10774 10775 10856 10855
11122 3 2 9 1 10775 10776 10857 10856
11123 3 2 9 1 10776 10777 10858 10857
11124 3 2 9 1 10777 10778 10859 10858
11125 3 2 9 1 10778 10779 10860 10859
11126 3 2 9 1 10779 10780 10861 10860
11127 3 2 9 1 10780 10781 10862 10861
11128 3 2 9 1 10781 10782 10863 10862
11129 3 2 9 1 10782 10783 10864 10863
11130 3 2 9 1 10783 10784 10865 10864
11131 3 2 9 1 10784 10785 10866 10865
11132 3 2 9 1 10785 10786 10867 10866
11133 3 2 9 1 10786 10787 10868 10867
11134 3 2 9 1 10787 10788 10869 10868
11135 3 2 9 1 10788 10789 10870 10869
11136 3 2 9 1 10789 10790 10871 10870
11137 3 2 9 1 10790 10791 10872 10871
11138 3 2 9 1 10791 10792 10873 10872
11139 3 2 9 1 10792 10793 10874 10873
11140 3 2 9 1 10793 10794 10875 10874
11141 3 2 9 1 10794 10795 10876 10875
11142 3 2 9 1 10795 10796 10877 10876
11143 3 2 9 1 10796 10797 10878 10877
11144 3 2 9 1 10797 10798 10879 10878
11145 3 2 9 1 10798 10799 10880 10879
11146 3 2 9 1 10799 10800 10881 10880
11147 3 2 9 1 10800 10801 10882 10881
11148 3 2 9 1 10801 10802 10883 10882
11149 3 2 9 1 10802 10803 10884 10883
11150 3 2 9 1 10803 10804 10885 10884
11151 3 2 9 1 10804 10805 10886 10885
11152 3 2 9 1 10805 10806 10887 10886
11153 3 2 9 1 10806 10807 10888 10887
11154 3 2 9 1 10807 10808 10889 10888
11155 3 2 9 1 10808 10809 10890 10889
11156 3 2 9 1 10809 10810 10891 10890
11157 3 2 9 1 10810 10811 10892 10891
11158 3 2 9 1 10811 10812 10893 10892
11159 3 2 9 1 10812 10813 10894 10893
11160 3 2 9 1 10813 10814 10895 10894
11161 3 2 9 1 10814 10815 10896 10895
11162 3 2 9 1 10815 10816 10897 10896
11163 3 2 9 1 10816 10817 10898 10897
11164 3 2 9 1 10817 10818 10899 10898
11165 3 2 9 1 10818 10819 10900 10899
11166 3 2 9 1 10819 10820 10901 10900
11167 3 2 9 1 10820 10821 10902 10901
11168 3 2 9 1 10821 10822 10903 10902
11169 3 2 9 1 10822 10823 10904 10903
11170 3 2 9 1 10823 10824 10905 10904
11171 3 2 9 1 10824 10825 10906 10905
11172 3 2 9 1 10825 10826 10907 10906
11173 3 2 9 1 10826 10827 10908 10907
11174 3 2 9 1 10827 10828 10909 10908
11175 3 2 9 1 10828 10829 10910 10909
11176 3 2 9 1 10829 10830 10911 10910
11177 3 2 9 1 10830 10831 10912 10911
11178 3 2 9 1 10831 10832 10913 10912
11179 3 2 9 1 10832 10833 10914 10913
11180 3 2 9 1 10833 10834 10915 10914
11181 3 2 9 1 10834 10835 10916 10915
11182 3 2 9 1 10835 10836 10917 10916
11183 3 2 9 1 10836 10837 10918 10917
11184 3 2 9 1 10837 10838 10919 10918
11185 3 2 9 1 10838 10839 10920 10919
11186 3 2 9 1 10839 10840 10921 10920
11187 3 2 9 1 10840 10841 10922 10921
11188 3 2 9 1 10841 10842 10923 10922
11189 3 2 9 1 10842 10843 10924 10923
11190 3 2 9 1 10843 10844 10925 10924
11191 3 2 9 1 10844 10845 10926 10925
11192 3 2 9 1 10845 10846 10927 10926
11193 3 2 9 1 10846 10847 10928 10927
11194 3 2 9 1 10847 10848 10929 10928
11195 3 2 9 1 10848 10849 10930 10929
11196 3 2 9 1 10849 10850 10931 10930
11197 3 2 9 1 10850 10851 10932 10931
11198 3 2 9 1 10851 10852 10933 10932
11199 3 2 9 1 10852 10853 10934 10933
11200 3 2 9 1 10853 10854 10935 10934
11201 3 2 9 1 10855 10856 10937 10936
11202 3 2 9 1 10856 10857 10938 10937
11203 3 2 9 1 10857 10858 10939 10938
11204 3 2 9 1 10858 10859 10940 10939
11205 3 2 9 1 10859 10860 10941 10940
11206 3 2 9 1 10860 10861 10942 10941
11207 3 2 9 1 10861 10862 10943 10942
11208 3 2 9 1 10862 10863 10944 10943
11209 3 2 9 1 10863 10864 10945 10944
11210 3 2 9 1 10864 10865 10946 10945
11211 3 2 9 1 10865 10866 10947 10946
11212 3 2 9 1 10866 10867 10948 10947
11213 3 2 9 1 10867 10868 10949 10948
11214 3 2 9 1 10868 10869 10950 10949
11215 3 2 9 1 10869 10870 10951 10950
11216 3 2 9 1 10870 10871 10952 10951
11217 3 2 9 1 10871 10872 10953 10952
11218 3 2 9 1 10872 10873 10954 10953
11219 3 2 9 1 10873 10874 10955 10954
11220 3 2 9 1 10874 10875 10956 10955
11221 3 2 9 1 10875 10876 10957 10956
11222 3 2 9 1 10876 10877 10958 10957
11223 3 2 9 1 10877 10878 10959 10958
11224 3 2 9 1 10878 10879 10960 10959
11225 3 2 9 1 10879 10880 10961 10960
11226 3 2 9 1 10880 10881 10962 10961
11227 3 2 9 1 10881 10882 10963 10962
11228 3 2 9 1 10882 10883 10964 10963
11229 3 2 9 1 10883 10884 10965 10964
11230 3 2 9 1 10884 10885 10966 10965
11231 3 2 9 1 10885 10886 10967 10966
11232 3 2 9 1 10886 10887 10968 10967
11233 3 2 9 1 10887 10888 10969 10968
11234 3 2 9 1 10888 10889 10970 10969
11235 3 2 9 1 10889 10890 10971 10970
11236 3 2 9 1 10890 10891 10972 10971
11237 3 2 9 1 10891 10892 10973 10972
11238 3 2 9 1 10892 10893 10974 10973
11239 3 2 9 1 10893 10894 10975 10974
11240 3 2 9 1 10894 10895 10976 10975
11241 3 2 9 1 10895 10896 10977 10976
11242 3 2 9 1 10896 10897 10978 10977
11243 3 2 9 1 10897 10898 10979 10978
11244 3 2 9 1 10898 10899 10980 10979
11245 3 2 9 1 10899 10900 10981 10980
11246 3 2 9 1 10900 10901 10982 10981
11247 3 2 9 1 10901 10902 10983 10982
11248 3 2 9 1 10902 10903 10984 10983
11249 3 2 9 1 10903 10904 10985 10984
11250 3 2 9 1 10904 10905 10986 10985
11251 3 2 9 1 10905 10906 10987 10986
11252 3 2 9 1 10906 10907 10988 10987
11253 3 2 9 1 10907 10908 10989 10988
11254 3 2 9 1 10908 10909 10990 10989
11255 3 2 9 1 10909 10910 10991 10990
11256 3 2 9 1 10910 10911 10992 10991
11257 3 2 9 1 10911 10912 10993 10992
11258 3 2 9 1 10912 10913 10994 10993
11259 3 2 9 1 10913 10914 10995 10994
11260 3 2 9 1 10914 10915 10996 10995
11261 3 2 9 1 10915 10916 10997 10996
11262 3 2 9 1 10916 10917 10998 10997
11263 3 2 9 1 10917 10918 10999 10998
11264 3 2 9 1 10918 10919 11000 10999
11265 3 2 9 1 10919 10920 11001 11000
11266 3 2 9 1 10920 10921 11002 11001
11267 3 2 9 1 10921 10922 11003 11002
11268 3 2 9 1 10922 10923 11004 11003
11269 3 2 9 1 10923 10924 11005 11004
11270 3 2 9 1 10924 10925 11006 11005
11271 3 2 9 1 10925 10926 11007 11006
11272 3 2 9 1 10926 10927 11008 11007
11273 3 2 9 1 10927 10928 11009 11008
11274 3 2 9 1 10928 10929 11010 11009
11275 3 2 9 1 10929 10930 11011 11010
11276 3 2 9 1 10930 10931 11012 11011
11277 3 2 9 1 10931 10932 11013 11012
11278 3 2 9 1 10932 10933 11014 11013
11279 3 2 9 1 10933 10934 11015 11014
11280 3 2 9 1 10934 10935 11016 11015
11281 3 2 9 1 10936 10937 11018 11017
11282 3 2 9 1 10937 10938 11019 11018
11283 3 2 9 1 10938 10939 11020 11019
11284 3 2 9 1 10939 10940 11021 11020
11285 3 2 9 1 10940 10941 11022 11021
11286 3 2 9 1 10941 10942 11023 11022
11287 3 2 9 1 10942 10943 11024 11023
11288 3 2 9 1 10943 10944 11025 11024
11289 3 2 9 1 10944 10945 11026 11025
11290 3 2 9 1 10945 10946 11027 11026
11291 3 2 9 1 10946 10947 11028 11027
11292 3 2 9 1 10947 10948 11029 11028
11293 3 2 9 1 10948 10949 11030 11029
11294 3 2 9 1 10949 10950 11031 11030
11295 3 2 9 1 10950 10951 11032 11031
11296 3 2 9 1 10951 10952 11033 11032
11297 3 2 9 1 10952 10953 11034 11033
11298 3 2 9 1 10953 10954 11035 11034
11299 3 2 9 1 10954 10955 11036 11035
11300 3 2 9 1 10955 10956 11037 11036
11301 3 2 9 1 10956 10957 11038 11037
11302 3 2 9 1 10957 10958 11039 11038
11303 3 2 9 1 10958 10959 11040 11039
11304 3 2 9 1 10959 10960 11041 11040
11305 3 2 9 1 10960 10961 11042 11041
11306 3 2 9 1 10961 10962 11043 11042
11307 3 2 9 1 10962 10963 11044 11043
11308 3 2 9 1 10963 10964 11045 11044
11309 3 2 9 1 10964 10965 11046 11045
11310 3 2 9 1 10965 10966 11047 11046
11311 3 2 9 1 10966 10967 11048 11047
11312 3 2 9 1 10967 10968 11049 11048
11313 3 2 9 1 10968 10969 11050 11049
11314 3 2 9 1 10969 10970 11051 11050
11315 3 2 9 1 10970 10971 11052 11051
11316 3 2 9 1 10971 10972 11053 11052
11317 3 2 9 1 10972 10973 11054 11053
11318 3 2 9 1 10973 10974 11055 11054
11319 3 2 9 1 10974 10975 11056 11055
11320 3 2 9 1 10975 10976 11057 11056
11321 3 2 9 1 10976 10977 11058 11057
11322 3 2 9 1 10977 10978 11059 11058
11323 3 2 9 1 10978 10979 11060 11059
11324 3 2 9 1 10979 10980 11061 11060
11325 3 2 9 1 10980 10981 11062 11061
11326 3 2 9 1 10981 10982 11063 11062
11327 3 2 9 1 10982 10983 11064 11063
11328 3 2 9 1 10983 10984 11065 11064
11329 3 2 9 1 10984 10985 11066 11065
11330 3 2 9 1 10985 10986 11067 11066
11331 3 2 9 1 10986 10987 11068 11067
11332 3 2 9 1 10987 10988 11069 11068
11333 3 2 9 1 10988 10989 11070 11069
11334 3 2 9 1 10989 10990 11071 11070
11335 3 2 9 1 10990 10991 11072 11071
11336 3 2 9 1 10991 10992 11073 11072
11337 3 2 9 1 10992 10993 11074 11073
11338 3 2 9 1 10993 10994 11075 11074
11339 3 2 9 1 10994 10995 11076 11075
11340 3 2 9 1 10995 10996 11077 11076
11341 3 2 9 1 10996 10997 11078 11077
11342 3 2 9 1 10997 10998 11079 11078
11343 3 2 9 1 10998 10999 11080 11079
11344 3 2 9 1 10999 11000 11081 11080
11345 3 2 9 1 11000 11001 11082 11081
11346 3 2 9 1 11001 11002 11083 11082
11347 3 2 9 1 11002 11003 11084 11083
11348 3 2 9 1 11003 11004 11085 11084
11349 3 2 9 1 11004 11005 11086 11085
11350 3 2 9 1 11005 11006 11087 11086
11351 3 2 9 1 11006 11007 11088 11087
11352 3 2 9 1 11007 11008 11089 11088
11353 3 2 9 1 11008 11009 11090 11089
11354 3 2 9 1 11009 11010 11091 11090
11355 3 2 9 1 11010 11011 11092 11091
11356 3 2 9 1 11011 11012 11093 11092
11357 3 2 9 1 11012 11013 11094 11093
11358 3 2 9 1 11013 11014 11095 11094
11359 3 2 9 1 11014 11015 11096 11095
11360 3 2 9 1 11015 11016 11097 11096
11361 3 2 9 1 11017 11018 11099 11098
11362 3 2 9 1 11018 11019 11100 11099
11363 3 2 9 1 11019 11020 11101 11100
11364 3 2 9 1 11020 11021 11102 11101
11365 3 2 9 1 11021 11022 11103 11102
11366 3 2 9 1 11022 11023 11104 11103
11367 3 2 9 1 11023 11024 11105 11104
11368 3 2 9 1 11024 11025 11106 11105
11369 3 2 9 1 11025 11026 11107 11106
11370 3 2 9 1 11026 11027 11108 11107
11371 3 2 9 1 11027 11028 11109 11108
11372 3 2 9 1 11028 11029 11110 11109
11373 3 2 9 1 11029 11030 11111 11110
11374 3 2 9 1 11030 11031 11112 11111
11375 3 2 9 1 11031 11032 11113 11112
11376 3 2 9 1 11032 11033 11114 11113
11377 3 2 9 1 11033 11034 11115 11114
11378 3 2 9 1 11034 11035 11116 11115
11379 3 2 9 1 11035 11036 11117 11116
11380 3 2 9 1 11036 11037 11118 11117
11381 3 2 9 1 11037 11038 11119 11118
11382 3 2 9 1 11038 11039 11120 11119
11383 3 2 9 1 11039 11040 11121 11120
11384 3 2 9 1 11040 11041 11122 11121
11385 3 2 9 1 11041 11042 11123 11122
11386 3 2 9 1 11042 11043 11124 11123
11387 3 2 9 1 11043 11044 11125 11124
11388 3 2 9 1 11044 11045 11126 11125
11389 3 2 9 1 11045 11046 11127 11126
11390 3 2 9 1 11046 11047 11128 11127
11391 3 2 9 1 11047 11048 11129 11128
11392 3 2 9 1 11048 11049 11130 11129
11393 3 2 9 1 11049 11050 11131 11130
11394 3 2 9 1 11050 11051 11132 11131
11395 3 2 9 1 11051 11052 11133 11132
11396 3 2 9 1 11052 11053 11134 11133
11397 3 2 9 1 11053 11054 11135 11134
11398 3 2 9 1 11054 11055 11136 11135
11399 3 2 9 1 11055 11056 11137 11136
11400 3 2 9 1 11056 11057 11138 11137
11401 3 2 9 1 11057 11058 11139 11138
11402 3 2 9 1 11058 11059 11140 11139
11403 3 2 9 1 11059 11060 11141 11140
11404 3 2 9 1 11060 11061 11142 11141
11405 3 2 9 1 11061 11062 11143 11142
11406 3 2 9 1 11062 11063 11144 11143
11407 3 2 9 1 11063 11064 11145 11144
11408 3 2 9 1 11064 11065 11146 11145
11409 3 2 9 1 11065 11066 11147 11146
11410 3 2 9 1 11066 11067 11148 11147
11411 3 2 9 1 11067 11068 11149 11148
11412 3 2 9 1 11068 11069 11150 11149
11413 3 2 9 1 11069 11070 11151 11150
11414 3 2 9 1 11070 11071 11152 11151
11415 3 2 9 1 11071 11072 11153 11152
11416 3 2 9 1 11072 11073 11154 11153
11417 3 2 9 1 11073 11074 11155 11154
11418 3 2 9 1 11074 11075 11156 11155
11419 3 2 9 1 11075 11076 11157 11156
11420 3 2 9 1 11076 11077 11158 11157
11421 3 2 9 1 11077 11078 11159 11158
11422 3 2 9 1 11078 11079 11160 11159
11423 3 2 9 1 11079 11080 11161 11160
11424 3 2 9 1 11080 11081 11162 11161
11425 3 2 9 1 11081 11082 11163 11162
11426 3 2 9 1 11082 11083 11164 11163
11427 3 2 9 1 11083 11084 11165 11164
11428 3 2 9 1 11084 11085 11166 11165
11429 3 2 9 1 11085 11086 11167 11166
11430 3 2 9 1 11086 11087 11168 11167
11431 3 2 9 1 11087 11088 11169 11168
11432 3 2 9 1 11088 11089 11170 11169
11433 3 2 9 1 11089 11090 11171 11170
11434 3 2 9 1 11090 11091 11172 11171
11435 3 2 9 1 11091 11092 11173 11172
11436 3 2 9 1 11092 11093 11174 11173
11437 3 2 9 1 11093 11094 11175 11174
11438 3 2 9 1 11094 11095 11176 11175
11439 3 2 9 1 11095 11096 11177 11176
11440 3 2 9 1 11096 11097 11178 11177
11441 3 2 9 1 11098 11099 11180 11179
11442 3 2 9 1 11099 11100 11181 11180
11443 3 2 9 1 11100 11101 11182 11181
11444 3 2 9 1 11101 11102 11183 11182
11445 3 2 9 1 11102 11103 11184 11183
11446 3 2 9 1 11103 11104 11185 11184
11447 3 2 9 1 11104 11105 11186 11185
11448 3 2 9 1 11105 11106 11187 11186
11449 3 2 9 1 11106 11107 11188 11187
11450 3 2 9 1 11107 11108 11189 11188
11451 3 2 9 1 11108 11109 11190 11189
11452 3 2 9 1 11109 11110 11191 11190
11453 3 2 9 1 11110 11111 11192 11191
11454 3 2 9 1 11111 11112 11193 11192
11455 3 2 9 1 11112 11113 11194 11193
11456 3 2 9 1 11113 11114 11195 11194
11457 3 2 9 1 11114 11115 11196 11195
11458 3 2 9 1 11115 11116 11197 11196
11459 3 2 9 1 11116 11117 11198 11197
11460 3 2 9 1 11117 11118 11199 11198
11461 3 2 9 1 11118 11119 11200 11199
11462 3 2 9 1 11119 11120 11201 11200
11463 3 2 9 1 11120 11121 11202 11201
11464 3 2 9 1 11121 11122 11203 11202
11465 3 2 9 1 11122 11123 11204 11203
11466 3 2 9 1 11123 11124 11205 11204
11467 3 2 9 1 11124 11125 11206 11205
11468 3 2 9 1 11125 11126 11207 11206
11469 3 2 9 1 11126 11127 11208 11207
11470 3 2 9 1 11127 11128 11209 11208
11471 3 2 9 1 11128 11129 11210 11209
11472 3 2 9 1 11129 11130 11211 11210
11473 3 2 9 1 11130 11131 11212 11211
11474 3 2 9 1 11131 11132 11213 11212
11475 3 2 9 1 11132 11133 11214 11213
11476 3 2 9 1 11133 11134 11215 11214
11477 3 2 9 1 11134 11135 11216 11215
11478 3 2 9 1 11135 11136 11217 11216
11479 3 2 9 1 11136 11137 11218 11217
11480 3 2 9 1 11137 11138 11219 11218
11481 3 2 9 1 11138 11139 11220 11219
11482 3 2 9 1 11139 11140 11221 11220
11483 3 2 9 1 11140 11141 11222 11221
11484 3 2 9 1 11141 11142 11223 11222
11485 3 2 9 1 11142 11143 11224 11223
11486 3 2 9 1 11143 11144 11225 11224
11487 3 2 9 1 11144 11145 11226 11225
11488 3 2 9 1 11145 11146 11227 11226
11489 3 2 9 1 11146 11147 11228 11227
11490 3 2 9 1 11147 11148 11229 11228
11491 3 2 9 1 11148 11149 11230 11229
11492 3 2 9 1 11149 11150 11231 11230
11493 3 2 9 1 11150 11151 11232 11231
11494 3 2 9 1 11151 11152 11233 11232
11495 3 2 9 1 11152 11153 11234 11233
11496 3 2 9 1 11153 11154 11235 11234
11497 3 2 9 1 11154 11155 11236 11235
11498 3 2 9 1 11155 11156 11237 11236
11499 3 2 9 1 11156 11157 11238 11237
11500 3 2 9 1 11157 11158 11239 11238
11501 3 2 9 1 11158 11159 11240 11239
11502 3 2 9 1 11159 11160 11241 11240
11503 3 2 9 1 11160 11161 11242 11241
11504 3 2 9 1 11161 11162 11243 11242
11505 3 2 9 1 11162 11163 11244 11243
11506 3 2 9 1 11163 11164 11245 11244
11507 3 2 9 1 11164 11165 11246 11245
11508 3 2 9 1 11165 11166 11247 11246
11509 3 2 9 1 11166 11167 11248 11247
11510 3 2 9 1 11167 11168 11249 11248
11511 3 2 9 1 11168 11169 11250 11249
11512 3 2 9 1 11169 11170 11251 11250
11513 3 2 9 1 11170 11171 11252 11251
11514 3 2 9 1 11171 11172 11253 11252
11515 3 2 9 1 11172 11173 11254 11253
11516 3 2 9 1 11173 11174 11255 11254
11517 3 2 9 1 11174 11175 11256 11255
11518 3 2 9 1 11175 11176 11257 11256
11519 3 2 9 1 11176 11177 11258 11257
11520 3 2 9 1 11177 11178 11259 11258
11521 3 2 9 1 11179 11180 11261 11260
11522 3 2 9 1 11180 11181 11262 11261
11523 3 2 9 1 11181 11182 11263 11262
11524 3 2 9 1 11182 11183 11264 11263
11525 3 2 9 1 11183 11184 11265 11264
11526 3 2 9 1 11184 11185 11266 11265
11527 3 2 9 1 11185 11186 11267 11266
11528 3 2 9 1 11186 11187 11268 11267
11529 3 2 9 1 11187 11188 11269 11268
11530 3 2 9 1 11188 11189 11270 11269
11531 3 2 9 1 11189 11190 11271 11270
11532 3 2 9 1 11190 11191 11272 11271
11533 3 2 9 1 11191 11192 11273 11272
11534 3 2 9 1 11192 11193 11274 11273
11535 3 2 9 1 11193 11194 11275 11274
11536 3 2 9 1 11194 11195 11276 11275
11537 3 2 9 1 11195 11196 11277 11276
11538 3 2 9 1 11196 11197 11278 11277
11539 3 2 9 1 11197 11198 11279 11278
11540 3 2 9 1 11198 11199 11280 11279
11541 3 2 9 1 11199 11200 11281 11280
11542 3 2 9 1 11200 11201 11282 11281
11543 3 2 9 1 11201 11202 11283 11282
11544 3 2 9 1 11202 11203 11284 11283
11545 3 2 9 1 11203 11204 11285 11284
11546 3 2 9 1 11204 11205 11286 11285
11547 3 2 9 1 11205 11206 11287 11286
11548 3 2 9 1 11206 11207 11288 11287
11549 3 2 9 1 11207 11208 11289 11288
11550 3 2 9 1 11208 11209 11290 11289
11551 3 2 9 1 11209 11210 11291 11290
11552 3 2 9 1 11210 11211 11292 11291
11553 3 2 9 1 11211 11212 11293 11292
11554 3 2 9 1 11212 11213 11294 11293
11555 3 2 9 1 11213 11214 11295 11294
11556 3 2 9 1 11214 11215 11296 11295
11557 3 2 9 1 11215 11216 11297 11296
11558 3 2 9 1 11216 11217 11298 11297
11559 3 2 9 1 11217 11218 11299 11298
11560 3 2 9 1 11218 11219 11300 11299
11561 3 2 9 1 11219 11220 11301 11300
11562 3 2 9 1 11220 11221 11302 11301
11563 3 2 9 1 11221 11222 11303 11302
11564 3 2 9 1 11222 11223 11304 11303
11565 3 2 9 1 11223 11224 11305 11304
11566 3 2 9 1 11224 11225 11306 11305
11567 3 2 9 1 11225 11226 11307 11306
11568 3 2 9 1 11226 11227 11308 11307
11569 3 2 9 1 11227 11228 11309 11308
11570 3 2 9 1 11228 11229 11310 11309
11571 3 2 9 1 11229 11230 11311 11310
11572 3 2 9 1 11230 11231 11312 11311
11573 3 2 9 1 11231 11232 11313 11312
11574 3 2 9 1 11232 11233 11314 11313
11575 3 2 9 1 11233 11234 11315 11314
11576 3 2 9 1 11234 11235 11316 11315
11577 3 2 9 1 11235 11236 11317 11316
11578 3 2 9 1 11236 11237 11318 11317
11579 3 2 9 1 11237 11238 11319 11318
11580 3 2 9 1 11238 11239 11320 11319
11581 3 2 9 1 11239 11240 11321 11320
11582 3 2 9 1 11240 11241 11322 11321
11583 3 2 9 1 11241 11242 11323 11322
11584 3 2 9 1 11242 11243 11324 11323
11585 3 2 9 1 11243 11244 11325 11324
11586 3 2 9 1 11244 11245 11326 11325
11587 3 2 9 1 11245 11246 11327 11326
11588 3 2 9 1 11246 11247 11328 11327
11589 3 2 9 1 11247 11248 11329 11328
11590 3 2 9 1 11248 11249 11330 11329
11591 3 2 9 1 11249 11250 11331 11330
11592 3 2 9 1 11250 11251 11332 11331
11593 3 2 9 1 11251 11252 11333 11332
11594 3 2 9 1 11252 11253 11334 11333
11595 3 2 9 1 11253 11254 11335 11334
11596 3 2 9 1 11254 11255 11336 11335
11597 3 2 9 1 11255 11256 11337 11336
11598 3 2 9 1 11256 11257 11338 11337
11599 3 2 9 1 11257 11258 11339 11338
11600 3 2 9 1 11258 11259 11340 11339
11601 3 2 9 1 11260 11261 11342 11341
11602 3 2 9 1 11261 11262 11343 11342
11603 3 2 9 1 11262 11263 11344 11343
11604 3 2 9 1 11263 11264 11345 11344
11605 3 2 9 1 11264 11265 11346 11345
11606 3 2 9 1 11265 11266 11347 11346
11607 3 2 9 1 11266 11267 11348 11347
11608 3 2 9 1 11267 11268 11349 11348
11609 3 2 9 1 11268 11269 11350 11349
11610 3 2 9 1 11269 11270 11351 11350
11611 3 2 9 1 11270 11271 11352 11351
11612 3 2 9 1 11271 11272 11353 11352
11613 3 2 9 1 11272 11273 11354 11353
11614 3 2 9 1 11273 11274 11355 11354
11615 3 2 9 1 11274 11275 11356 11355
11616 3 2 9 1 11275 11276 11357 11356
11617 3 2 9 1 11276 11277 11358 11357
11618 3 2 9 1 11277 11278 11359 11358
11619 3 2 9 1 11278 11279 11360 11359
11620 3 2 9 1 11279 11280 11361 11360
11621 3 2 9 1 11280 11281 11362 11361
11622 3 2 9 1 11281 11282 11363 11362
11623 3 2 9 1 11282 11283 11364 11363
11624 3 2 9 1 11283 11284 11365 11364
11625 3 2 9 1 11284 11285 11366 11365
11626 3 2 9 1 11285 11286 11367 11366
11627 3 2 9 1 11286 11287 11368 11367
11628 3 2 9 1 11287 11288 11369 11368
11629 3 2 9 1 11288 11289 11370 11369
11630 3 2 9 1 11289 11290 11371 11370
11631 3 2 9 1 11290 11291 11372 11371
11632 3 2 9 1 11291 11292 11373 11372
11633 3 2 9 1 11292 11293 11374 11373
11634 3 2 9 1 11293 11294 11375 11374
11635 3 2 9 1 11294 11295 11376 11375
11636 3 2 9 1 11295 11296 11377 11376
11637 3 2 9 1 11296 11297 11378 11377
11638 3 2 9 1 11297 11298 11379 11378
11639 3 2 9 1 11298 11299 11380 11379
11640 3 2 9 1 11299 11300 11381 11380
11641 3 2 9 1 11300 11301 11382 11381
11642 3 2 9 1 11301 11302 11383 11382
11643 3 2 9 1 11302 11303 11384 11383
11644 3 2 9 1 11303 11304 11385 11384
11645 3 2 9 1 11304 11305 11386 11385
11646 3 2 9 1 11305 11306 11387 11386
11647 3 2 9 1 11306 11307 11388 11387
11648 3 2 9 1 11307 11308 11389 11388
11649 3 2 9 1 11308 11309 11390 11389
11650 3 2 9 1 11309 11310 11391 11390
11651 3 2 9 1 11310 11311 11392 11391
11652 3 2 9 1 11311 11312 11393 11392
11653 3 2 9 1 11312 11313 11394 11393
11654 3 2 9 1 11313 11314 11395 11394
11655 3 2 9 1 11314 11315 11396 11395
11656 3 2 9 1 11315 11316 11397 11396
11657 3 2 9 1 11316 11317 11398 11397
11658 3 2 9 1 11317 11318 11399 11398
11659 3 2 9 1 11318 11319 11400 11399
11660 3 2 9 1 11319 11320 11401 11400
11661 3 2 9 1 11320 11321 11402 11401
11662 3 2 9 1 11321 11322 11403 11402
11663 3 2 9 1 11322 11323 11404 11403
11664 3 2 9 1 11323 11324 11405 11404
11665 3 2 9 1 11324 11325 11406 11405
11666 3 2 9 1 11325 11326 11407 11406
11667 3 2 9 1 11326 11327 11408 11407
11668 3 2 9 1 11327 11328 11409 11408
11669 3 2 9 1 11328 11329 11410 11409
11670 3 2 9 1 11329 11330 11411 11410
11671 3 2 9 1 11330 11331 11412 11411
11672 3 2 9 1 11331 11332 11413 11412
11673 3 2 9 1 11332 11333 11414 11413
11674 3 2 9 1 11333 11334 11415 11414
11675 3 2 9 1 11334 11335 11416 11415
11676 3 2 9 1 11335 11336 11417 11416
11677 3 2 9 1 11336 11337 11418 11417
11678 3 2 9 1 11337 11338 11419 11418
11679 3 2 9 1 11338 11339 11420 11419
11680 3 2 9 1 11339 11340 11421 11420
11681 3 2 9 1 11341 11342 11423 11422
11682 3 2 9 1 11342 11343 11424 11423
11683 3 2 9 1 11343 11344 11425 11424
11684 3 2 9 1 11344 11345 11426 11425
11685 3 2 9 1 11345 11346 11427 11426
11686 3 2 9 1 11346 11347 11428 11427
11687 3 2 9 1 11347 11348 11429 11428
11688 3 2 9 1 11348 11349 11430 11429
11689 3 2 9 1 11349 11350 11431 11430
11690 3 2 9 1 11350 11351 11432 11431
11691 3 2 9 1 11351 11352 11433 11432
11692 3 2 9 1 11352 11353 11434 11433
11693 3 2 9 1 11353 11354 11435 11434
11694 3 2 9 1 11354 11355 11436 11435
11695 3 2 9 1 11355 11356 11437 11436
11696 3 2 9 1 11356 11357 11438 11437
11697 3 2 9 1 11357 11358 11439 11438
11698 3 2 9 1 11358 11359 11440 11439
11699 3 2 9 1 11359 11360 11441 11440
11700 3 2 9 1 11360 11361 11442 11441
11701 3 2 9 1 11361 11362 11443 11442
11702 3 2 9 1 11362 11363 11444 11443
11703 3 2 9 1 11363 11364 11445 11444
11704 3 2 9 1 11364 11365 11446 11445
11705 3 2 9 1 11365 11366 11447 11446
11706 3 2 9 1 11366 11367 11448 11447
11707 3 2 9 1 11367 11368 11449 11448
11708 3 2 9 1 11368 11369 11450 11449
11709 3 2 9 1 11369 11370 11451 11450
11710 3 2 9 1 11370 11371 11452 11451
11711 3 2 9 1 11371 11372 11453 11452
11712 3 2 9 1 11372 11373 11454 11453
11713 3 2 9 1 11373 11374 11455 11454
11714 3 2 9 1 11374 11375 11456 11455
11715 3 2 9 1 11375 11376 11457 11456
11716 3 2 9 1 11376 11377 11458 11457
11717 3 2 9 1 11377 11378 11459 11458
11718 3 2 9 1 11378 11379 11460 11459
11719 3 2 9 1 11379 11380 11461 11460
11720 3 2 9 1 11380 11381 11462 11461
11721 3 2 9 1 11381 11382 11463 11462
11722 3 2 9 1 11382 11383 11464 11463
11723 3 2 9 1 11383 11384 11465 11464
11724 3 2 9 1 11384 11385 11466 11465
11725 3 2 9 1 11385 11386 11467 11466
11726 3 2 9 1 11386 11387 11468 11467
11727 3 2 9 1 11387 11388 11469 11468
11728 3 2 9 1 11388 11389 11470 11469
11729 3 2 9 1 11389 11390 11471 11470
11730 3 2 9 1 11390 11391 11472 11471
11731 3 2 9 1 11391 11392 11473 11472
11732 3 2 9 1 11392 11393 11474 11473
11733 3 2 9 1 11393 11394 11475 11474
11734 3 2 9 1 11394 11395 11476 11475
11735 3 2 9 1 11395 11396 11477 11476
11736 3 2 9 1 11396 11397 11478 11477
11737 3 2 9 1 11397 11398 11479 11478
11738 3 2 9 1 11398 11399 11480 11479
11739 3 2 9 1 11399 11400 11481 11480
11740 3 2 9 1 11400 11401 11482 11481
11741 3 2 9 1 11401 11402 11483 11482
11742 3 2 9 1 11402 11403 11484 11483
11743 3 2 9 1 11403 11404 11485 11484
11744 3 2 9 1 11404 11405 11486 11485
11745 3 2 9 1 11405 11406 11487 11486
11746 3 2 9 1 11406 11407 11488 11487
11747 3 2 9 1 11407 11408 11489 11488
11748 3 2 9 1 11408 11409 11490 11489
11749 3 2 9 1 11409 11410 11491 11490
11750 3 2 9 1 11410 11411 11492 11491
11751 3 2 9 1 11411 11412 11493 11492
11752 3 2 9 1 11412 11413 11494 11493
11753 3 2 9 1 11413 11414 11495 11494
11754 3 2 9 1 11414 11415 11496 11495
11755 3 2 9 1 11415 11416 11497 11496
11756 3 2 9 1 11416 11417 11498 11497
11757 3 2 9 1 11417 11418 11499 11498
11758 3 2 9 1 11418 11419 11500 11499
11759 3 2 9 1 11419 11420 11501 11500
11760 3 2 9 1 11420 11421 11502 11501
11761 3 2 9 1 11422 11423 11504 11503
11762 3 2 9 1 11423 11424 11505 11504
11763 3 2 9 1 11424 11425 11506 11505
11764 3 2 9 1 11425 11426 11507 11506
11765 3 2 9 1 11426 11427 11508 11507
11766 3 2 9 1 11427 11428 11509 11508
11767 3 2 9 1 11428 11429 11510 11509
11768 3 2 9 1 11429 11430 11511 11510
11769 3 2 9 1 11430 11431 11512 11511
11770 3 2 9 1 11431 11432 11513 11512
11771 3 2 9 1 11432 11433 11514 11513
11772 3 2 9 1 11433 11434 11515 11514
11773 3 2 9 1 11434 11435 11516 11515
11774 3 2 9 1 11435 11436 11517 11516
11775 3 2 9 1 11436 11437 11518 11517
11776 3 2 9 1 11437 11438 11519 11518
11777 3 2 9 1 11438 11439 11520 11519
11778 3 2 9 1 11439 11440 11521 11520
11779 3 2 9 1 11440 11441 11522 11521
11780 3 2 9 1 11441 11442 11523 11522
11781 3 2 9 1 11442 11443 11524 11523
11782 3 2 9 1 11443 11444 11525 11524
11783 3 2 9 1 11444 11445 11526 11525
11784 3 2 9 1 11445 11446 11527 11526
11785 3 2 9 1 11446 11447 11528 11527
11786 3 2 9 1 11447 11448 11529 11528
11787 3 2 9 1 11448 11449 11530 11529
11788 3 2 9 1 11449 11450 11531 11530
11789 3 2 9 1 11450 11451 11532 11531
11790 3 2 9 1 11451 11452 11533 11532
11791 3 2 9 1 11452 11453 11534 11533
11792 3 2 9 1 11453 11454 11535 11534
11793 3 2 9 1 11454 11455 11536 11535
11794 3 2 9 1 11455 11456 11537 11536
11795 3 2 9 1 11456 11457 11538 11537
11796 3 2 9 1 11457 11458 11539 11538
11797 3 2 9 1 11458 11459 11540 11539
11798 3 2 9 1 11459 11460 11541 11540
11799 3 2 9 1 11460 11461 11542 11541
11800 3 2 9 1 11461 11462 11543 11542
11801 3 2 9 1 11462 11463 11544 11543
11802 3 2 9 1 11463 11464 11545 11544
11803 3 2 9 1 11464 11465 11546 11545
11804 3 2 9 1 11465 11466 11547 11546
11805 3 2 9 1 11466 11467 11548 11547
11806 3 2 9 1 11467 11468 11549 11548
11807 3 2 9 1 11468 11469 11550 11549
11808 3 2 9 1 11469 11470 11551 11550
11809 3 2 9 1 11470 11471 11552 11551
11810 3 2 9 1 11471 11472 11553 11552
11811 3 2 9 1 11472 11473 11554 11553
11812 3 2 9 1 11473 11474 11555 11554
11813 3 2 9 1 11474 11475 11556 11555
11814 3 2 9 1 11475 11476 11557 11556
11815 3 2 9 1 11476 11477 11558 11557
11816 3 2 9 1 11477 11478 11559 11558
11817 3 2 9 1 11478 11479 11560 11559
11818 3 2 9 1 11479 11480 11561 11560
11819 3 2 9 1 11480 11481 11562 11561
11820 3 2 9 1 11481 11482 11563 11562
11821 3 2 9 1 11482 11483 11564 11563
11822 3 2 9 1 11483 11484 11565 11564
11823 3 2 9 1 11484 11485 11566 11565
11824 3 2 9 1 11485 11486 11567 11566
11825 3 2 9 1 11486 11487 11568 11567
11826 3 2 9 1 11487 11488 11569 11568
11827 3 2 9 1 11488 11489 11570 11569
11828 3 2 9 1 11489 11490 11571 11570
11829 3 2 9 1 11490 11491 11572 11571
11830 3 2 9 1 11491 11492 11573 11572
11831 3 2 9 1 11492 11493 11574 11573
11832 3 2 9 1 11493 11494 11575 11574
11833 3 2 9 1 11494 11495 11576 11575
11834 3 2 9 1 11495 11496 11577 11576
11835 3 2 9 1 11496 11497 11578 11577
11836 3 2 9 1 11497 11498 11579 11578
11837 3 2 9 1 11498 11499 11580 11579
11838 3 2 9 1 11499 11500 11581 11580
11839 3 2 9 1 11500 11501 11582 11581
11840 3 2 9 1 11501 11502 11583 11582
11841 3 2 9 1 11503 11504 11585 11584
11842 3 2 9 1 11504 11505 11586 11585
11843 3 2 9 1 11505 11506 11587 11586
11844 3 2 9 1 11506 11507 11588 11587
11845 3 2 9 1 11507 11508 11589 11588
11846 3 2 9 1 11508 11509 11590 11589
11847 3 2 9 1 11509 11510 11591 11590
11848 3 2 9 1 11510 11511 11592 11591
11849 3 2 9 1 11511 11512 11593 11592
11850 3 2 9 1 11512 11513 11594 11593
11851 3 2 9 1 11513 11514 11595 11594
11852 3 2 9 1 11514 11515 11596 11595
11853 3 2 9 1 11515 11516 11597 11596
11854 3 2 9 1 11516 11517 11598 11597
11855 3 2 9 1 11517 11518 11599 11598
11856 3 2 9 1 11518 11519 11600 11599
11857 3 2 9 1 11519 11520 11601 11600
11858 3 2 9 1 11520 11521 11602 11601
11859 3 2 9 1 11521 11522 11603 11602
11860 3 2 9 1 11522 11523 11604 11603
11861 3 2 9 1 11523 11524 11605 11604
11862 3 2 9 1 11524 11525 11606 11605
11863 3 2 9 1 11525 11526 11607 11606
11864 3 2 9 1 11526 11527 11608 11607
11865 3 2 9 1 11527 11528 11609 11608
11866 3 2 9 1 11528 11529 11610 11609
11867 3 2 9 1 11529 11530 11611 11610
11868 3 2 9 1 11530 11531 11612 11611
11869 3 2 9 1 11531 11532 11613 11612
11870 3 2 9 1 11532 11533 11614 11613
11871 3 2 9 1 11533 11534 11615 11614
11872 3 2 9 1 11534 11535 11616 11615
11873 3 2 9 1 11535 11536 11617 11616
11874 3 2 9 1 11536 11537 11618 11617
11875 3 2 9 1 11537 11538 11619 11618
11876 3 2 9 1 11538 11539 11620 11619
11877 3 2 9 1 11539 11540 11621 11620
11878 3 2 9 1 11540 11541 11622 11621
11879 3 2 9 1 11541 11542 11623 11622
11880 3 2 9 1 11542 11543 11624 11623
11881 3 2 9 1 11543 11544 11625 11624
11882 3 2 9 1 11544 11545 11626 11625
11883 3 2 9 1 11545 11546 11627 11626
11884 3 2 9 1 11546 11547 11628 11627
11885 3 2 9 1 11547 11548 11629 11628
11886 3 2 9 1 11548 11549 11630 11629
11887 3 2 9 1 11549 11550 11631 11630
11888 3 2 9 1 11550 11551 11632 11631
11889 3 2 9 1 11551 11552 11633 11632
11890 3 2 9 1 11552 11553 11634 11633
11891 3 2 9 1 11553 11554 11635 11634
11892 3 2 9 1 11554 11555 11636 11635
11893 3 2 9 1 11555 11556 11637 11636
11894 3 2 9 1 11556 11557 11638 11637
11895 3 2 9 1 11557 11558 11639 11638
11896 3 2 9 1 11558 11559 11640 11639
11897 3 2 9 1 11559 11560 11641 11640
11898 3 2 9 1 11560 11561 11642 11641
11899 3 2 9 1 11561 11562 11643 11642
11900 3 2 9 1 11562 11563 11644 11643
11901 3 2 9 1 11563 11564 11645 11644
11902 3 2 9 1 11564 11565 11646 11645
11903 3 2 9 1 11565 11566 11647 11646
11904 3 2 9 1 11566 11567 11648 11647
11905 3 2 9 1 11567 11568 11649 11648
11906 3 2 9 1 11568 11569 11650 11649
11907 3 2 9 1 11569 11570 11651 11650
11908 3 2 9 1 11570 11571 11652 11651
11909 3 2 9 1 11571 11572 11653 11652
11910 3 2 9 1 11572 11573 11654 11653
11911 3 2 9 1 11573 11574 11655 11654
11912 3 2 9 1 11574 11575 11656 11655
11913 3 2 9 1 11575 11576 11657 11656
11914 3 2 9 1 11576 11577 11658 11657
11915 3 2 9 1 11577 11578 11659 11658
11916 3 2 9 1 11578 11579 11660 11659
11917 3 2 9 1 11579 11580 11661 11660
11918 3 2 9 1 11580 11581 11662 11661
11919 3 2 9 1 11581 11582 11663 11662
11920 3 2 9 1 11582 11583 11664 11663
11921 3 2 9 1 11584 11585 11666 11665
11922 3 2 9 1 11585 11586 11667 11666
11923 3 2 9 1 11586 11587 11668 11667
11924 3 2 9 1 11587 11588 11669 11668
11925 3 2 9 1 11588 11589 11670 11669
11926 3 2 9 1 11589 11590 11671 11670
11927 3 2 9 1 11590 11591 11672 11671
11928 3 2 9 1 11591 11592 11673 11672
11929 3 2 9 1 11592 11593 11674 11673
11930 3 2 9 1 11593 11594 11675 11674
11931 3 2 9 1 11594 11595 11676 11675
11932 3 2 9 1 11595 11596 11677 11676
11933 3 2 9 1 11596 11597 11678 11677
11934 3 2 9 1 11597 11598 11679 11678
11935 3 2 9 1 11598 11599 11680 11679
11936 3 2 9 1 11599 11600 11681 11680
11937 3 2 9 1 11600 11601 11682 11681
11938 3 2 9 1 11601 11602 11683 11682
11939 3 2 9 1 11602 11603 11684 11683
11940 3 2 9 1 11603 11604 11685 11684
11941 3 2 9 1 11604 11605 11686 11685
11942 3 2 9 1 11605 11606 11687 11686
11943 3 2 9 1 11606 11607 11688 11687
11944 3 2 9 1 11607 11608 11689 11688
11945 3 2 9 1 11608 11609 11690 11689
11946 3 2 9 1 11609 11610 11691 11690
11947 3 2 9 1 11610 11611 11692 11691
11948 3 2 9 1 11611 11612 11693 11692
11949 3 2 9 1 11612 11613 11694 11693
11950 3 2 9 1 11613 11614 11695 11694
11951 3 2 9 1 11614 11615 11696 11695
11952 3 2 9 1 11615 11616 11697 11696
11953 3 2 9 1 11616 11617 11698 11697
11954 3 2 9 1 11617 11618 11699 11698
11955 3 2 9 1 11618 11619 11700 11699
11956 3 2 9 1 11619 11620 11701 11700
11957 3 2 9 1 11620 11621 11702 11701
11958 3 2 9 1 11621 11622 11703 11702
11959 3 2 9 1 11622 11623 11704 11703
11960 3 2 9 1 11623 11624 11705 11704
11961 3 2 9 1 11624 11625 11706 11705
11962 3 2 9 1 11625 11626 11707 11706
11963 3 2 9 1 11626 11627 11708 11707
11964 3 2 9 1 11627 11628 11709 11708
11965 3 2 9 1 11628 11629 11710 11709
11966 3 2 9 1 11629 11630 11711 11710
11967 3 2 9 1 11630 11631 11712 11711
11968 3 2 9 1 11631 11632 11713 11712
11969 3 2 9 1 11632 11633 11714 11713
11970 3 2 9 1 11633 11634 11715 11714
11971 3 2 9 1 11634 11635 11716 11715
11972 3 2 9 1 11635 11636 11717 11716
11973 3 2 9 1 11636 11637 11718 11717
11974 3 2 9 1 11637 11638 11719 11718
11975 3 2 9 1 11638 11639 11720 11719
11976 3 2 9 1 11639 11640 11721 11720
11977 3 2 9 1 11640 11641 11722 11721
11978 3 2 9 1 11641 11642 11723 11722
11979 3 2 9 1 11642 11643 11724 11723
11980 3 2 9 1 11643 11644 11725 11724
11981 3 2 9 1 11644 11645 11726 11725
11982 3 2 9 1 11645 11646 11727 11726
11983 3 2 9 1 11646 11647 11728 11727
11984 3 2 9 1 11647 11648 11729 11728
11985 3 2 9 1 11648 11649 11730 11729
11986 3 2 9 1 11649 11650 11731 11730
11987 3 2 9 1 11650 11651 11732 11731
11988 3 2 9 1 11651 11652 11733 11732
11989 3 2 9 1 11652 11653 11734 11733
11990 3 2 9 1 11653 11654 11735 11734
11991 3 2 9 1 11654 11655 11736 11735
11992 3 2 9 1 11655 11656 11737 11736
11993 3 2 9 1 11656 11657 11738 11737
11994 3 2 9 1 11657 11658 11739 11738
11995 3 2 9 1 11658 11659 11740 11739
11996 3 2 9 1 11659 11660 11741 11740
11997 3 2 9 1 11660 11661 11742 11741
11998 3 2 9 1 11661 11662 11743 11742
11999 3 2 9 1 11662 11663 11744 11743
12000 3 2 9 1 11663 11664 11745 11744
12001 3 2 9 1 11665 11666 11747 11746
12002 3 2 9 1 11666 11667 11748 11747
12003 3 2 9 1 11667 11668 11749 11748
12004 3 2 9 1 11668 11669 11750 11749
12005 3 2 9 1 11669 11670 11751 11750
12006 3 2 9 1 11670 11671 11752 11751
12007 3 2 9 1 11671 11672 11753 11752
12008 3 2 9 1 11672 11673 11754 11753
12009 3 2 9 1 11673 11674 11755 11754
12010 3 2 9 1 11674 11675 11756 11755
12011 3 2 9 1 11675 11676 11757 11756
12012 3 2 9 1 11676 11677 11758 11757
12013 3 2 9 1 11677 11678 11759 11758
12014 3 2 9 1 11678 11679 11760 11759
12015 3 2 9 1 11679 11680 11761 11760
12016 3 2 9 1 11680 11681 11762 11761
12017 3 2 9 1 11681 11682 11763 11762
12018 3 2 9 1 11682 11683 11764 11763
12019 3 2 9 1 11683 11684 11765 11764
12020 3 2 9 1 11684 11685 11766 11765
12021 3 2 9 1 11685 11686 11767 11766
12022 3 2 9 1 11686 11687 11768 11767
12023 3 2 9 1 11687 11688 11769 11768
12024 3 2 9 1 11688 11689 11770 11769
12025 3 2 9 1 11689 11690 11771 11770
12026 3 2 9 1 11690 11691 11772 11771
12027 3 2 9 1 11691 11692 11773 11772
12028 3 2 9 1 11692 11693 11774 11773
12029 3 2 9 1 11693 11694 11775 11774
12030 3 2 9 1 11694 11695 11776 11775
12031 3 2 9 1 11695 11696 11777 11776
12032 3 2 9 1 11696 11697 11778 11777
12033 3 2 9 1 11697 11698 11779 11778
12034 3 2 9 1 11698 11699 11780 11779
12035 3 2 9 1 11699 11700 11781 11780
12036 3 2 9 1 11700 11701 11782 11781
12037 3 2 9 1 11701 11702 11783 11782
12038 3 2 9 1 11702 11703 11784 11783
12039 3 2 9 1 11703 11704 11785 11784
12040 3 2 9 1 11704 11705 11786 11785
12041 3 2 9 1 11705 11706 11787 11786
12042 3 2 9 1 11706 11707 11788 11787
12043 3 2 9 1 11707 11708 11789 11788
12044 3 2 9 1 11708 11709 11790 11789
12045 3 2 9 1 11709 11710 11791 11790
12046 3 2 9 1 11710 11711 11792 11791
12047 3 2 9 1 11711 11712 11793 11792
12048 3 2 9 1 11712 11713 11794 11793
12049 3 2 9 1 11713 11714 11795 11794
12050 3 2 9 1 11714 11715 11796 11795
12051 3 2 9 1 11715 11716 11797 11796
12052 3 2 9 1 11716 11717 11798 11797
12053 3 2 9 1 11717 11718 11799 11798
12054 3 2 9 1 11718 11719 11800 11799
12055 3 2 9 1 11719 11720 11801 11800
12056 3 2 9 1 11720 11721 11802 11801
12057 3 2 9 1 11721 11722 11803 11802
12058 3 2 9 1 11722 11723 11804 11803
12059 3 2 9 1 11723 11724 11805 11804
12060 3 2 9 1 11724 11725 11806 11805
12061 3 2 9 1 11725 11726 11807 11806
12062 3 2 9 1 11726 11727 11808 11807
12063 3 2 9 1 11727 11728 11809 11808
12064 3 2 9 1 11728 11729 11810 11809
12065 3 2 9 1 11729 11730 11811 11810
12066 3 2 9 1 11730 11731 11812 11811
12067 3 2 9 1 11731 11732 11813 11812
12068 3 2 9 1 11732 11733 11814 11813
12069 3 2 9 1 11733 11734 11815 11814
12070 3 2 9 1 11734 11735 11816 11815
12071 3 2 9 1 11735 11736 11817 11816
12072 3 2 9 1 11736 11737 11818 11817
12073 3 2 9 1 11737 11738 11819 11818
12074 3 2 9 1 11738 11739 11820 11819
12075 3 2 9 1 11739 11740 11821 11820
12076 3 2 9 1 11740 11741 11822 11821
12077 3 2 9 1 11741 11742 11823 11822
12078 3 2 9 1 11742 11743 11824 11823
12079 3 2 9 1 11743 11744 11825 11824
12080 3 2 9 1 11744 11745 11826 11825
12081 3 2 9 1 11746 11747 11828 11827
12082 3 2 9 1 11747 11748 11829 11828
12083 3 2 9 1 11748 11749 11830 11829
12084 3 2 9 1 11749 11750 11831 11830
12085 3 2 9 1 11750 11751 11832 11831
12086 3 2 9 1 11751 11752 11833 11832
12087 3 2 9 1 11752 11753 11834 11833
12088 3 2 9 1 11753 11754 11835 11834
12089 3 2 9 1 11754 11755 11836 11835
12090 3 2 9 1 11755 11756 11837 11836
12091 3 2 9 1 11756 11757 11838 11837
12092 3 2 9 1 11757 11758 11839 11838
12093 3 2 9 1 11758 11759 11840 11839
12094 3 2 9 1 11759 11760 11841 11840
12095 3 2 9 1 11760 11761 11842 11841
12096 3 2 9 1 11761 11762 11843 11842
12097 3 2 9 1 11762 11763 11844 11843
12098 3 2 9 1 11763 11764 11845 11844
12099 3 2 9 1 11764 11765 11846 11845
12100 3 2 9 1 11765 11766 11847 11846
12101 3 2 9 1 11766 11767 11848 11847
12102 3 2 9 1 11767 11768 11849 11848
12103 3 2 9 1 11768 11769 11850 11849
12104 3 2 9 1 11769 11770 11851 11850
12105 3 2 9 1 11770 11771 11852 11851
12106 3 2 9 1 11771 11772 11853 11852
12107 3 2 9 1 11772 11773 11854 11853
12108 3 2 9 1 11773 11774 11855 11854
12109 3 2 9 1 11774 11775 11856 11855
12110 3 2 9 1 11775 11776 11857 11856
12111 3 2 9 1 11776 11777 11858 11857
12112 3 2 9 1 11777 11778 11859 11858
12113 3 2 9 1 11778 11779 11860 11859
12114 3 2 9 1 11779 11780 11861 11860
12115 3 2 9 1 11780 11781 11862 11861
12116 3 2 9 1 11781 11782 11863 11862
12117 3 2 9 1 11782 11783 11864 11863
12118 3 2 9 1 11783 11784 11865 11864
12119 3 2 9 1 11784 11785 11866 11865
12120 3 2 9 1 11785 11786 11867 11866
12121 3 2 9 1 11786 11787 11868 11867
12122 3 2 9 1 11787 11788 11869 11868
12123 3 2 9 1 11788 11789 11870 11869
12124 3 2 9 1 11789 11790 11871 11870
12125 3 2 9 1 11790 11791 11872 11871
12126 3 2 9 1 11791 11792 11873 11872
12127 3 2 9 1 11792 11793 11874 11873
12128 3 2 9 1 11793 11794 11875 11874
12129 3 2 9 1 11794 11795 11876 11875
12130 3 2 9 1 11795 11796 11877 11876
12131 3 2 9 1 11796 11797 11878 11877
12132 3 2 9 1 11797 11798 11879 11878
12133 3 2 9 1 11798 11799 11880 11879
12134 3 2 9 1 11799 11800 11881 11880
12135 3 2 9 1 11800 11801 11882 11881
12136 3 2 9 1 11801 11802 11883 11882
12137 3 2 9 1 11802 11803 11884 11883
12138 3 2 9 1 11803 11804 11885 11884
12139 3 2 9 1 11804 11805 11886 11885
12140 3 2 9 1 11805 11806 11887 11886
12141 3 2 9 1 11806 11807 11888 11887
12142 3 2 9 1 11807 11808 11889 11888
12143 3 2 9 1 11808 11809 11890 11889
12144 3 2 9 1 11809 11810 11891 11890
12145 3 2 9 1 11810 11811 11892 11891
12146 3 2 9 1 11811 11812 11893 11892
12147 3 2 9 1 11812 11813 11894 11893
12148 3 2 9 1 11813 11814 11895 11894
12149 3 2 9 1 11814 11815 11896 11895
12150 3 2 9 1 11815 11816 11897 11896
12151 3 2 9 1 11816 11817 11898 11897
12152 3 2 9 1 11817 11818 11899 11898
12153 3 2 9 1 11818 11819 11900 11899
12154 3 2 9 1 11819 11820 11901 11900
12155 3 2 9 1 11820 11821 11902 11901
12156 3 2 9 1 11821 11822 11903 11902
12157 3 2 9 1 11822 11823 11904 11903
12158 3 2 9 1 11823 11824 11905 11904
12159 3 2 9 1 11824 11825 11906 11905
12160 3 2 9 1 11825 11826 11907 11906
12161 3 2 9 1 11827 11828 11909 11908
12162 3 2 9 1 11828 11829 11910 11909
12163 3 2 9 1 11829 11830 11911 11910
12164 3 2 9 1 11830 11831 11912 11911
12165 3 2 9 1 11831 11832 11913 11912
12166 3 2 9 1 11832 11833 11914 11913
12167 3 2 9 1 11833 11834 11915 11914
12168 3 2 9 1 11834 11835 11916 11915
12169 3 2 9 1 11835 11836 11917 11916
12170 3 2 9 1 11836 11837 11918 11917
12171 3 2 9 1 11837 11838 11919 11918
12172 3 2 9 1 11838 11839 11920 11919
12173 3 2 9 1 11839 11840 11921 11920
12174 3 2 9 1 11840 11841 11922 11921
12175 3 2 9 1 11841 11842 11923 11922
12176 3 2 9 1 11842 11843 11924 11923
12177 3 2 9 1 11843 11844 11925 11924
12178 3 2 9 1 11844 11845 11926 11925
12179 3 2 9 1 11845 11846 11927 11926
12180 3 2 9 1 11846 11847 11928 11927
12181 3 2 9 1 11847 11848 11929 11928
12182 3 2 9 1 11848 11849 11930 11929
12183 3 2 9 1 11849 11850 11931 11930
12184 3 2 9 1 11850 11851 11932 11931
12185 3 2 9 1 11851 11852 11933 11932
12186 3 2 9 1 11852 11853 11934 11933
12187 3 2 9 1 11853 11854 11935 11934
12188 3 2 9 1 11854 11855 11936 11935
12189 3 2 9 1 11855 11856 11937 11936
12190 3 2 9 1 11856 11857 11938 11937
12191 3 2 9 1 11857 11858 11939 11938
12192 3 2 9 1 11858 11859 11940 11939
12193 3 2 9 1 11859 11860 11941 11940
12194 3 2 9 1 11860 11861 11942 11941
12195 3 2 9 1 11861 11862 11943 11942
12196 3 2 9 1 11862 11863 11944 11943
12197 3 2 9 1 11863 11864 11945 11944
12198 3 2 9 1 11864 11865 11946 11945
12199 3 2 9 1 11865 11866 11947 11946
12200 3 2 9 1 11866 11867 11948 11947
12201 3 2 9 1 11867 11868 11949 11948
12202 3 2 9 1 11868 11869 11950 11949
12203 3 2 9 1 11869 11870 11951 11950
12204 3 2 9 1 11870 11871 11952 11951
12205 3 2 9 1 11871 11872 11953 11952
12206 3 2 9 1 11872 11873 11954 11953
12207 3 2 9 1 11873 11874 11955 11954
12208 3 2 9 1 11874 11875 11956 11955
12209 3 2 9 1 11875 11876 11957 11956
12210 3 2 9 1 11876 11877 11958 11957
12211 3 2 9 1 11877 11878 11959 11958
12212 3 2 9 1 11878 11879 11960 11959
12213 3 2 9 1 11879 11880 11961 11960
12214 3 2 9 1 11880 11881 11962 11961
12215 3 2 9 1 11881 11882 11963 11962
12216 3 2 9 1 11882 11883 11964 11963
12217 3 2 9 1 11883 11884 11965 11964
12218 3 2 9 1 11884 11885 11966 11965
12219 3 2 9 1 11885 11886 11967 11966
12220 3 2 9 1 11886 11887 11968 11967
12221 3 2 9 1 11887 11888 11969 11968
12222 3 2 9 1 11888 11889 11970 11969
12223 3 2 9 1 11889 11890 11971 11970
12224 3 2 9 1 11890 11891 11972 11971
12225 3 2 9 1 11891 11892 11973 11972
12226 3 2 9 1 11892 11893 11974 11973
12227 3 2 9 1 11893 11894 11975 11974
12228 3 2 9 1 11894 11895 11976 11975
12229 3 2 9 1 11895 11896 11977 11976
12230 3 2 9 1 11896 11897 11978 11977
12231 3 2 9 1 11897 11898 11979 11978
12232 3 2 9 1 11898 11899 11980 11979
12233 3 2 9 1 11899 11900 11981 11980
12234 3 2 9 1 11900 11901 11982 11981
12235 3 2 9 1 11901 11902 11983 11982
12236 3 2 9 1 11902 11903 11984 11983
12237 3 2 9 1 11903 11904 11985 11984
12238 3 2 9 1 11904 11905 11986 11985
12239 3 2 9 1 11905 11906 11987 11986
12240 3 2 9 1 11906 11907 11988 11987
12241 3 2 9 1 11908 11909 11990 11989
12242 3 2 9 1 11909 11910 11991 11990
12243 3 2 9 1 11910 11911 11992 11991
12244 3 2 9 1 11911 11912 11993 11992
12245 3 2 9 1 11912 11913 11994 11993
12246 3 2 9 1 11913 11914 11995 11994
12247 3 2 9 1 11914 11915 11996 11995
12248 3 2 9 1 11915 11916 11997 11996
12249 3 2 9 1 11916 11917 11998 11997
12250 3 2 9 1 11917 11918 11999 11998
12251 3 2 9 1 11918 11919 12000 11999
12252 3 2 9 1 11919 11920 12001 12000
12253 3 2 9 1 11920 11921 12002 12001
12254 3 2 9 1 11921 11922 12003 12002
12255 3 2 9 1 11922 11923 12004 12003
12256 3 2 9 1 11923 11924 12005 12004
12257 3 2 9 1 11924 11925 12006 12005
12258 3 2 9 1 11925 11926 12007 12006
12259 3 2 9 1 11926 11927 12008 12007
12260 3 2 9 1 11927 11928 12009 12008
12261 3 2 9 1 11928 11929 12010 12009
12262 3 2 9 1 11929 11930 12011 12010
12263 3 2 9 1 11930 11931 12012 12011
12264 3 2 9 1 11931 11932 12013 12012
12265 3 2 9 1 11932 11933 12014 12013
12266 3 2 9 1 11933 11934 12015 12014
12267 3 2 9 1 11934 11935 12016 12015
12268 3 2 9 1 11935 11936 12017 12016
12269 3 2 9 1 11936 11937 12018 12017
12270 3 2 9 1 11937 11938 12019 12018
12271 3 2 9 1 11938 11939 12020 12019
12272 3 2 9 1 11939 11940 12021 12020
12273 3 2 9 1 11940 11941 12022 12021
12274 3 2 9 1 11941 11942 12023 12022
12275 3 2 9 1 11942 11943 12024 12023
12276 3 2 9 1 11943 11944 12025 12024
12277 3 2 9 1 11944 11945 12026 12025
12278 3 2 9 1 11945 11946 12027 12026
12279 3 2 9 1 11946 11947 12028 12027
12280 3 2 9 1 11947 11948 12029 12028
12281 3 2 9 1 11948 11949 12030 12029
12282 3 2 9 1 11949 11950 12031 12030
12283 3 2 9 1 11950 11951 12032 12031
12284 3 2 9 1 11951 11952 12033 12032
12285 3 2 9 1 11952 11953 12034 12033
12286 3 2 9 1 11953 11954 12035 12034
12287 3 2 9 1 11954 11955 12036 12035
12288 3 2 9 1 11955 11956 12037 12036
12289 3 2 9 1 11956 11957 12038 12037
12290 3 2 9 1 11957 11958 12039 12038
12291 3 2 9 1 11958 11959 12040 12039
12292 3 2 9 1 11959 11960 12041 12040
12293 3 2 9 1 11960 11961 12042 12041
12294 3 2 9 1 11961 11962 12043 12042
12295 3 2 9 1 11962 11963 12044 12043
12296 3 2 9 1 11963 11964 12045 12044
12297 3 2 9 1 11964 11965 12046 12045
12298 3 2 9 1 11965 11966 12047 12046
12299 3 2 9 1 11966 11967 12048 12047
12300 3 2 9 1 11967 11968 12049 12048
12301 3 2 9 1 11968 11969 12050 12049
12302 3 2 9 1 11969 11970 12051 12050
12303 3 2 9 1 11970 11971 12052 12051
12304 3 2 9 1 11971 11972 12053 12052
12305 3 2 9 1 11972 11973 12054 12053
12306 3 2 9 1 11973 11974 12055 12054
12307 3 2 9 1 11974 11975 12056 12055
12308 3 2 9 1 11975 11976 12057 12056
12309 3 2 9 1 11976 11977 12058 12057
12310 3 2 9 1 11977 11978 12059 12058
12311 3 2 9 1 11978 11979 12060 12059
12312 3 2 9 1 11979 11980 12061 12060
12313 3 2 9 1 11980 11981 12062 12061
12314 3 2 9 1 11981 11982 12063 12062
12315 3 2 9 1 11982 11983 12064 12063
12316 3 2 9 1 11983 11984 12065 12064
12317 3 2 9 1 11984 11985 12066 12065
12318 3 2 9 1 11985 11986 12067 12066
12319 3 2 9 1 11986 11987 12068 12067
12320 3 2 9 1 11987 11988 12069 12068
12321 3 2 9 1 11989 11990 12071 12070
12322 3 2 9 1 11990 11991 12072 12071
12323 3 2 9 1 11991 11992 12073 12072
12324 3 2 9 1 11992 11993 12074 12073
12325 3 2 9 1 11993 11994 12075 12074
12326 3 2 9 1 11994 11995 12076 12075
12327 3 2 9 1 11995 11996 12077 12076
12328 3 2 9 1 11996 11997 12078 12077
12329 3 2 9 1 11997 11998 12079 12078
12330 3 2 9 1 11998 11999 12080 12079
12331 3 2 9 1 11999 12000 12081 12080
12332 3 2 9 1 12000 12001 12082 12081
12333 3 2 9 1 12001 12002 12083 12082
12334 3 2 9 1 12002 12003 12084 12083
12335 3 2 9 1 12003 12004 12085 12084
12336 3 2 9 1 12004 12005 12086 12085
12337 3 2 9 1 12005 12006 12087 12086
12338 3 2 9 1 12006 12007 12088 12087
12339 3 2 9 1 12007 12008 12089 12088
12340 3 2 9 1 12008 12009 12090 12089
12341 3 2 9 1 12009 12010 12091 12090
12342 3 2 9 1 12010 12011 12092 12091
12343 3 2 9 1 12011 12012 12093 12092
12344 3 2 9 1 12012 12013 12094 12093
12345 3 2 9 1 12013 12014 12095 12094
12346 3 2 9 1 12014 12015 12096 12095
12347 3 2 9 1 12015 12016 12097 12096
12348 3 2 9 1 12016 12017 12098 12097
12349 3 2 9 1 12017 12018 12099 12098
12350 3 2 9 1 12018 12019 12100 12099
12351 3 2 9 1 12019 12020 12101 12100
12352 3 2 9 1 12020 12021 12102 12101
12353 3 2 9 1 12021 12022 12103 12102
12354 3 2 9 1 12022 12023 12104 12103
12355 3 2 9 1 12023 12024 12105 12104
12356 3 2 9 1 12024 12025 12106 12105
12357 3 2 9 1 12025 12026 12107 12106
12358 3 2 9 1 12026 12027 12108 12107
12359 3 2 9 1 12027 12028 12109 12108
12360 3 2 9 1 12028 12029 12110 12109
12361 3 2 9 1 12029 12030 12111 12110
12362 3 2 9 1 12030 12031 12112 12111
12363 3 2 9 1 12031 12032 12113 12112
12364 3 2 9 1 12032 12033 12114 12113
12365 3 2 9 1 12033 12034 12115 12114
12366 3 2 9 1 12034 12035 12116 12115
12367 3 2 9 1 12035 12036 12117 12116
12368 3 2 9 1 12036 12037 12118 12117
12369 3 2 9 1 12037 12038 12119 12118
12370 3 2 9 1 12038 12039 12120 12119
12371 3 2 9 1 12039 12040 12121 12120
12372 3 2 9 1 12040 12041 12122 12121
12373 3 2 9 1 12041 12042 12123 12122
12374 3 2 9 1 12042 12043 12124 12123
12375 3 2 9 1 12043 12044 12125 12124
12376 3 2 9 1 12044 12045 12126 12125
12377 3 2 9 1 12045 12046 12127 12126
12378 3 2 9 1 12046 12047 12128 12127
12379 3 2 9 1 12047 12048 12129 12128
12380 3 2 9 1 12048 12049 12130 12129
12381 3 2 9 1 12049 12050 12131 12130
12382 3 2 9 1 12050 12051 12132 12131
12383 3 2 9 1 12051 12052 12133 12132
12384 3 2 9 1 12052 12053 12134 12133
12385 3 2 9 1 12053 12054 12135 12134
12386 3 2 9 1 12054 12055 12136 12135
12387 3 2 9 1 12055 12056 12137 12136
12388 3 2 9 1 12056 12057 12138 12137
12389 3 2 9 1 12057 12058 12139 12138
12390 3 2 9 1 12058 12059 12140 12139
12391 3 2 9 1 12059 12060 12141 12140
12392 3 2 9 1 12060 12061 12142 12141
12393 3 2 9 1 12061 12062 12143 12142
12394 3 2 9 1 12062 12063 12144 12143
12395 3 2 9 1 12063 12064 12145 12144
12396 3 2 9 1 12064 12065 12146 12145
12397 3 2 9 1 12065 12066 12147 12146
12398 3 2 9 1 12066 12067 12148 12147
12399 3 2 9 1 12067 12068 12149 12148
12400 3 2 9 1 12068 12069 12150 12149
12401 3 2 9 1 12070 12071 12152 12151
12402 3 2 9 1 12071 12072 12153 12152
12403 3 2 9 1 12072 12073 12154 12153
12404 3 2 9 1 12073 12074 12155 12154
12405 3 2 9 1 12074 12075 12156 12155
12406 3 2 9 1 12075 12076 12157 12156
12407 3 2 9 1 12076 12077 12158 12157
12408 3 2 9 1 12077 12078 12159 12158
12409 3 2 9 1 12078 12079 12160 12159
12410 3 2 9 1 12079 12080 12161 12160
12411 3 2 9 1 12080 12081 12162 12161
12412 3 2 9 1 12081 12082 12163 12162
12413 3 2 9 1 12082 12083 12164 12163
12414 3 2 9 1 12083 12084 12165 12164
12415 3 2 9 1 12084 12085 12166 12165
12416 3 2 9 1 12085 12086 12167 12166
12417 3 2 9 1 12086 12087 12168 12167
12418 3 2 9 1 12087 12088 12169 12168
12419 3 2 9 1 12088 12089 12170 12169
12420 3 2 9 1 12089 12090 12171 12170
12421 3 2 9 1 12090 12091 12172 12171
12422 3 2 9 1 12091 12092 12173 12172
12423 3 2 9 1 12092 12093 12174 12173
12424 3 2 9 1 12093 12094 12175 12174
12425 3 2 9 1 12094 12095 12176 12175
12426 3 2 9 1 12095 12096 12177 12176
12427 3 2 9 1 12096 12097 12178 12177
12428 3 2 9 1 12097 12098 12179 12178
12429 3 2 9 1 12098 12099 12180 12179
12430 3 2 9 1 12099 12100 12181 12180
12431 3 2 9 1 12100 12101 12182 12181
12432 3 2 9 1 12101 12102 12183 12182
12433 3 2 9 1 12102 12103 12184 12183
12434 3 2 9 1 12103 12104 12185 12184
12435 3 2 9 1 12104 12105 12186 12185
12436 3 2 9 1 12105 12106 12187 12186
12437 3 2 9 1 12106 12107 12188 12187
12438 3 2 9 1 12107 12108 12189 12188
12439 3 2 9 1 12108 12109 12190 12189
12440 3 2 9 1 12109 12110 12191 12190
12441 3 2 9 1 12110 12111 12192 12191
12442 3 2 9 1 12111 12112 12193 12192
12443 3 2 9 1 12112 12113 12194 12193
12444 3 2 9 1 12113 12114 12195 12194
12445 3 2 9 1 12114 12115 12196 12195
12446 3 2 9 1 12115 12116 12197 12196
12447 3 2 9 1 12116 12117 12198 12197
12448 3 2 9 1 12117 12118 12199 12198
12449 3 2 9 1 12118 12119 12200 12199
12450 3 2 9 1 12119 12120 12201 12200
12451 3 2 9 1 12120 12121 12202 12201
12452 3 2 9 1 12121 12122 12203 12202
12453 3 2 9 1 12122 12123 12204 12203
12454 3 2 9 1 12123 12124 12205 12204
12455 3 2 9 1 12124 12125 12206 12205
12456 3 2 9 1 12125 12126 12207 12206
12457 3 2 9 1 12126 12127 12208 12207
12458 3 2 9 1 12127 12128 12209 12208
12459 3 2 9 1 12128 12129 12210 12209
12460 3 2 9 1 12129 12130 12211 12210
12461 3 2 9 1 12130 12131 12212 12211
12462 3 2 9 1 12131 12132 12213 12212
12463 3 2 9 1 12132 12133 12214 12213
12464 3 2 9 1 12133 12134 12215 12214
12465 3 2 9 1 12134 12135 12216 12215
12466 3 2 9 1 12135 12136 12217 12216
12467 3 2 9 1 12136 12137 12218 12217
12468 3 2 9 1 12137 12138 12219 12218
12469 3 2 9 1 12138 12139 12220 12219
12470 3 2 9 1 12139 12140 12221 12220
12471 3 2 9 1 12140 12141 12222 12221
12472 3 2 9 1 12141 12142 12223 12222
12473 3 2 9 1 12142 12143 12224 12223
12474 3 2 9 1 12143 12144 12225 12224
12475 3 2 9 1 12144 12145 12226 12225
12476 3 2 9 1 12145 12146 12227 12226
12477 3 2 9 1 12146 12147 12228 12227
12478 3 2 9 1 12147 12148 12229 12228
12479 3 2 9 1 12148 12149 12230 12229
12480 3 2 9 1 12149 12150 12231 12230
12481 3 2 9 1 12151 12152 12233 12232
12482 3 2 9 1 12152 12153 12234 12233
12483 3 2 9 1 12153 12154 12235 12234
12484 3 2 9 1 12154 12155 12236 12235
12485 3 2 9 1 12155 12156 12237 12236
12486 3 2 9 1 12156 12157 12238 12237
12487 3 2 9 1 12157 12158 12239 12238
12488 3 2 9 1 12158 12159 12240 12239
12489 3 2 9 1 12159 12160 12241 12240
12490 3 2 9 1 12160 12161 12242 12241
12491 3 2 9 1 12161 12162 12243 12242
12492 3 2 9 1 12162 12163 12244 12243
12493 3 2 9 1 12163 12164 12245 12244
12494 3 2 9 1 12164 12165 12246 12245
12495 3 2 9 1 12165 12166 12247 12246
12496 3 2 9 1 12166 12167 12248 12247
12497 3 2 9 1 12167 12168 12249 12248
12498 3 2 9 1 12168 12169 12250 12249
12499 3 2 9 1 12169 12170 12251 12250
12500 3 2 9 1 12170 12171 12252 12251
12501 3 2 9 1 12171 12172 12253 12252
12502 3 2 9 1 12172 12173 12254 12253
12503 3 2 9 1 12173 12174 12255 12254
12504 3 2 9 1 12174 12175 12256 12255
12505 3 2 9 1 12175 12176 12257 12256
12506 3 2 9 1 12176 12177 12258 12257
12507 3 2 9 1 12177 12178 12259 12258
12508 3 2 9 1 12178 12179 12260 12259
12509 3 2 9 1 12179 12180 12261 12260
12510 3 2 9 1 12180 12181 12262 12261
12511 3 2 9 1 12181 12182 12263 12262
12512 3 2 9 1 12182 12183 12264 12263
12513 3 2 9 1 12183 12184 12265 12264
12514 3 2 9 1 12184 12185 12266 12265
12515 3 2 9 1 12185 12186 12267 12266
12516 3 2 9 1 12186 12187 12268 12267
12517 3 2 9 1 12187 12188 12269 12268
12518 3 2 9 1 12188 12189 12270 12269
12519 3 2 9 1 12189 12190 12271 12270
12520 3 2 9 1 12190 12191 12272 12271
12521 3 2 9 1 12191 12192 12273 12272
12522 3 2 9 1 12192 12193 12274 12273
12523 3 2 9 1 12193 12194 12275 12274
12524 3 2 9 1 12194 12195 12276 12275
12525 3 2 9 1 12195 12196 12277 12276
12526 3 2 9 1 12196 12197 12278 12277
12527 3 2 9 1 12197 12198 12279 12278
12528 3 2 9 1 12198 12199 12280 12279
12529 3 2 9 1 12199 12200 12281 12280
12530 3 2 9 1 12200 12201 12282 12281
12531 3 2 9 1 12201 12202 12283 12282
12532 3 2 9 1 12202 12203 12284 12283
12533 3 2 9 1 12203 12204 12285 12284
12534 3 2 9 1 12204 12205 12286 12285
12535 3 2 9 1 12205 12206 12287 12286
12536 3 2 9 1 12206 12207 12288 12287
12537 3 2 9 1 12207 12208 12289 12288
12538 3 2 9 1 12208 12209 12290 12289
12539 3 2 9 1 12209 12210 12291 12290
12540 3 2 9 1 12210 12211 12292 12291
12541 3 2 9 1 12211 12212 12293 12292
12542 3 2 9 1 12212 12213 12294 12293
12543 3 2 9 1 12213 12214 12295 12294
12544 3 2 9 1 12214 12215 12296 12295
12545 3 2 9 1 12215 12216 12297 12296
12546 3 2 9 1 12216 12217 12298 12297
12547 3 2 9 1 12217 12218 12299 12298
12548 3 2 9 1 12218 12219 12300 12299
12549 3 2 9 1 12219 12220 12301 12300
12550 3 2 9 1 12220 12221 12302 12301
12551 3 2 9 1 12221 12222 12303 12302
12552 3 2 9 1 12222 12223 12304 12303
12553 3 2 9 1 12223 12224 12305 12304
12554 3 2 9 1 12224 12225 12306 12305
12555 3 2 9 1 12225 12226 12307 12306
12556 3 2 9 1 12226 12227 12308 12307
12557 3 2 9 1 12227 12228 12309 12308
12558 3 2 9 1 12228 12229 12310 12309
12559 3 2 9 1 12229 12230 12311 12310
12560 3 2 9 1 12230 12231 12312 12311
12561 3 2 9 1 12232 12233 12314 12313
12562 3 2 9 1 12233 12234 12315 12314
12563 3 2 9 1 12234 12235 12316 12315
12564 3 2 9 1 12235 12236 12317 12316
12565 3 2 9 1 12236 12237 12318 12317
12566 3 2 9 1 12237 12238 12319 12318
12567 3 2 9 1 12238 12239 12320 12319
12568 3 2 9 1 12239 12240 12321 12320
12569 3 2 9 1 12240 12241 12322 12321
12570 3 2 9 1 12241 12242 12323 12322
12571 3 2 9 1 12242 12243 12324 12323
12572 3 2 9 1 12243 12244 12325 12324
12573 3 2 9 1 12244 12245 12326 12325
12574 3 2 9 1 12245 12246 12327 12326
12575 3 2 9 1 12246 12247 12328 12327
12576 3 2 9 1 12247 12248 12329 12328
12577 3 2 9 1 12248 12249 12330 12329
12578 3 2 9 1 12249 12250 12331 12330
12579 3 2 9 1 12250 12251 12332 12331
12580 3 2 9 1 12251 12252 12333 12332
12581 3 2 9 1 12252 12253 12334 12333
12582 3 2 9 1 12253 12254 12335 12334
12583 3 2 9 1 12254 12255 12336 12335
12584 3 2 9 1 12255 12256 12337 12336
12585 3 2 9 1 12256 12257 12338 12337
12586 3 2 9 1 12257 12258 12339 12338
12587 3 2 9 1 12258 12259 12340 12339
12588 3 2 9 1 12259 12260 12341 12340
12589 3 2 9 1 12260 12261 12342 12341
12590 3 2 9 1 12261 12262 12343 12342
12591 3 2 9 1 12262 12263 12344 12343
12592 3 2 9 1 12263 12264 12345 12344
12593 3 2 9 1 12264 12265 12346 12345
12594 3 2 9 1 12265 12266 12347 12346
12595 3 2 9 1 12266 12267 12348 12347
12596 3 2 9 1 12267 12268 12349 12348
12597 3 2 9 1 12268 12269 12350 12349
12598 3 2 9 1 12269 12270 12351 12350
12599 3 2 9 1 12270 12271 12352 12351
12600 3 2 9 1 12271 12272 12353 12352
12601 3 2 9 1 12272 12273 12354 12353
12602 3 2 9 1 12273 12274 12355 12354
12603 3 2 9 1 12274 12275 12356 12355
12604 3 2 9 1 12275 12276 12357 12356
12605 3 2 9 1 12276 12277 12358 12357
12606 3 2 9 1 12277 12278 12359 12358
12607 3 2 9 1 12278 12279 12360 12359
12608 3 2 9 1 12279 12280 12361 12360
12609 3 2 9 1 12280 12281 12362 12361
12610 3 2 9 1 12281 12282 12363 12362
12611 3 2 9 1 12282 12283 12364 12363
12612 3 2 9 1 12283 12284 12365 12364
12613 3 2 9 1 12284 12285 12366 12365
12614 3 2 9 1 12285 12286 12367 12366
12615 3 2 9 1 12286 12287 12368 12367
12616 3 2 9 1 12287 12288 12369 12368
12617 3 2 9 1 12288 12289 12370 12369
12618 3 2 9 1 12289 12290 12371 12370
12619 3 2 9 1 12290 12291 12372 12371
12620 3 2 9 1 12291 12292 12373 12372
12621 3 2 9 1 12292 12293 12374 12373
12622 3 2 9 1 12293 12294 12375 12374
12623 3 2 9 1 12294 12295 12376 12375
12624 3 2 9 1 12295 12296 12377 12376
12625 3 2 9 1 12296 12297 12378 12377
12626 3 2 9 1 12297 12298 12379 12378
12627 3 2 9 1 12298 12299 12380 12379
12628 3 2 9 1 12299 12300 12381 12380
12629 3 2 9 1 12300 12301 12382 12381
12630 3 2 9 1 12301 12302 12383 12382
12631 3 2 9 1 12302 12303 12384 12383
12632 3 2 9 1 12303 12304 12385 12384
12633 3 2 9 1 12304 12305 12386 12385
12634 3 2 9 1 12305 12306 12387 12386
12635 3 2 9 1 12306 12307 12388 12387
12636 3 2 9 1 12307 12308 12389 12388
12637 3 2 9 1 12308 12309 12390 12389
12638 3 2 9 1 12309 12310 12391 12390
12639 3 2 9 1 12310 12311 12392 12391
12640 3 2 9 1 12311 12312 12393 12392
12641 3 2 9 1 12313 12314 12395 12394
12642 3 2 9 1 12314 12315 12396 12395
12643 3 2 9 1 12315 12316 12397 12396
12644 3 2 9 1 12316 12317 12398 12397
12645 3 2 9 1 12317 12318 12399 12398
12646 3 2 9 1 12318 12319 12400 12399
12647 3 2 9 1 12319 12320 12401 12400
12648 3 2 9 1 12320 12321 12402 12401
12649 3 2 9 1 12321 12322 12403 12402
12650 3 2 9 1 12322 12323 12404 12403
12651 3 2 9 1 12323 12324 12405 12404
12652 3 2 9 1 12324 12325 12406 12405
12653 3 2 9 1 12325 12326 12407 12406
12654 3 2 9 1 12326 12327 12408 12407
12655 3 2 9 1 12327 12328 12409 12408
12656 3 2 9 1 12328 12329 12410 12409
12657 3 2 9 1 12329 12330 12411 12410
12658 3 2 9 1 12330 12331 12412 12411
12659 3 2 9 1 12331 12332 12413 12412
12660 3 2 9 1 12332 12333 12414 12413
12661 3 2 9 1 12333 12334 12415 12414
12662 3 2 9 1 12334 12335 12416 12415
12663 3 2 9 1 12335 12336 12417 12416
12664 3 2 9 1 12336 12337 12418 12417
12665 3 2 9 1 12337 12338 12419 12418
12666 3 2 9 1 12338 12339 12420 12419
12667 3 2 9 1 12339 12340 12421 12420
12668 3 2 9 1 12340 12341 12422 12421
12669 3 2 9 1 12341 12342 12423 12422
12670 3 2 9 1 12342 12343 12424 12423
12671 3 2 9 1 12343 12344 12425 12424
12672 3 2 9 1 12344 12345 12426 12425
12673 3 2 9 1 12345 12346 12427 12426
12674 3 2 9 1 12346 12347 12428 12427
12675 3 2 9 1 12347 12348 12429 12428
12676 3 2 9 1 12348 12349 12430 12429
12677 3 2 9 1 12349 12350 12431 12430
12678 3 2 9 1 12350 12351 12432 12431
12679 3 2 9 1 12351 12352 12433 12432
12680 3 2 9 1 12352 12353 12434 12433
12681 3 2 9 1 12353 12354 12435 12434
12682 3 2 9 1 12354 12355 12436 12435
12683 3 2 9 1 12355 12356 12437 12436
12684 3 2 9 1 12356 12357 12438 12437
12685 3 2 9 1 12357 12358 12439 12438
12686 3 2 9 1 12358 12359 12440 12439
12687 3 2 9 1 12359 12360 12441 12440
12688 3 2 9 1 12360 12361 12442 12441
12689 3 2 9 1 12361 12362 12443 12442
12690 3 2 9 1 12362 12363 12444 12443
12691 3 2 9 1 12363 12364 12445 12444
12692 3 2 9 1 12364 12365 12446 12445
12693 3 2 9 1 12365 12366 12447 12446
12694 3 2 9 1 12366 12367 12448 12447
12695 3 2 9 1 12367 12368 12449 12448
12696 3 2 9 1 12368 12369 12450 12449
12697 3 2 9 1 12369 12370 12451 12450
12698 3 2 9 1 12370 12371 12452 12451
12699 3 2 9 1 12371 12372 12453 12452
12700 3 2 9 1 12372 12373 12454 12453
12701 3 2 9 1 12373 12374 12455 12454
12702 3 2 9 1 12374 12375 12456 12455
12703 3 2 9 1 12375 12376 12457 12456
12704 3 2 9 1 12376 12377 12458 12457
12705 3 2 9 1 12377 12378 12459 12458
12706 3 2 9 1 12378 12379 12460 12459
12707 3 2 9 1 12379 12380 12461 12460
12708 3 2 9 1 12380 12381 12462 12461
12709 3 2 9 1 12381 12382 12463 12462
12710 3 2 9 1 12382 12383 12464 12463
12711 3 2 9 1 12383 12384 12465 12464
12712 3 2 9 1 12384 12385 12466 12465
12713 3 2 9 1 12385 12386 12467 12466
12714 3 2 9 1 12386 12387 12468 12467
12715 3 2 9 1 12387 12388 12469 12468
12716 3 2 9 1 12388 12389 12470 12469
12717 3 2 9 1 12389 12390 12471 12470
12718 3 2 9 1 12390 12391 12472 12471
12719 3 2 9 1 12391 12392 12473 12472
12720 3 2 9 1 12392 12393 12474 12473
12721 3 2 9 1 12394 12395 12476 12475
12722 3 2 9 1 12395 12396 12477 12476
12723 3 2 9 1 12396 12397 12478 12477
12724 3 2 9 1 12397 12398 12479 12478
12725 3 2 9 1 12398 12399 12480 12479
12726 3 2 9 1 12399 12400 12481 12480
12727 3 2 9 1 12400 12401 12482 12481
12728 3 2 9 1 12401 12402 12483 12482
12729 3 2 9 1 12402 12403 12484 12483
12730 3 2 9 1 12403 12404 12485 12484
12731 3 2 9 1 12404 12405 12486 12485
12732 3 2 9 1 12405 12406 12487 12486
12733 3 2 9 1 12406 12407 12488 12487
12734 3 2 9 1 12407 12408 12489 12488
12735 3 2 9 1 12408 12409 12490 12489
12736 3 2 9 1 12409 12410 12491 12490
12737 3 2 9 1 12410 12411 12492 12491
12738 3 2 9 1 12411 12412 12493 12492
12739 3 2 9 1 12412 12413 12494 12493
12740 3 2 9 1 12413 12414 12495 12494
12741 3 2 9 1 12414 12415 12496 12495
12742 3 2 9 1 12415 12416 12497 12496
12743 3 2 9 1 12416 12417 12498 12497
12744 3 2 9 1 12417 12418 12499 12498
12745 3 2 9 1 12418 12419 12500 12499
12746 3 2 9 1 12419 12420 12501 12500
12747 3 2 9 1 12420 12421 12502 12501
12748 3 2 9 1 12421 12422 12503 12502
12749 3 2 9 1 12422 12423 12504 12503
12750 3 2 9 1 12423 12424 12505 12504
12751 3 2 9 1 12424 12425 12506 12505
12752 3 2 9 1 12425 12426 12507 12506
12753 3 2 9 1 12426 12427 12508 12507
12754 3 2 9 1 12427 12428 12509 12508
12755 3 2 9 1 12428 12429 12510 12509
12756 3 2 9 1 12429 12430 12511 12510
12757 3 2 9 1 12430 12431 12512 12511
12758 3 2 9 1 12431 12432 12513 12512
12759 3 2 9 1 12432 12433 12514 12513
12760 3 2 9 1 12433 12434 12515 12514
12761 3 2 9 1 12434 12435 12516 12515
12762 3 2 9 1 12435 12436 12517 12516
12763 3 2 9 1 12436 12437 12518 12517
12764 3 2 9 1 12437 12438 12519 12518
12765 3 2 9 1 12438 12439 12520 12519
12766 3 2 9 1 12439 12440 12521 12520
12767 3 2 9 1 12440 12441 12522 12521
12768 3 2 9 1 12441 12442 12523 12522
12769 3 2 9 1 12442 12443 12524 12523
12770 3 2 9 1 12443 12444 12525 12524
12771 3 2 9 1 12444 12445 12526 12525
12772 3 2 9 1 12445 12446 12527 12526
12773 3 2 9 1 12446 12447 12528 12527
12774 3 2 9 1 12447 12448 12529 12528
12775 3 2 9 1 12448 12449 12530 12529
12776 3 2 9 1 12449 12450 12531 12530
12777 3 2 9 1 12450 12451 12532 12531
12778 3 2 9 1 12451 12452 12533 12532
12779 3 2 9 1 12452 12453 12534 12533
12780 3 2 9 1 12453 12454 12535 12534
12781 3 2 9 1 12454 12455 12536 12535
12782 3 2 9 1 12455 12456 12537 12536
12783 3 2 9 1 12456 12457 12538 12537
12784 3 2 9 1 12457 12458 12539 12538
12785 3 2 9 1 12458 12459 12540 12539
12786 3 2 9 1 12459 12460 12541 12540
12787 3 2 9 1 12460 12461 12542 12541
12788 3 2 9 1 12461 12462 12543 12542
12789 3 2 9 1 12462 12463 12544 12543
12790 3 2 9 1 12463 12464 12545 12544
12791 3 2 9 1 12464 12465 12546 12545
12792 3 2 9 1 12465 12466 12547 12546
12793 3 2 9 1 12466 12467 12548 12547
12794 3 2 9 1 12467 12468 12549 12548
12795 3 2 9 1 12468 12469 12550 12549
12796 3 2 9 1 12469 12470 12551 12550
12797 3 2 9 1 12470 12471 12552 12551
12798 3 2 9 1 12471 12472 12553 12552
12799 3 2 9 1 12472 12473 12554 12553
12800 3 2 9 1 12473 12474 12555 12554
12801 3 2 9 1 12475 12476 12557 12556
12802 3 2 9 1 12476 12477 12558 12557
12803 3 2 9 1 12477 12478 12559 12558
12804 3 2 9 1 12478 12479 12560 12559
12805 3 2 9 1 12479 12480 12561 12560
12806 3 2 9 1 12480 12481 12562 12561
12807 3 2 9 1 12481 12482 12563 12562
12808 3 2 9 1 12482 12483 12564 12563
12809 3 2 9 1 12483 12484 12565 12564
12810 3 2 9 1 12484 12485 12566 12565
12811 3 2 9 1 12485 12486 12567 12566
12812 3 2 9 1 12486 12487 12568 12567
12813 3 2 9 1 12487 12488 12569 12568
12814 3 2 9 1 12488 12489 12570 12569
12815 3 2 9 1 12489 12490 12571 12570
12816 3 2 9 1 12490 12491 12572 12571
12817 3 2 9 1 12491 12492 12573 12572
12818 3 2 9 1 12492 12493 12574 12573
12819 3 2 9 1 12493 12494 12575 12574
12820 3 2 9 1 12494 12495 12576 12575
12821 3 2 9 1 12495 12496 12577 12576
12822 3 2 9 1 12496 12497 12578 12577
12823 3 2 9 1 12497 12498 12579 12578
12824 3 2 9 1 12498 12499 12580 12579
12825 3 2 9 1 12499 12500 12581 12580
12826 3 2 9 1 12500 12501 12582 12581
12827 3 2 9 1 12501 12502 12583 12582
12828 3 2 9 1 12502 12503 12584 12583
12829 3 2 9 1 12503 12504 12585 12584
12830 3 2 9 1 12504 12505 12586 12585
12831 3 2 9 1 12505 12506 12587 12586
12832 3 2 9 1 12506 12507 12588 12587
12833 3 2 9 1 12507 12508 12589 12588
12834 3 2 9 1 12508 12509 12590 12589
12835 3 2 9 1 12509 12510 12591 12590
12836 3 2 9 1 12510 12511 12592 12591
12837 3 2 9 1 12511 12512 12593 12592
12838 3 2 9 1 12512 12513 12594 12593
12839 3 2 9 1 12513 12514 12595 12594
12840 3 2 9 1 12514 12515 12596 12595
12841 3 2 9 1 12515 12516 12597 12596
12842 3 2 9 1 12516 12517 12598 12597
12843 3 2 9 1 12517 12518 12599 12598
12844 3 2 9 1 12518 12519 12600 12599
12845 3 2 9 1 12519 12520 12601 12600
12846 3 2 9 1 12520 12521 12602 12601
12847 3 2 9 1 12521 12522 12603 12602
12848 3 2 9 1 12522 12523 12604 12603
12849 3 2 9 1 12523 12524 12605 12604
12850 3 2 9 1 12524 12525 12606 12605
12851 3 2 9 1 12525 12526 12607 12606
12852 3 2 9 1 12526 12527 12608 12607
12853 3 2 9 1 12527 12528 12609 12608
12854 3 2 9 1 12528 12529 12610 12609
12855 3 2 9 1 12529 12530 12611 12610
12856 3 2 9 1 12530 12531 12612 12611
12857 3 2 9 1 12531 12532 12613 12612
12858 3 2 9 1 12532 12533 12614 12613
12859 3 2 9 1 12533 12534 12615 12614
12860 3 2 9 1 12534 12535 12616 12615
12861 3 2 9 1 12535 12536 12617 12616
12862 3 2 9 1 12536 12537 12618 12617
12863 3 2 9 1 12537 12538 12619 12618
12864 3 2 9 1 12538 12539 12620 12619
12865 3 2 9 1 12539 12540 12621 12620
12866 3 2 9 1 12540 12541 12622 12621
12867 3 2 9 1 12541 12542 12623 12622
12868 3 2 9 1 12542 12543 12624 12623
12869 3 2 9 1 12543 12544 12625 12624
12870 3 2 9 1 12544 12545 12626 12625
12871 3 2 9 1 12545 12546 12627 12626
12872 3 2 9 1 12546 12547 12628 12627
12873 3 2 9 1 12547 12548 12629 12628
12874 3 2 9 1 12548 12549 12630 12629
12875 3 2 9 1 12549 12550 12631 12630
12876 3 2 9 1 12550 12551 12632 12631
12877 3 2 9 1 12551 12552 12633 12632
12878 3 2 9 1 12552 12553 12634 12633
12879 3 2 9 1 12553 12554 12635 12634
12880 3 2 9 1 12554 12555 12636 12635
12881 3 2 9 1 12556 12557 12638 12637
12882 3 2 9 1 12557 12558 12639 12638
12883 3 2 9 1 12558 12559 12640 12639
12884 3 2 9 1 12559 12560 12641 12640
12885 3 2 9 1 12560 12561 12642 12641
12886 3 2 9 1 12561 12562 12643 12642
12887 3 2 9 1 12562 12563 12644 12643
12888 3 2 9 1 12563 12564 12645 12644
12889 3 2 9 1 12564 12565 12646 12645
12890 3 2 9 1 12565 12566 12647 12646
12891 3 2 9 1 12566 12567 12648 12647
12892 3 2 9 1 12567 12568 12649 12648
12893 3 2 9 1 12568 12569 12650 12649
12894 3 2 9 1 12569 12570 12651 12650
12895 3 2 9 1 12570 12571 12652 12651
12896 3 2 9 1 12571 12572 12653 12652
12897 3 2 9 1 12572 12573 12654 12653
12898 3 2 9 1 12573 12574 12655 12654
12899 3 2 9 1 12574 12575 12656 12655
12900 3 2 9 1 12575 12576 12657 12656
12901 3 2 9 1 12576 12577 12658 12657
12902 3 2 9 1 12577 12578 12659 12658
12903 3 2 9 1 12578 12579 12660 12659
12904 3 2 9 1 12579 12580 12661 12660
12905 3 2 9 1 12580 12581 12662 12661
12906 3 2 9 1 12581 12582 12663 12662
12907 3 2 9 1 12582 12583 12664 12663
12908 3 2 9 1 12583 12584 12665 12664
12909 3 2 9 1 12584 12585 12666 12665
12910 3 2 9 1 12585 12586 12667 12666
12911 3 2 9 1 12586 12587 12668 12667
12912 3 2 9 1 12587 12588 12669 12668
12913 3 2 9 1 12588 12589 12670 12669
12914 3 2 9 1 12589 12590 12671 12670
12915 3 2 9 1 12590 12591 12672 12671
12916 3 2 9 1 12591 12592 12673 12672
12917 3 2 9 1 12592 12593 12674 12673
12918 3 2 9 1 12593 12594 12675 12674
12919 3 2 9 1 12594 12595 12676 12675
12920 3 2 9 1 12595 12596 12677 12676
12921 3 2 9 1 12596 12597 12678 12677
12922 3 2 9 1 12597 12598 12679 12678
12923 3 2 9 1 12598 12599 12680 12679
12924 3 2 9 1 12599 12600 12681 12680
12925 3 2 9 1 12600 12601 12682 12681
12926 3 2 9 1 12601 12602 12683 12682
12927 3 2 9 1 12602 12603 12684 12683
12928 3 2 9 1 12603 12604 12685 12684
12929 3 2 9 1 12604 12605 12686 12685
12930 3 2 9 1 12605 12606 12687 12686
12931 3 2 9 1 12606 12607 12688 12687
12932 3 2 9 1 12607 12608 12689 12688
12933 3 2 9 1 12608 12609 12690 12689
12934 3 2 9 1 12609 12610 12691 12690
12935 3 2 9 1 12610 12611 12692 12691
12936 3 2 9 1 12611 12612 12693 12692
12937 3 2 9 1 12612 12613 12694 12693
12938 3 2 9 1 12613 12614 12695 12694
12939 3 2 9 1 12614 12615 12696 12695
12940 3 2 9 1 12615 12616 12697 12696
12941 3 2 9 1 12616 12617 12698 12697
12942 3 2 9 1 12617 12618 12699 12698
12943 3 2 9 1 12618 12619 12700 12699
12944 3 2 9 1 12619 12620 12701 12700
12945 3 2 9 1 12620 12621 12702 12701
12946 3 2 9 1 12621 12622 12703 12702
12947 3 2 9 1 12622 12623 12704 12703
12948 3 2 9 1 12623 12624 12705 12704
12949 3 2 9 1 12624 12625 12706 12705
12950 3 2 9 1 12625 12626 12707 12706
12951 3 2 9 1 12626 12627 12708 12707
12952 3 2 9 1 12627 12628 12709 12708
12953 3 2 9 1 12628 12629 12710 12709
12954 3 2 9 1 12629 12630 12711 12710
12955 3 2 9 1 12630 12631 12712 12711
12956 3 2 9 1 12631 12632 12713 12712
12957 3 2 9 1 12632 12633 12714 12713
12958 3 2 9 1 12633 12634 12715 12714
12959 3 2 9 1 12634 12635 12716 12715
12960 3 2 9 1 12635 12636 12717 12716
12961 3 2 9 1 12637 12638 12719 12718
12962 3 2 9 1 12638 12639 12720 12719
12963 3 2 9 1 12639 12640 12721 12720
12964 3 2 9 1 12640 12641 12722 12721
12965 3 2 9 1 12641 12642 12723 12722
12966 3 2 9 1 12642 12643 12724 12723
12967 3 2 9 1 12643 12644 12725 12724
12968 3 2 9 1 12644 12645 12726 12725
12969 3 2 9 1 12645 12646 12727 12726
12970 3 2 9 1 12646 12647 12728 12727
12971 3 2 9 1 12647 12648 12729 12728
12972 3 2 9 1 12648 12649 12730 12729
12973 3 2 9 1 12649 12650 12731 12730
12974 3 2 9 1 12650 12651 12732 12731
12975 3 2 9 1 12651 12652 12733 12732
12976 3 2 9 1 12652 12653 12734 12733
12977 3 2 9 1 12653 12654 12735 12734
12978 3 2 9 1 12654 12655 12736 12735
12979 3 2 9 1 12655 12656 12737 12736
12980 3 2 9 1 12656 12657 12738 12737
12981 3 2 9 1 12657 12658 12739 12738
12982 3 2 9 1 12658 12659 12740 12739
12983 3 2 9 1 12659 12660 12741 12740
12984 3 2 9 1 12660 12661 12742 12741
12985 3 2 9 1 12661 12662 12743 12742
12986 3 2 9 1 12662 12663 12744 12743
12987 3 2 9 1 12663 12664 12745 12744
12988 3 2 9 1 12664 12665 12746 12745
12989 3 2 9 1 12665 12666 12747 12746
12990 3 2 9 1 12666 12667 12748 12747
12991 3 2 9 1 12667 12668 12749 12748
12992 3 2 9 1 12668 12669 12750 12749
12993 3 2 9 1 12669 12670 12751 12750
12994 3 2 9 1 12670 12671 12752 12751
12995 3 2 9 1 12671 12672 12753 12752
12996 3 2 9 1 12672 12673 12754 12753
12997 3 2 9 1 12673 12674 12755 12754
12998 3 2 9 1 12674 12675 12756 12755
12999 3 2 9 1 12675 12676 12757 12756
13000 3 2 9 1 12676 12677 12758 12757
13001 3 2 9 1 12677 12678 12759 12758
13002 3 2 9 1 12678 12679 12760 12759
13003 3 2 9 1 12679 12680 12761 12760
13004 3 2 9 1 12680 12681 12762 12761
13005 3 2 9 1 12681 12682 12763 12762
13006 3 2 9 1 12682 12683 12764 12763
13007 3 2 9 1 12683 12684 12765 12764
13008 3 2 9 1 12684 12685 12766 12765
13009 3 2 9 1 12685 12686 12767 12766
13010 3 2 9 1 12686 12687 12768 12767
13011 3 2 9 1 12687 12688 12769 12768
13012 3 2 9 1 12688 12689 12770 12769
13013 3 2 9 1 12689 12690 12771 12770
13014 3 2 9 1 12690 12691 12772 12771
13015 3 2 9 1 12691 12692 12773 12772
13016 3 2 9 1 12692 12693 12774 12773
13017 3 2 9 1 12693 12694 12775 12774
13018 3 2 9 1 12694 12695 12776 12775
13019 3 2 9 1 12695 12696 12777 12776
13020 3 2 9 1 12696 12697 12778 12777
13021 3 2 9 1 12697 12698 12779 12778
13022 3 2 9 1 12698 12699 12780 12779
13023 3 2 9 1 12699 12700 12781 12780
13024 3 2 9 1 12700 12701 12782 12781
13025 3 2 9 1 12701 12702 12783 12782
13026 3 2 9 1 12702 12703 12784 12783
13027 3 2 9 1 12703 12704 12785 12784
13028 3 2 9 1 12704 12705 12786 12785
13029 3 2 9 1 12705 12706 12787 12786
13030 3 2 9 1 12706 12707 12788 12787
13031 3 2 9 1 12707 12708 12789 12788
13032 3 2 9 1 12708 12709 12790 12789
13033 3 2 9 1 12709 12710 12791 12790
13034 3 2 9 1 12710 12711 12792 12791
13035 3 2 9 1 12711 12712 12793 12792
13036 3 2 9 1 12712 12713 12794 12793
13037 3 2 9 1 12713 12714 12795 12794
13038 3 2 9 1 12714 12715 12796 12795
13039 3 2 9 1 12715 12716 12797 12796
13040 3 2 9 1 12716 12717 12798 12797
13041 3 2 9 1 12718 12719 12800 12799
13042 3 2 9 1 12719 12720 12801 12800
13043 3 2 9 1 12720 12721 12802 12801
13044 3 2 9 1 12721 12722 12803 12802
13045 3 2 9 1 12722 12723 12804 12803
13046 3 2 9 1 12723 12724 12805 12804
13047 3 2 9 1 12724 12725 12806 12805
13048 3 2 9 1 12725 12726 12807 12806
13049 3 2 9 1 12726 12727 12808 12807
13050 3 2 9 1 12727 12728 12809 12808
13051 3 2 9 1 12728 12729 12810 12809
13052 3 2 9 1 12729 12730 12811 12810
13053 3 2 9 1 12730 12731 12812 12811
13054 3 2 9 1 12731 12732 12813 12812
13055 3 2 9 1 12732 12733 12814 12813
13056 3 2 9 1 12733 12734 12815 12814
13057 3 2 9 1 12734 12735 12816 12815
13058 3 2 9 1 12735 12736 12817 12816
13059 3 2 9 1 12736 12737 12818 12817
13060 3 2 9 1 12737 12738 12819 12818
13061 3 2 9 1 12738 12739 12820 12819
13062 3 2 9 1 12739 12740 12821 12820
13063 3 2 9 1 12740 12741 12822 12821
13064 3 2 9 1 12741 12742 12823 12822
13065 3 2 9 1 12742 12743 12824 12823
13066 3 2 9 1 12743 12744 12825 12824
13067 3 2 9 1 12744 12745 12826 12825
13068 3 2 9 1 12745 12746 12827 12826
13069 3 2 9 1 12746 12747 12828 12827
13070 3 2 9 1 12747 12748 12829 12828
13071 3 2 9 1 12748 12749 12830 12829
13072 3 2 9 1 12749 12750 12831 12830
13073 3 2 9 1 12750 12751 12832 12831
13074 3 2 9 1 12751 12752 12833 12832
13075 3 2 9 1 12752 12753 12834 12833
13076 3 2 9 1 12753 12754 12835 12834
13077 3 2 9 1 12754 12755 12836 12835
13078 3 2 9 1 12755 12756 12837 12836
13079 3 2 9 1 12756 12757 12838 12837
13080 3 2 9 1 12757 12758 12839 12838
13081 3 2 9 1 12758 12759 12840 12839
13082 3 2 9 1 12759 12760 12841 12840
13083 3 2 9 1 12760 12761 12842 12841
13084 3 2 9 1 12761 12762 12843 12842
13085 3 2 9 1 12762 12763 12844 12843
13086 3 2 9 1 12763 12764 12845 12844
13087 3 2 9 1 12764 12765 12846 12845
13088 3 2 9 1 12765 12766 12847 12846
13089 3 2 9 1 12766 12767 12848 12847
13090 3 2 9 1 12767 12768 12849 12848
13091 3 2 9 1 12768 12769 12850 12849
13092 3 2 9 1 12769 12770 12851 12850
13093 3 2 9 1 12770 12771 12852 12851
13094 3 2 9 1 12771 12772 12853 12852
13095 3 2 9 1 12772 12773 12854 12853
13096 3 2 9 1 12773 12774 12855 12854
13097 3 2 9 1 12774 12775 12856 12855
13098 3 2 9 1 12775 12776 12857 12856
13099 3 2 9 1 12776 12777 12858 12857
13100 3 2 9 1 12777 12778 12859 12858
13101 3 2 9 1 12778 12779 12860 12859
13102 3 2 9 1 12779 12780 12861 12860
13103 3 2 9 1 12780 12781 12862 12861
13104 3 2 9 1 12781 12782 12863 12862
13105 3 2 9 1 12782 12783 12864 12863
13106 3 2 9 1 12783 12784 12865 12864
13107 3 2 9 1 12784 12785 12866 12865
13108 3 2 9 1 12785 12786 12867 12866
13109 3 2 9 1 12786 12787 12868 12867
13110 3 2 9 1 12787 12788 12869 12868
13111 3 2 9 1 12788 12789 12870 12869
13112 3 2 9 1 12789 12790 12871 12870
13113 3 2 9 1 12790 12791 12872 12871
13114 3 2 9 1 12791 12792 12873 12872
13115 3 2 9 1 12792 12793 12874 12873
13116 3 2 9 1 12793 12794 12875 12874
13117 3 2 9 1 12794 12795 12876 12875
13118 3 2 9 1 12795 12796 12877 12876
13119 3 2 9 1 12796 12797 12878 12877
13120 3 2 9 1 12797 12798 12879 12878
13121 3 2 9 1 12799 12800 12881 12880
13122 3 2 9 1 12800 12801 12882 12881
13123 3 2 9 1 12801 12802 12883 12882
13124 3 2 9 1 12802 12803 12884 12883
13125 3 2 9 1 12803 12804 12885 12884
13126 3 2 9 1 12804 12805 12886 12885
13127 3 2 9 1 12805 12806 12887 12886
13128 3 2 9 1 12806 12807 12888 12887
13129 3 2 9 1 12807 12808 12889 12888
13130 3 2 9 1 12808 12809 12890 12889
13131 3 2 9 1 12809 12810 12891 12890
13132 3 2 9 1 12810 12811 12892 12891
13133 3 2 9 1 12811 12812 12893 12892
13134 3 2 9 1 12812 12813 12894 12893
13135 3 2 9 1 12813 12814 12895 12894
13136 3 2 9 1 12814 12815 12896 12895
13137 3 2 9 1 12815 12816 12897 12896
13138 3 2 9 1 12816 12817 12898 12897
13139 3 2 9 1 12817 12818 12899 12898
13140 3 2 9 1 12818 12819 12900 12899
13141 3 2 9 1 12819 12820 12901 12900
13142 3 2 9 1 12820 12821 12902 12901
13143 3 2 9 1 12821 12822 12903 12902
13144 3 2 9 1 12822 12823 12904 12903
13145 3 2 9 1 12823 12824 12905 12904
13146 3 2 9 1 12824 12825 12906 12905
13147 3 2 9 1 12825 12826 12907 12906
13148 3 2 9 1 12826 12827 12908 12907
13149 3 2 9 1 12827 12828 12909 12908
13150 3 2 9 1 12828 12829 12910 12909
13151 3 2 9 1 12829 12830 12911 12910
13152 3 2 9 1 12830 12831 12912 12911
13153 3 2 9 1 12831 12832 12913 12912
13154 3 2 9 1 12832 12833 12914 12913
13155 3 2 9 1 12833 12834 12915 12914
13156 3 2 9 1 12834 12835 12916 12915
13157 3 2 9 1 12835 12836 12917 12916
13158 3 2 9 1 12836 12837 12918 12917
13159 3 2 9 1 12837 12838 12919 12918
13160 3 2 9 1 12838 12839 12920 12919
13161 3 2 9 1 12839 12840 12921 12920
13162 3 2 9 1 12840 12841 12922 12921
13163 3 2 9 1 12841 12842 12923 12922
13164 3 2 9 1 12842 12843 12924 12923
13165 3 2 9 1 12843 12844 12925 12924
13166 3 2 9 1 12844 12845 12926 12925
13167 3 2 9 1 12845 12846 12927 12926
13168 3 2 9 1 12846 12847 12928 12927
13169 3 2 9 1 12847 12848 12929 12928
13170 3 2 9 1 12848 12849 12930 12929
13171 3 2 9 1 12849 12850 12931 12930
13172 3 2 9 1 12850 12851 12932 12931
13173 3 2 9 1 12851 12852 12933 12932
13174 3 2 9 1 12852 12853 12934 12933
13175 3 2 9 1 12853 12854 12935 12934
13176 3 2 9 1 12854 12855 12936 12935
13177 3 2 9 1 12855 12856 12937 12936
13178 3 2 9 1 12856 12857 12938 12937
13179 3 2 9 1 12857 12858 12939 12938
13180 3 2 9 1 12858 12859 12940 12939
13181 3 2 9 1 12859 12860 12941 12940
13182 3 2 9 1 12860 12861 12942 12941
13183 3 2 9 1 12861 12862 12943 12942
13184 3 2 9 1 12862 12863 12944 12943
13185 3 2 9 1 12863 12864 12945 12944
13186 3 2 9 1 12864 12865 12946 12945
13187 3 2 9 1 12865 12866 12947 12946
13188 3 2 9 1 12866 12867 12948 12947
13189 3 2 9 1 12867 12868 12949 12948
13190 3 2 9 1 12868 12869 12950 12949
13191 3 2 9 1 12869 12870 12951 12950
13192 3 2 9 1 12870 12871 12952 12951
13193 3 2 9 1 12871 12872 12953 12952
13194 3 2 9 1 12872 12873 12954 12953
13195 3 2 9 1 12873 12874 12955 12954
13196 3 2 9 1 12874 12875 12956 12955
13197 3 2 9 1 12875 12876 12957 12956
13198 3 2 9 1 12876 12877 12958 12957
13199 3 2 9 1 12877 12878 12959 12958
13200 3 2 9 1 12878 12879 12960 12959
13201 3 2 9 1 12880 12881 12962 12961
13202 3 2 9 1 12881 12882 12963 12962
13203 3 2 9 1 12882 12883 12964 12963
13204 3 2 9 1 12883 12884 12965 12964
13205 3 2 9 1 12884 12885 12966 12965
13206 3 2 9 1 12885 12886 12967 12966
13207 3 2 9 1 12886 12887 12968 12967
13208 3 2 9 1 12887 12888 12969 12968
13209 3 2 9 1 12888 12889 12970 12969
13210 3 2 9 1 12889 12890 12971 12970
13211 3 2 9 1 12890 12891 12972 12971
13212 3 2 9 1 12891 12892 12973 12972
13213 3 2 9 1 12892 12893 12974 12973
13214 3 2 9 1 12893 12894 12975 12974
13215 3 2 9 1 12894 12895 12976 12975
13216 3 2 9 1 12895 12896 12977 12976
13217 3 2 9 1 12896 12897 12978 12977
13218 3 2 9 1 12897 12898 12979 12978
13219 3 2 9 1 12898 12899 12980 12979
13220 3 2 9 1 12899 12900 12981 12980
13221 3 2 9 1 12900 12901 12982 12981
13222 3 2 9 1 12901 12902 12983 12982
13223 3 2 9 1 12902 12903 12984 12983
13224 3 2 9 1 12903 12904 12985 12984
13225 3 2 9 1 12904 12905 12986 12985
13226 3 2 9 1 12905 12906 12987 12986
13227 3 2 9 1 12906 12907 12988 12987
13228 3 2 9 1 12907 12908 12989 12988
13229 3 2 9 1 12908 12909 12990 12989
13230 3 2 9 1 12909 12910 12991 12990
13231 3 2 9 1 12910 12911 12992 12991
13232 3 2 9 1 12911 12912 12993 12992
13233 3 2 9 1 12912 12913 12994 12993
13234 3 2 9 1 12913 12914 12995 12994
13235 3 2 9 1 12914 12915 12996 12995
13236 3 2 9 1 12915 12916 12997 12996
13237 3 2 9 1 12916 12917 12998 12997
13238 3 2 9 1 12917 12918 12999 12998
13239 3 2 9 1 12918 12919 13000 12999
13240 3 2 9 1 12919 12920 13001 13000
13241 3 2 9 1 12920 12921 13002 13001
13242 3 2 9 1 12921 12922 13003 13002
13243 3 2 9 1 12922 12923 13004 13003
13244 3 2 9 1 12923 12924 13005 13004
13245 3 2 9 1 12924 12925 13006 13005
13246 3 2 9 1 12925 12926 13007 13006
13247 3 2 9 1 12926 12927 13008 13007
13248 3 2 9 1 12927 12928 13009 13008
13249 3 2 9 1 12928 12929 13010 13009
13250 3 2 9 1 12929 12930 13011 13010
13251 3 2 9 1 12930 12931 13012 13011
13252 3 2 9 1 12931 12932 13013 13012
13253 3 2 9 1 12932 12933 13014 13013
13254 3 2 9 1 12933 12934 13015 13014
13255 3 2 9 1 12934 12935 13016 13015
13256 3 2 9 1 12935 12936 13017 13016
13257 3 2 9 1 12936 12937 13018 13017
13258 3 2 9 1 12937 12938 13019 13018
13259 3 2 9 1 12938 12939 13020 13019
13260 3 2 9 1 12939 12940 13021 13020
13261 3 2 9 1 12940 12941 13022 13021
13262 3 2 9 1 12941 12942 13023 13022
13263 3 2 9 1 12942 12943 13024 13023
13264 3 2 9 1 12943 12944 13025 13024
13265 3 2 9 1 12944 12945 13026 13025
13266 3 2 9 1 12945 12946 13027 13026
13267 3 2 9 1 12946 12947 13028 13027
13268 3 2 9 1 12947 12948 13029 13028
13269 3 2 9 1 12948 12949 13030 13029
13270 3 2 9 1 12949 12950 13031 13030
13271 3 2 9 1 12950 12951 13032 13031
13272 3 2 9 1 12951 12952 13033 13032
13273 3 2 9 1 12952 12953 13034 13033
13274 3 2 9 1 12953 12954 13035 13034
13275 3 2 9 1 12954 12955 13036 13035
13276 3 2 9 1 12955 12956 13037 13036
13277 3 2 9 1 12956 12957 13038 13037
13278 3 2 9 1 12957 12958 13039 13038
13279 3 2 9 1 12958 12959 13040 13039
13280 3 2 9 1 12959 12960 13041 13040
$EndElements
