$MeshFormat
2.2 0 8
$EndMeshFormat
$Nodes
3321
1 0 0 0
2 0.025 0 0
3 0.05 0 0
4 0.075 0 0
5 0.1 0 0
6 0.125 0 0
7 0.15 0 0
8 0.175 0 0
9 0.2 0 0
10 0.225 0 0
11 0.25 0 0
12 0.275 0 0
13 0.3 0 0
14 0.325 0 0
15 0.35 0 0
16 0.375 0 0
17 0.4 0 0
18 0.425 0 0
19 0.45 0 0
20 0.475 0 0
21 0.5 0 0
22 0.525 0 0
23 0.55 0 0
24 0.575 0 0
25 0.6 0 0
26 0.625 0 0
27 0.65 0 0
28 0.675 0 0
29 0.7 0 0
30 0.725 0 0
31 0.75 0 0
32 0.775 0 0
33 0.8 0 0
34 0.825 0 0
35 0.85 0 0
36 0.875 0 0
37 0.9 0 0
38 0.925 0 0
39 0.95 0 0
40 0.975 0 0
41 1 0 0
42 0 0.025 0
43 0.025 0.025 0
44 0.05 0.025 0
45 0.075 0.025 0
46 0.1 0.025 0
47 0.125 0.025 0
48 0.15 0.025 0
49 0.175 0.025 0
50 0.2 0.025 0
51 0.225 0.025 0
52 0.25 0.025 0
53 0.275 0.025 0
54 0.3 0.025 0
55 0.325 0.025 0
56 0.35 0.025 0
57 0.375 0.025 0
58 0.4 0.025 0
59 0.425 0.025 0
60 0.45 0.025 0
61 0.475 0.025 0
62 0.5 0.025 0
63 0.525 0.025 0
64 0.55 0.025 0
65 0.575 0.025 0
66 0.6 0.025 0
67 0.625 0.025 0
68 0.65 0.025 0
69 0.675 0.025 0
70 0.7 0.025 0
71 0.725 0.025 0
72 0.75 0.025 0
73 0.775 0.025 0
74 0.8 0.025 0
75 0.825 0.025 0
76 0.85 0.025 0
77 0.875 0.025 0
78 0.9 0.025 0
79 0.925 0.025 0
80 0.95 0.025 0
81 0.975 0.025 0
82 1 0.025 0
83 0 0.05 0
84 0.025 0.05 0
85 0.05 0.05 0
86 0.075 0.05 0
87 0.1 0.05 0
88 0.125 0.05 0
89 0.15 0.05 0
90 0.175 0.05 0
91 0.2 0.05 0
92 0.225 0.05 0
93 0.25 0.05 0
94 0.275 0.05 0
95 0.3 0.05 0
96 0.325 0.05 0
97 0.35 0.05 0
98 0.375 0.05 0
99 0.4 0.05 0
100 0.425 0.05 0
101 0.45 0.05 0
102 0.475 0.05 0
103 0.5 0.05 0
104 0.525 0.05 0
105 0.55 0.05 0
106 0.575 0.05 0
107 0.6 0.05 0
108 0.625 0.05 0
109 0.65 0.05 0
110 0.675 0.05 0
111 0.7 0.05 0
112 0.725 0.05 0
113 0.75 0.05 0
114 0.775 0.05 0
115 0.8 0.05 0
116 0.825 0.05 0
117 0.85 0.05 0
118 0.875 0.05 0
119 0.9 0.05 0
120 0.925 0.05 0
121 0.95 0.05 0
122 0.975 0.05 0
123 1 0.05 0
124 0 0.075 0
125 0.025 0.075 0
126 0.05 0.075 0
127 0.075 0.075 0
128 0.1 0.075 0
129 0.125 0.075 0
130 0.15 0.075 0
131 0.175 0.075 0
132 0.2 0.075 0
133 0.225 0.075 0
134 0.25 0.075 0
135 0.275 0.075 0
136 0.3 0.075 0
137 0.325 0.075 0
138 0.35 0.075 0
139 0.375 0.075 0
140 0.4 0.075 0
141 0.425 0.075 0
142 0.45 0.075 0
143 0.475 0.075 0
144 0.5 0.075 0
145 0.525 0.075 0
146 0.55 0.075 0
147 0.575 0.075 0
148 0.6 0.075 0
149 0.625 0.075 0
150 0.65 0.075 0
151 0.675 0.075 0
152 0.7 0.075 0
153 0.725 0.075 0
154 0.75 0.075 0
155 0.775 0.075 0
156 0.8 0.075 0
157 0.825 0.075 0
158 0.85 0.075 0
159 0.875 0.075 0
160 0.9 0.075 0
161 0.925 0.075 0
162 0.95 0.075 0
163 0.975 0.075 0
164 1 0.075 0
165 0 0.1 0
166 0.025 0.1 0
167 0.05 0.1 0
168 0.075 0.1 0
169 0.1 0.1 0
170 0.125 0.1 0
171 0.15 0.1 0
172 0.175 0.1 0
173 0.2 0.1 0
174 0.225 0.1 0
175 0.25 0.1 0
176 0.275 0.1 0
177 0.3 0.1 0
178 0.325 0.1 0
179 0.35 0.1 0
180 0.375 0.1 0
181 0.4 0.1 0
182 0.425 0.1 0
183 0.45 0.1 0
184 0.475 0.1 0
185 0.5 0.1 0
186 0.525 0.1 0
187 0.55 0.1 0
188 0.575 0.1 0
189 0.6 0.1 0
190 0.625 0.1 0
191 0.65 0.1 0
192 0.675 0.1 0
193 0.7 0.1 0
194 0.725 0.1 0
195 0.75 0.1 0
196 0.775 0.1 0
197 0.8 0.1 0
198 0.825 0.1 0
199 0.85 0.1 0
200 0.875 0.1 0
201 0.9 0.1 0
202 0.925 0.1 0
203 0.95 0.1 0
204 0.975 0.1 0
205 1 0.1 0
206 0 0.125 0
207 0.025 0.125 0
208 0.05 0.125 0
209 0.075 0.125 0
210 0.1 0.125 0
211 0.125 0.125 0
212 0.15 0.125 0
213 0.175 0.125 0
214 0.2 0.125 0
215 0.225 0.125 0
216 0.25 0.125 0
217 0.275 0.125 0
218 0.3 0.125 0
219 0.325 0.125 0
220 0.35 0.125 0
221 0.375 0.125 0
222 0.4 0.125 0
223 0.425 0.125 0
224 0.45 0.125 0
225 0.475 0.125 0
226 0.5 0.125 0
227 0.525 0.125 0
228 0.55 0.125 0
229 0.575 0.125 0
230 0.6 0.125 0
231 0.625 0.125 0
232 0.65 0.125 0
233 0.675 0.125 0
234 0.7 0.125 0
235 0.725 0.125 0
236 0.75 0.125 0
237 0.775 0.125 0
238 0.8 0.125 0
239 0.825 0.125 0
240 0.85 0.125 0
241 0.875 0.125 0
242 0.9 0.125 0
243 0.925 0.125 0
244 0.95 0.125 0
245 0.975 0.125 0
246 1 0.125 0
247 0 0.15 0
248 0.025 0.15 0
249 0.05 0.15 0
250 0.075 0.15 0
251 0.1 0.15 0
252 0.125 0.15 0
253 0.15 0.15 0
254 0.175 0.15 0
255 0.2 0.15 0
256 0.225 0.15 0
257 0.25 0.15 0
258 0.275 0.15 0
259 0.3 0.15 0
260 0.325 0.15 0
261 0.35 0.15 0
262 0.375 0.15 0
263 0.4 0.15 0
264 0.425 0.15 0
265 0.45 0.15 0
266 0.475 0.15 0
267 0.5 0.15 0
268 0.525 0.15 0
269 0.55 0.15 0
270 0.575 0.15 0
271 0.6 0.15 0
272 0.625 0.15 0
273 0.65 0.15 0
274 0.675 0.15 0
275 0.7 0.15 0
276 0.725 0.15 0
277 0.75 0.15 0
278 0.775 0.15 0
279 0.8 0.15 0
280 0.825 0.15 0
281 0.85 0.15 0
282 0.875 0.15 0
283 0.9 0.15 0
284 0.925 0.15 0
285 0.95 0.15 0
286 0.975 0.15 0
287 1 0.15 0
288 0 0.175 0
289 0.025 0.175 0
290 0.05 0.175 0
291 0.075 0.175 0
292 0.1 0.175 0
293 0.125 0.175 0
294 0.15 0.175 0
295 0.175 0.175 0
296 0.2 0.175 0
297 0.225 0.175 0
298 0.25 0.175 0
299 0.275 0.175 0
300 0.3 0.175 0
301 0.325 0.175 0
302 0.35 0.175 0
303 0.375 0.175 0
304 0.4 0.175 0
305 0.425 0.175 0
306 0.45 0.175 0
307 0.475 0.175 0
308 0.5 0.175 0
309 0.525 0.175 0
310 0.55 0.175 0
311 0.575 0.175 0
312 0.6 0.175 0
313 0.625 0.175 0
314 0.65 0.175 0
315 0.675 0.175 0
316 0.7 0.175 0
317 0.725 0.175 0
318 0.75 0.175 0
319 0.775 0.175 0
320 0.8 0.175 0
321 0.825 0.175 0
322 0.85 0.175 0
323 0.875 0.175 0
324 0.9 0.175 0
325 0.925 0.175 0
326 0.95 0.175 0
327 0.975 0.175 0
328 1 0.175 0
329 0 0.2 0
330 0.025 0.2 0
331 0.05 0.2 0
332 0.075 0.2 0
333 0.1 0.2 0
334 0.125 0.2 0
335 0.15 0.2 0
336 0.175 0.2 0
337 0.2 0.2 0
338 0.225 0.2 0
339 0.25 0.2 0
340 0.275 0.2 0
341 0.3 0.2 0
342 0.325 0.2 0
343 0.35 0.2 0
344 0.375 0.2 0
345 0.4 0.2 0
346 0.425 0.2 0
347 0.45 0.2 0
348 0.475 0.2 0
349 0.5 0.2 0
350 0.525 0.2 0
351 0.55 0.2 0
352 0.575 0.2 0
353 0.6 0.2 0
354 0.625 0.2 0
355 0.65 0.2 0
356 0.675 0.2 0
357 0.7 0.2 0
358 0.725 0.2 0
359 0.75 0.2 0
360 0.775 0.2 0
361 0.8 0.2 0
362 0.825 0.2 0
363 0.85 0.2 0
364 0.875 0.2 0
365 0.9 0.2 0
366 0.925 0.2 0
367 0.95 0.2 0
368 0.975 0.2 0
369 1 0.2 0
370 0 0.225 0
371 0.025 0.225 0
372 0.05 0.225 0
373 0.075 0.225 0
374 0.1 0.225 0
375 0.125 0.225 0
376 0.15 0.225 0
377 0.175 0.225 0
378 0.2 0.225 0
379 0.225 0.225 0
380 0.25 0.225 0
381 0.275 0.225 0
382 0.3 0.225 0
383 0.325 0.225 0
384 0.35 0.225 0
385 0.375 0.225 0
386 0.4 0.225 0
387 0.425 0.225 0
388 0.45 0.225 0
389 0.475 0.225 0
390 0.5 0.225 0
391 0.525 0.225 0
392 0.55 0.225 0
393 0.575 0.225 0
394 0.6 0.225 0
395 0.625 0.225 0
396 0.65 0.225 0
397 0.675 0.225 0
398 0.7 0.225 0
399 0.725 0.225 0
400 0.75 0.225 0
401 0.775 0.225 0
402 0.8 0.225 0
403 0.825 0.225 0
404 0.85 0.225 0
405 0.875 0.225 0
406 0.9 0.225 0
407 0.925 0.225 0
408 0.95 0.225 0
409 0.975 0.225 0
410 1 0.225 0
411 0 0.25 0
412 0.025 0.25 0
413 0.05 0.25 0
414 0.075 0.25 0
415 0.1 0.25 0
416 0.125 0.25 0
417 0.15 0.25 0
418 0.175 0.25 0
419 0.2 0.25 0
420 0.225 0.25 0
421 0.25 0.25 0
422 0.275 0.25 0
423 0.3 0.25 0
424 0.325 0.25 0
425 0.35 0.25 0
426 0.375 0.25 0
427 0.4 0.25 0
428 0.425 0.25 0
429 0.45 0.25 0
430 0.475 0.25 0
431 0.5 0.25 0
432 0.525 0.25 0
433 0.55 0.25 0
434 0.575 0.25 0
435 0.6 0.25 0
436 0.625 0.25 0
437 0.65 0.25 0
438 0.675 0.25 0
439 0.7 0.25 0
440 0.725 0.25 0
441 0.75 0.25 0
442 0.775 0.25 0
443 0.8 0.25 0
444 0.825 0.25 0
445 0.85 0.25 0
446 0.875 0.25 0
447 0.9 0.25 0
448 0.925 0.25 0
449 0.95 0.25 0
450 0.975 0.25 0
451 1 0.25 0
452 0 0.275 0
453 0.025 0.275 0
454 0.05 0.275 0
455 0.075 0.275 0
456 0.1 0.275 0
457 0.125 0.275 0
458 0.15 0.275 0
459 0.175 0.275 0
460 0.2 0.275 0
461 0.225 0.275 0
462 0.25 0.275 0
463 0.275 0.275 0
464 0.3 0.275 0
465 0.325 0.275 0
466 0.35 0.275 0
467 0.375 0.275 0
468 0.4 0.275 0
469 0.425 0.275 0
470 0.45 0.275 0
471 0.475 0.275 0
472 0.5 0.275 0
473 0.525 0.275 0
474 0.55 0.275 0
475 0.575 0.275 0
476 0.6 0.275 0
477 0.625 0.275 0
478 0.65 0.275 0
479 0.675 0.275 0
480 0.7 0.275 0
481 0.725 0.275 0
482 0.75 0.275 0
483 0.775 0.275 0
484 0.8 0.275 0
485 0.825 0.275 0
486 0.85 0.275 0
487 0.875 0.275 0
488 0.9 0.275 0
489 0.925 0.275 0
490 0.95 0.275 0
491 0.975 0.275 0
492 1 0.275 0
493 0 0.3 0
494 0.025 0.3 0
495 0.05 0.3 0
496 0.075 0.3 0
497 0.1 0.3 0
498 0.125 0.3 0
499 0.15 0.3 0
500 0.175 0.3 0
501 0.2 0.3 0
502 0.225 0.3 0
503 0.25 0.3 0
504 0.275 0.3 0
505 0.3 0.3 0
506 0.325 0.3 0
507 0.35 0.3 0
508 0.375 0.3 0
509 0.4 0.3 0
510 0.425 0.3 0
511 0.45 0.3 0
512 0.475 0.3 0
513 0.5 0.3 0
514 0.525 0.3 0
515 0.55 0.3 0
516 0.575 0.3 0
517 0.6 0.3 0
518 0.625 0.3 0
519 0.65 0.3 0
520 0.675 0.3 0
521 0.7 0.3 0
522 0.725 0.3 0
523 0.75 0.3 0
524 0.775 0.3 0
525 0.8 0.3 0
526 0.825 0.3 0
527 0.85 0.3 0
528 0.875 0.3 0
529 0.9 0.3 0
530 0.925 0.3 0
531 0.95 0.3 0
532 0.975 0.3 0
533 1 0.3 0
534 0 0.325 0
535 0.025 0.325 0
536 0.05 0.325 0
537 0.075 0.325 0
538 0.1 0.325 0
539 0.125 0.325 0
540 0.15 0.325 0
541 0.175 0.325 0
542 0.2 0.325 0
543 0.225 0.325 0
544 0.25 0.325 0
545 0.275 0.325 0
546 0.3 0.325 0
547 0.325 0.325 0
548 0.35 0.325 0
549 0.375 0.325 0
550 0.4 0.325 0
551 0.425 0.325 0
552 0.45 0.325 0
553 0.475 0.325 0
554 0.5 0.325 0
555 0.525 0.325 0
556 0.55 0.325 0
557 0.575 0.325 0
558 0.6 0.325 0
559 0.625 0.325 0
560 0.65 0.325 0
561 0.675 0.325 0
562 0.7 0.325 0
563 0.725 0.325 0
564 0.75 0.325 0
565 0.775 0.325 0
566 0.8 0.325 0
567 0.825 0.325 0
568 0.85 0.325 0
569 0.875 0.325 0
570 0.9 0.325 0
571 0.925 0.325 0
572 0.95 0.325 0
573 0.975 0.325 0
574 1 0.325 0
575 0 0.35 0
576 0.025 0.35 0
577 0.05 0.35 0
578 0.075 0.35 0
579 0.1 0.35 0
580 0.125 0.35 0
581 0.15 0.35 0
582 0.175 0.35 0
583 0.2 0.35 0
584 0.225 0.35 0
585 0.25 0.35 0
586 0.275 0.35 0
587 0.3 0.35 0
588 0.325 0.35 0
589 0.35 0.35 0
590 0.375 0.35 0
591 0.4 0.35 0
592 0.425 0.35 0
593 0.45 0.35 0
594 0.475 0.35 0
595 0.5 0.35 0
596 0.525 0.35 0
597 0.55 0.35 0
598 0.575 0.35 0
599 0.6 0.35 0
600 0.625 0.35 0
601 0.65 0.35 0
602 0.675 0.35 0
603 0.7 0.35 0
604 0.725 0.35 0
605 0.75 0.35 0
606 0.775 0.35 0
607 0.8 0.35 0
608 0.825 0.35 0
609 0.85 0.35 0
610 0.875 0.35 0
611 0.9 0.35 0
612 0.925 0.35 0
613 0.95 0.35 0
614 0.975 0.35 0
615 1 0.35 0
616 0 0.375 0
617 0.025 0.375 0
618 0.05 0.375 0
619 0.075 0.375 0
620 0.1 0.375 0
621 0.125 0.375 0
622 0.15 0.375 0
623 0.175 0.375 0
624 0.2 0.375 0
625 0.225 0.375 0
626 0.25 0.375 0
627 0.275 0.375 0
628 0.3 0.375 0
629 0.325 0.375 0
630 0.35 0.375 0
631 0.375 0.375 0
632 0.4 0.375 0
633 0.425 0.375 0
634 0.45 0.375 0
635 0.475 0.375 0
636 0.5 0.375 0
637 0.525 0.375 0
638 0.55 0.375 0
639 0.575 0.375 0
640 0.6 0.375 0
641 0.625 0.375 0
642 0.65 0.375 0
643 0.675 0.375 0
644 0.7 0.375 0
645 0.725 0.375 0
646 0.75 0.375 0
647 0.775 0.375 0
648 0.8 0.375 0
649 0.825 0.375 0
650 0.85 0.375 0
651 0.875 0.375 0
652 0.9 0.375 0
653 0.925 0.375 0
654 0.95 0.375 0
655 0.975 0.375 0
656 1 0.375 0
657 0 0.4 0
658 0.025 0.4 0
659 0.05 0.4 0
660 0.075 0.4 0
661 0.1 0.4 0
662 0.125 0.4 0
663 0.15 0.4 0
664 0.175 0.4 0
665 0.2 0.4 0
666 0.225 0.4 0
667 0.25 0.4 0
668 0.275 0.4 0
669 0.3 0.4 0
670 0.325 0.4 0
671 0.35 0.4 0
672 0.375 0.4 0
673 0.4 0.4 0
674 0.425 0.4 0
675 0.45 0.4 0
676 0.475 0.4 0
677 0.5 0.4 0
678 0.525 0.4 0
679 0.55 0.4 0
680 0.575 0.4 0
681 0.6 0.4 0
682 0.625 0.4 0
683 0.65 0.4 0
684 0.675 0.4 0
685 0.7 0.4 0
686 0.725 0.4 0
687 0.75 0.4 0
688 0.775 0.4 0
689 0.8 0.4 0
690 0.825 0.4 0
691 0.85 0.4 0
692 0.875 0.4 0
693 0.9 0.4 0
694 0.925 0.4 0
695 0.95 0.4 0
696 0.975 0.4 0
697 1 0.4 0
698 0 0.425 0
699 0.025 0.425 0
700 0.05 0.425 0
701 0.075 0.425 0
702 0.1 0.425 0
703 0.125 0.425 0
704 0.15 0.425 0
705 0.175 0.425 0
706 0.2 0.425 0
707 0.225 0.425 0
708 0.25 0.425 0
709 0.275 0.425 0
710 0.3 0.425 0
711 0.325 0.425 0
712 0.35 0.425 0
713 0.375 0.425 0
714 0.4 0.425 0
715 0.425 0.425 0
716 0.45 0.425 0
717 0.475 0.425 0
718 0.5 0.425 0
719 0.525 0.425 0
720 0.55 0.425 0
721 0.575 0.425 0
722 0.6 0.425 0
723 0.625 0.425 0
724 0.65 0.425 0
725 0.675 0.425 0
726 0.7 0.425 0
727 0.725 0.425 0
728 0.75 0.425 0
729 0.775 0.425 0
730 0.8 0.425 0
731 0.825 0.425 0
732 0.85 0.425 0
733 0.875 0.425 0
734 0.9 0.425 0
735 0.925 0.425 0
736 0.95 0.425 0
737 0.975 0.425 0
738 1 0.425 0
739 0 0.45 0
740 0.025 0.45 0
741 0.05 0.45 0
742 0.075 0.45 0
743 0.1 0.45 0
744 0.125 0.45 0
745 0.15 0.45 0
746 0.175 0.45 0
747 0.2 0.45 0
748 0.225 0.45 0
749 0.25 0.45 0
750 0.275 0.45 0
751 0.3 0.45 0
752 0.325 0.45 0
753 0.35 0.45 0
754 0.375 0.45 0
755 0.4 0.45 0
756 0.425 0.45 0
757 0.45 0.45 0
758 0.475 0.45 0
759 0.5 0.45 0
760 0.525 0.45 0
761 0.55 0.45 0
762 0.575 0.45 0
763 0.6 0.45 0
764 0.625 0.45 0
765 0.65 0.45 0
766 0.675 0.45 0
767 0.7 0.45 0
768 0.725 0.45 0
769 0.75 0.45 0
770 0.775 0.45 0
771 0.8 0.45 0
772 0.825 0.45 0
773 0.85 0.45 0
774 0.875 0.45 0
775 0.9 0.45 0
776 0.925 0.45 0
777 0.95 0.45 0
778 0.975 0.45 0
779 1 0.45 0
780 0 0.475 0
781 0.025 0.475 0
782 0.05 0.475 0
783 0.075 0.475 0
784 0.1 0.475 0
785 0.125 0.475 0
786 0.15 0.475 0
787 0.175 0.475 0
788 0.2 0.475 0
789 0.225 0.475 0
790 0.25 0.475 0
791 0.275 0.475 0
792 0.3 0.475 0
793 0.325 0.475 0
794 0.35 0.475 0
795 0.375 0.475 0
796 0.4 0.475 0
797 0.425 0.475 0
798 0.45 0.475 0
799 0.475 0.475 0
800 0.5 0.475 0
801 0.525 0.475 0
802 0.55 0.475 0
803 0.575 0.475 0
804 0.6 0.475 0
805 0.625 0.475 0
806 0.65 0.475 0
807 0.675 0.475 0
808 0.7 0.475 0
809 0.725 0.475 0
810 0.75 0.475 0
811 0.775 0.475 0
812 0.8 0.475 0
813 0.825 0.475 0
814 0.85 0.475 0
815 0.875 0.475 0
816 0.9 0.475 0
817 0.925 0.475 0
818 0.95 0.475 0
819 0.975 0.475 0
820 1 0.475 0
821 0 0.5 0
822 0.025 0.5 0
823 0.05 0.5 0
824 0.075 0.5 0
825 0.1 0.5 0
826 0.125 0.5 0
827 0.15 0.5 0
828 0.175 0.5 0
829 0.2 0.5 0
830 0.225 0.5 0
831 0.25 0.5 0
832 0.275 0.5 0
833 0.3 0.5 0
834 0.325 0.5 0
835 0.35 0.5 0
836 0.375 0.5 0
837 0.4 0.5 0
838 0.425 0.5 0
839 0.45 0.5 0
840 0.475 0.5 0
841 0.5 0.5 0
842 0.525 0.5 0
843 0.55 0.5 0
844 0.575 0.5 0
845 0.6 0.5 0
846 0.625 0.5 0
847 0.65 0.5 0
848 0.675 0.5 0
849 0.7 0.5 0
850 0.725 0.5 0
851 0.75 0.5 0
852 0.775 0.5 0
853 0.8 0.5 0
854 0.825 0.5 0
855 0.85 0.5 0
856 0.875 0.5 0
857 0.9 0.5 0
858 0.925 0.5 0
859 0.95 0.5 0
860 0.975 0.5 0
861 1 0.5 0
862 0 0.525 0
863 0.025 0.525 0
864 0.05 0.525 0
865 0.075 0.525 0
866 0.1 0.525 0
867 0.125 0.525 0
868 0.15 0.525 0
869 0.175 0.525 0
870 0.2 0.525 0
871 0.225 0.525 0
872 0.25 0.525 0
873 0.275 0.525 0
874 0.3 0.525 0
875 0.325 0.525 0
876 0.35 0.525 0
877 0.375 0.525 0
878 0.4 0.525 0
879 0.425 0.525 0
880 0.45 0.525 0
881 0.475 0.525 0
882 0.5 0.525 0
883 0.525 0.525 0
884 0.55 0.525 0
885 0.575 0.525 0
886 0.6 0.525 0
887 0.625 0.525 0
888 0.65 0.525 0
889 0.675 0.525 0
890 0.7 0.525 0
891 0.725 0.525 0
892 0.75 0.525 0
893 0.775 0.525 0
894 0.8 0.525 0
895 0.825 0.525 0
896 0.85 0.525 0
897 0.875 0.525 0
898 0.9 0.525 0
899 0.925 0.525 0
900 0.95 0.525 0
901 0.975 0.525 0
902 1 0.525 0
903 0 0.55 0
904 0.025 0.55 0
905 0.05 0.55 0
906 0.075 0.55 0
907 0.1 0.55 0
908 0.125 0.55 0
909 0.15 0.55 0
910 0.175 0.55 0
911 0.2 0.55 0
912 0.225 0.55 0
913 0.25 0.55 0
914 0.275 0.55 0
915 0.3 0.55 0
916 0.325 0.55 0
917 0.35 0.55 0
918 0.375 0.55 0
919 0.4 0.55 0
920 0.425 0.55 0
921 0.45 0.55 0
922 0.475 0.55 0
923 0.5 0.55 0
924 0.525 0.55 0
925 0.55 0.55 0
926 0.575 0.55 0
927 0.6 0.55 0
928 0.625 0.55 0
929 0.65 0.55 0
930 0.675 0.55 0
931 0.7 0.55 0
932 0.725 0.55 0
933 0.75 0.55 0
934 0.775 0.55 0
935 0.8 0.55 0
936 0.825 0.55 0
937 0.85 0.55 0
938 0.875 0.55 0
939 0.9 0.55 0
940 0.925 0.55 0
941 0.95 0.55 0
942 0.975 0.55 0
943 1 0.55 0
944 0 0.575 0
945 0.025 0.575 0
946 0.05 0.575 0
947 0.075 0.575 0
948 0.1 0.575 0
949 0.125 0.575 0
950 0.15 0.575 0
951 0.175 0.575 0
952 0.2 0.575 0
953 0.225 0.575 0
954 0.25 0.575 0
955 0.275 0.575 0
956 0.3 0.575 0
957 0.325 0.575 0
958 0.35 0.575 0
959 0.375 0.575 0
960 0.4 0.575 0
961 0.425 0.575 0
962 0.45 0.575 0
963 0.475 0.575 0
964 0.5 0.575 0
965 0.525 0.575 0
966 0.55 0.575 0
967 0.575 0.575 0
968 0.6 0.575 0
969 0.625 0.575 0
970 0.65 0.575 0
971 0.675 0.575 0
972 0.7 0.575 0
973 0.725 0.575 0
974 0.75 0.575 0
975 0.775 0.575 0
976 0.8 0.575 0
977 0.825 0.575 0
978 0.85 0.575 0
979 0.875 0.575 0
980 0.9 0.575 0
981 0.925 0.575 0
982 0.95 0.575 0
983 0.975 0.575 0
984 1 0.575 0
985 0 0.6 0
986 0.025 0.6 0
987 0.05 0.6 0
988 0.075 0.6 0
989 0.1 0.6 0
990 0.125 0.6 0
991 0.15 0.6 0
992 0.175 0.6 0
993 0.2 0.6 0
994 0.225 0.6 0
995 0.25 0.6 0
996 0.275 0.6 0
997 0.3 0.6 0
998 0.325 0.6 0
999 0.35 0.6 0
1000 0.375 0.6 0
1001 0.4 0.6 0
1002 0.425 0.6 0
1003 0.45 0.6 0
1004 0.475 0.6 0
1005 0.5 0.6 0
1006 0.525 0.6 0
1007 0.55 0.6 0
1008 0.575 0.6 0
1009 0.6 0.6 0
1010 0.625 0.6 0
1011 0.65 0.6 0
1012 0.675 0.6 0
1013 0.7 0.6 0
1014 0.725 0.6 0
1015 0.75 0.6 0
1016 0.775 0.6 0
1017 0.8 0.6 0
1018 0.825 0.6 0
1019 0.85 0.6 0
1020 0.875 0.6 0
1021 0.9 0.6 0
1022 0.925 0.6 0
1023 0.95 0.6 0
1024 0.975 0.6 0
1025 1 0.6 0
1026 0 0.625 0
1027 0.025 0.625 0
1028 0.05 0.625 0
1029 0.075 0.625 0
1030 0.1 0.625 0
1031 0.125 0.625 0
1032 0.15 0.625 0
1033 0.175 0.625 0
1034 0.2 0.625 0
1035 0.225 0.625 0
1036 0.25 0.625 0
1037 0.275 0.625 0
1038 0.3 0.625 0
1039 0.325 0.625 0
1040 0.35 0.625 0
1041 0.375 0.625 0
1042 0.4 0.625 0
1043 0.425 0.625 0
1044 0.45 0.625 0
1045 0.475 0.625 0
1046 0.5 0.625 0
1047 0.525 0.625 0
1048 0.55 0.625 0
1049 0.575 0.625 0
1050 0.6 0.625 0
1051 0.625 0.625 0
1052 0.65 0.625 0
1053 0.675 0.625 0
1054 0.7 0.625 0
1055 0.725 0.625 0
1056 0.75 0.625 0
1057 0.775 0.625 0
1058 0.8 0.625 0
1059 0.825 0.625 0
1060 0.85 0.625 0
1061 0.875 0.625 0
1062 0.9 0.625 0
1063 0.925 0.625 0
1064 0.95 0.625 0
1065 0.975 0.625 0
1066 1 0.625 0
1067 0 0.65 0
1068 0.025 0.65 0
1069 0.05 0.65 0
1070 0.075 0.65 0
1071 0.1 0.65 0
1072 0.125 0.65 0
1073 0.15 0.65 0
1074 0.175 0.65 0
1075 0.2 0.65 0
1076 0.225 0.65 0
1077 0.25 0.65 0
1078 0.275 0.65 0
1079 0.3 0.65 0
1080 0.325 0.65 0
1081 0.35 0.65 0
1082 0.375 0.65 0
1083 0.4 0.65 0
1084 0.425 0.65 0
1085 0.45 0.65 0
1086 0.475 0.65 0
1087 0.5 0.65 0
1088 0.525 0.65 0
1089 0.55 0.65 0
1090 0.575 0.65 0
1091 0.6 0.65 0
1092 0.625 0.65 0
1093 0.65 0.65 0
1094 0.675 0.65 0
1095 0.7 0.65 0
1096 0.725 0.65 0
1097 0.75 0.65 0
1098 0.775 0.65 0
1099 0.8 0.65 0
1100 0.825 0.65 0
1101 0.85 0.65 0
1102 0.875 0.65 0
1103 0.9 0.65 0
1104 0.925 0.65 0
1105 0.95 0.65 0
1106 0.975 0.65 0
1107 1 0.65 0
1108 0 0.675 0
1109 0.025 0.675 0
1110 0.05 0.675 0
1111 0.075 0.675 0
1112 0.1 0.675 0
1113 0.125 0.675 0
1114 0.15 0.675 0
1115 0.175 0.675 0
1116 0.2 0.675 0
1117 0.225 0.675 0
1118 0.25 0.675 0
1119 0.275 0.675 0
1120 0.3 0.675 0
1121 0.325 0.675 0
1122 0.35 0.675 0
1123 0.375 0.675 0
1124 0.4 0.675 0
1125 0.425 0.675 0
1126 0.45 0.675 0
1127 0.475 0.675 0
1128 0.5 0.675 0
1129 0.525 0.675 0
1130 0.55 0.675 0
1131 0.575 0.675 0
1132 0.6 0.675 0
1133 0.625 0.675 0
1134 0.65 0.675 0
1135 0.675 0.675 0
1136 0.7 0.675 0
1137 0.725 0.675 0
1138 0.75 0.675 0
1139 0.775 0.675 0
1140 0.8 0.675 0
1141 0.825 0.675 0
1142 0.85 0.675 0
1143 0.875 0.675 0
1144 0.9 0.675 0
1145 0.925 0.675 0
1146 0.95 0.675 0
1147 0.975 0.675 0
1148 1 0.675 0
1149 0 0.7 0
1150 0.025 0.7 0
1151 0.05 0.7 0
1152 0.075 0.7 0
1153 0.1 0.7 0
1154 0.125 0.7 0
1155 0.15 0.7 0
1156 0.175 0.7 0
1157 0.2 0.7 0
1158 0.225 0.7 0
1159 0.25 0.7 0
1160 0.275 0.7 0
1161 0.3 0.7 0
1162 0.325 0.7 0
1163 0.35 0.7 0
1164 0.375 0.7 0
1165 0.4 0.7 0
1166 0.425 0.7 0
1167 0.45 0.7 0
1168 0.475 0.7 0
1169 0.5 0.7 0
1170 0.525 0.7 0
1171 0.55 0.7 0
1172 0.575 0.7 0
1173 0.6 0.7 0
1174 0.625 0.7 0
1175 0.65 0.7 0
1176 0.675 0.7 0
1177 0.7 0.7 0
1178 0.725 0.7 0
1179 0.75 0.7 0
1180 0.775 0.7 0
1181 0.8 0.7 0
1182 0.825 0.7 0
1183 0.85 0.7 0
1184 0.875 0.7 0
1185 0.9 0.7 0
1186 0.925 0.7 0
1187 0.95 0.7 0
1188 0.975 0.7 0
1189 1 0.7 0
1190 0 0.725 0
1191 0.025 0.725 0
1192 0.05 0.725 0
1193 0.075 0.725 0
1194 0.1 0.725 0
1195 0.125 0.725 0
1196 0.15 0.725 0
1197 0.175 0.725 0
1198 0.2 0.725 0
1199 0.225 0.725 0
1200 0.25 0.725 0
1201 0.275 0.725 0
1202 0.3 0.725 0
1203 0.325 0.725 0
1204 0.35 0.725 0
1205 0.375 0.725 0
1206 0.4 0.725 0
1207 0.425 0.725 0
1208 0.45 0.725 0
1209 0.475 0.725 0
1210 0.5 0.725 0
1211 0.525 0.725 0
1212 0.55 0.725 0
1213 0.575 0.725 0
1214 0.6 0.725 0
1215 0.625 0.725 0
1216 0.65 0.725 0
1217 0.675 0.725 0
1218 0.7 0.725 0
1219 0.725 0.725 0
1220 0.75 0.725 0
1221 0.775 0.725 0
1222 0.8 0.725 0
1223 0.825 0.725 0
1224 0.85 0.725 0
1225 0.875 0.725 0
1226 0.9 0.725 0
1227 0.925 0.725 0
1228 0.95 0.725 0
1229 0.975 0.725 0
1230 1 0.725 0
1231 0 0.75 0
1232 0.025 0.75 0
1233 0.05 0.75 0
1234 0.075 0.75 0
1235 0.1 0.75 0
1236 0.125 0.75 0
1237 0.15 0.75 0
1238 0.175 0.75 0
1239 0.2 0.75 0
1240 0.225 0.75 0
1241 0.25 0.75 0
1242 0.275 0.75 0
1243 0.3 0.75 0
1244 0.325 0.75 0
1245 0.35 0.75 0
1246 0.375 0.75 0
1247 0.4 0.75 0
1248 0.425 0.75 0
1249 0.45 0.75 0
1250 0.475 0.75 0
1251 0.5 0.75 0
1252 0.525 0.75 0
1253 0.55 0.75 0
1254 0.575 0.75 0
1255 0.6 0.75 0
1256 0.625 0.75 0
1257 0.65 0.75 0
1258 0.675 0.75 0
1259 0.7 0.75 0
1260 0.725 0.75 0
1261 0.75 0.75 0
1262 0.775 0.75 0
1263 0.8 0.75 0
1264 0.825 0.75 0
1265 0.85 0.75 0
1266 0.875 0.75 0
1267 0.9 0.75 0
1268 0.925 0.75 0
1269 0.95 0.75 0
1270 0.975 0.75 0
1271 1 0.75 0
1272 0 0.775 0
1273 0.025 0.775 0
1274 0.05 0.775 0
1275 0.075 0.775 0
1276 0.1 0.775 0
1277 0.125 0.775 0
1278 0.15 0.775 0
1279 0.175 0.775 0
1280 0.2 0.775 0
1281 0.225 0.775 0
1282 0.25 0.775 0
1283 0.275 0.775 0
1284 0.3 0.775 0
1285 0.325 0.775 0
1286 0.35 0.775 0
1287 0.375 0.775 0
1288 0.4 0.775 0
1289 0.425 0.775 0
1290 0.45 0.775 0
1291 0.475 0.775 0
1292 0.5 0.775 0
1293 0.525 0.775 0
1294 0.55 0.775 0
1295 0.575 0.775 0
1296 0.6 0.775 0
1297 0.625 0.775 0
1298 0.65 0.775 0
1299 0.675 0.775 0
1300 0.7 0.775 0
1301 0.725 0.775 0
1302 0.75 0.775 0
1303 0.775 0.775 0
1304 0.8 0.775 0
1305 0.825 0.775 0
1306 0.85 0.775 0
1307 0.875 0.775 0
1308 0.9 0.775 0
1309 0.925 0.775 0
1310 0.95 0.775 0
1311 0.975 0.775 0
1312 1 0.775 0
1313 0 0.8 0
1314 0.025 0.8 0
1315 0.05 0.8 0
1316 0.075 0.8 0
1317 0.1 0.8 0
1318 0.125 0.8 0
1319 0.15 0.8 0
1320 0.175 0.8 0
1321 0.2 0.8 0
1322 0.225 0.8 0
1323 0.25 0.8 0
1324 0.275 0.8 0
1325 0.3 0.8 0
1326 0.325 0.8 0
1327 0.35 0.8 0
1328 0.375 0.8 0
1329 0.4 0.8 0
1330 0.425 0.8 0
1331 0.45 0.8 0
1332 0.475 0.8 0
1333 0.5 0.8 0
1334 0.525 0.8 0
1335 0.55 0.8 0
1336 0.575 0.8 0
1337 0.6 0.8 0
1338 0.625 0.8 0
1339 0.65 0.8 0
1340 0.675 0.8 0
1341 0.7 0.8 0
1342 0.725 0.8 0
1343 0.75 0.8 0
1344 0.775 0.8 0
1345 0.8 0.8 0
1346 0.825 0.8 0
1347 0.85 0.8 0
1348 0.875 0.8 0
1349 0.9 0.8 0
1350 0.925 0.8 0
1351 0.95 0.8 0
1352 0.975 0.8 0
1353 1 0.8 0
1354 0 0.825 0
1355 0.025 0.825 0
1356 0.05 0.825 0
1357 0.075 0.825 0
1358 0.1 0.825 0
1359 0.125 0.825 0
1360 0.15 0.825 0
1361 0.175 0.825 0
1362 0.2 0.825 0
1363 0.225 0.825 0
1364 0.25 0.825 0
1365 0.275 0.825 0
1366 0.3 0.825 0
1367 0.325 0.825 0
1368 0.35 0.825 0
1369 0.375 0.825 0
1370 0.4 0.825 0
1371 0.425 0.825 0
1372 0.45 0.825 0
1373 0.475 0.825 0
1374 0.5 0.825 0
1375 0.525 0.825 0
1376 0.55 0.825 0
1377 0.575 0.825 0
1378 0.6 0.825 0
1379 0.625 0.825 0
1380 0.65 0.825 0
1381 0.675 0.825 0
1382 0.7 0.825 0
1383 0.725 0.825 0
1384 0.75 0.825 0
1385 0.775 0.825 0
1386 0.8 0.825 0
1387 0.825 0.825 0
1388 0.85 0.825 0
1389 0.875 0.825 0
1390 0.9 0.825 0
1391 0.925 0.825 0
1392 0.95 0.825 0
1393 0.975 0.825 0
1394 1 0.825 0
1395 0 0.85 0
1396 0.025 0.85 0
1397 0.05 0.85 0
1398 0.075 0.85 0
1399 0.1 0.85 0
1400 0.125 0.85 0
1401 0.15 0.85 0
1402 0.175 0.85 0
1403 0.2 0.85 0
1404 0.225 0.85 0
1405 0.25 0.85 0
1406 0.275 0.85 0
1407 0.3 0.85 0
1408 0.325 0.85 0
1409 0.35 0.85 0
1410 0.375 0.85 0
1411 0.4 0.85 0
1412 0.425 0.85 0
1413 0.45 0.85 0
1414 0.475 0.85 0
1415 0.5 0.85 0
1416 0.525 0.85 0
1417 0.55 0.85 0
1418 0.575 0.85 0
1419 0.6 0.85 0
1420 0.625 0.85 0
1421 0.65 0.85 0
1422 0.675 0.85 0
1423 0.7 0.85 0
1424 0.725 0.85 0
1425 0.75 0.85 0
1426 0.775 0.85 0
1427 0.8 0.85 0
1428 0.825 0.85 0
1429 0.85 0.85 0
1430 0.875 0.85 0
1431 0.9 0.85 0
1432 0.925 0.85 0
1433 0.95 0.85 0
1434 0.975 0.85 0
1435 1 0.85 0
1436 0 0.875 0
1437 0.025 0.875 0
1438 0.05 0.875 0
1439 0.075 0.875 0
1440 0.1 0.875 0
1441 0.125 0.875 0
1442 0.15 0.875 0
1443 0.175 0.875 0
1444 0.2 0.875 0
1445 0.225 0.875 0
1446 0.25 0.875 0
1447 0.275 0.875 0
1448 0.3 0.875 0
1449 0.325 0.875 0
1450 0.35 0.875 0
1451 0.375 0.875 0
1452 0.4 0.875 0
1453 0.425 0.875 0
1454 0.45 0.875 0
1455 0.475 0.875 0
1456 0.5 0.875 0
1457 0.525 0.875 0
1458 0.55 0.875 0
1459 0.575 0.875 0
1460 0.6 0.875 0
1461 0.625 0.875 0
1462 0.65 0.875 0
1463 0.675 0.875 0
1464 0.7 0.875 0
1465 0.725 0.875 0
1466 0.75 0.875 0
1467 0.775 0.875 0
1468 0.8 0.875 0
1469 0.825 0.875 0
1470 0.85 0.875 0
1471 0.875 0.875 0
1472 0.9 0.875 0
1473 0.925 0.875 0
1474 0.95 0.875 0
1475 0.975 0.875 0
1476 1 0.875 0
1477 0 0.9 0
1478 0.025 0.9 0
1479 0.05 0.9 0
1480 0.075 0.9 0
1481 0.1 0.9 0
1482 0.125 0.9 0
1483 0.15 0.9 0
1484 0.175 0.9 0
1485 0.2 0.9 0
1486 0.225 0.9 0
1487 0.25 0.9 0
1488 0.275 0.9 0
1489 0.3 0.9 0
1490 0.325 0.9 0
1491 0.35 0.9 0
1492 0.375 0.9 0
1493 0.4 0.9 0
1494 0.425 0.9 0
1495 0.45 0.9 0
1496 0.475 0.9 0
1497 0.5 0.9 0
1498 0.525 0.9 0
1499 0.55 0.9 0
1500 0.575 0.9 0
1501 0.6 0.9 0
1502 0.625 0.9 0
1503 0.65 0.9 0
1504 0.675 0.9 0
1505 0.7 0.9 0
1506 0.725 0.9 0
1507 0.75 0.9 0
1508 0.775 0.9 0
1509 0.8 0.9 0
1510 0.825 0.9 0
1511 0.85 0.9 0
1512 0.875 0.9 0
1513 0.9 0.9 0
1514 0.925 0.9 0
1515 0.95 0.9 0
1516 0.975 0.9 0
1517 1 0.9 0
1518 0 0.925 0
1519 0.025 0.925 0
1520 0.05 0.925 0
1521 0.075 0.925 0
1522 0.1 0.925 0
1523 0.125 0.925 0
1524 0.15 0.925 0
1525 0.175 0.925 0
1526 0.2 0.925 0
1527 0.225 0.925 0
1528 0.25 0.925 0
1529 0.275 0.925 0
1530 0.3 0.925 0
1531 0.325 0.925 0
1532 0.35 0.925 0
1533 0.375 0.925 0
1534 0.4 0.925 0
1535 0.425 0.925 0
1536 0.45 0.925 0
1537 0.475 0.925 0
1538 0.5 0.925 0
1539 0.525 0.925 0
1540 0.55 0.925 0
1541 0.575 0.925 0
1542 0.6 0.925 0
1543 0.625 0.925 0
1544 0.65 0.925 0
1545 0.675 0.925 0
1546 0.7 0.925 0
1547 0.725 0.925 0
1548 0.75 0.925 0
1549 0.775 0.925 0
1550 0.8 0.925 0
1551 0.825 0.925 0
1552 0.85 0.925 0
1553 0.875 0.925 0
1554 0.9 0.925 0
1555 0.925 0.925 0
1556 0.95 0.925 0
1557 0.975 0.925 0
1558 1 0.925 0
1559 0 0.95 0
1560 0.025 0.95 0
1561 0.05 0.95 0
1562 0.075 0.95 0
1563 0.1 0.95 0
1564 0.125 0.95 0
1565 0.15 0.95 0
1566 0.175 0.95 0
1567 0.2 0.95 0
1568 0.225 0.95 0
1569 0.25 0.95 0
1570 0.275 0.95 0
1571 0.3 0.95 0
1572 0.325 0.95 0
1573 0.35 0.95 0
1574 0.375 0.95 0
1575 0.4 0.95 0
1576 0.425 0.95 0
1577 0.45 0.95 0
1578 0.475 0.95 0
1579 0.5 0.95 0
1580 0.525 0.95 0
1581 0.55 0.95 0
1582 0.575 0.95 0
1583 0.6 0.95 0
1584 0.625 0.95 0
1585 0.65 0.95 0
1586 0.675 0.95 0
1587 0.7 0.95 0
1588 0.725 0.95 0
1589 0.75 0.95 0
1590 0.775 0.95 0
1591 0.8 0.95 0
1592 0.825 0.95 0
1593 0.85 0.95 0
1594 0.875 0.95 0
1595 0.9 0.95 0
1596 0.925 0.95 0
1597 0.95 0.95 0
1598 0.975 0.95 0
1599 1 0.95 0
1600 0 0.975 0
1601 0.025 0.975 0
1602 0.05 0.975 0
1603 0.075 0.975 0
1604 0.1 0.975 0
1605 0.125 0.975 0
1606 0.15 0.975 0
1607 0.175 0.975 0
1608 0.2 0.975 0
1609 0.225 0.975 0
1610 0.25 0.975 0
1611 0.275 0.975 0
1612 0.3 0.975 0
1613 0.325 0.975 0
1614 0.35 0.975 0
1615 0.375 0.975 0
1616 0.4 0.975 0
1617 0.425 0.975 0
1618 0.45 0.975 0
1619 0.475 0.975 0
1620 0.5 0.975 0
1621 0.525 0.975 0
1622 0.55 0.975 0
1623 0.575 0.975 0
1624 0.6 0.975 0
1625 0.625 0.975 0
1626 0.65 0.975 0
1627 0.675 0.975 0
1628 0.7 0.975 0
1629 0.725 0.975 0
1630 0.75 0.975 0
1631 0.775 0.975 0
1632 0.8 0.975 0
1633 0.825 0.975 0
1634 0.85 0.975 0
1635 0.875 0.975 0
1636 0.9 0.975 0
1637 0.925 0.975 0
1638 0.95 0.975 0
1639 0.975 0.975 0
1640 1 0.975 0
1641 0 1 0
1642 0.025 1 0
1643 0.05 1 0
1644 0.075 1 0
1645 0.1 1 0
1646 0.125 1 0
1647 0.15 1 0
1648 0.175 1 0
1649 0.2 1 0
1650 0.225 1 0
1651 0.25 1 0
1652 0.275 1 0
1653 0.3 1 0
1654 0.325 1 0
1655 0.35 1 0
1656 0.375 1 0
1657 0.4 1 0
1658 0.425 1 0
1659 0.45 1 0
1660 0.475 1 0
1661 0.5 1 0
1662 0.525 1 0
1663 0.55 1 0
1664 0.575 1 0
1665 0.6 1 0
1666 0.625 1 0
1667 0.65 1 0
1668 0.675 1 0
1669 0.7 1 0
1670 0.725 1 0
1671 0.75 1 0
1672 0.775 1 0
1673 0.8 1 0
1674 0.825 1 0
1675 0.85 1 0
1676 0.875 1 0
1677 0.9 1 0
1678 0.925 1 0
1679 0.95 1 0
1680 0.975 1 0
1681 1 1 0
1682 0 1.025 0
1683 0.025 1.025 0
1684 0.05 1.025 0
1685 0.075 1.025 0
1686 0.1 1.025 0
1687 0.125 1.025 0
1688 0.15 1.025 0
1689 0.175 1.025 0
1690 0.2 1.025 0
1691 0.225 1.025 0
1692 0.25 1.025 0
1693 0.275 1.025 0
1694 0.3 1.025 0
1695 0.325 1.025 0
1696 0.35 1.025 0
1697 0.375 1.025 0
1698 0.4 1.025 0
1699 0.425 1.025 0
1700 0.45 1.025 0
1701 0.475 1.025 0
1702 0.5 1.025 0
1703 0.525 1.025 0
1704 0.55 1.025 0
1705 0.575 1.025 0
1706 0.6 1.025 0
1707 0.625 1.025 0
1708 0.65 1.025 0
1709 0.675 1.025 0
1710 0.7 1.025 0
1711 0.725 1.025 0
1712 0.75 1.025 0
1713 0.775 1.025 0
1714 0.8 1.025 0
1715 0.825 1.025 0
1716 0.85 1.025 0
1717 0.875 1.025 0
1718 0.9 1.025 0
1719 0.925 1.025 0
1720 0.95 1.025 0
1721 0.975 1.025 0
1722 1 1.025 0
1723 0 1.05 0
1724 0.025 1.05 0
1725 0.05 1.05 0
1726 0.075 1.05 0
1727 0.1 1.05 0
1728 0.125 1.05 0
1729 0.15 1.05 0
1730 0.175 1.05 0
1731 0.2 1.05 0
1732 0.225 1.05 0
1733 0.25 1.05 0
1734 0.275 1.05 0
1735 0.3 1.05 0
1736 0.325 1.05 0
1737 0.35 1.05 0
1738 0.375 1.05 0
1739 0.4 1.05 0
1740 0.425 1.05 0
1741 0.45 1.05 0
1742 0.475 1.05 0
1743 0.5 1.05 0
1744 0.525 1.05 0
1745 0.55 1.05 0
1746 0.575 1.05 0
1747 0.6 1.05 0
1748 0.625 1.05 0
1749 0.65 1.05 0
1750 0.675 1.05 0
1751 0.7 1.05 0
1752 0.725 1.05 0
1753 0.75 1.05 0
1754 0.775 1.05 0
1755 0.8 1.05 0
1756 0.825 1.05 0
1757 0.85 1.05 0
1758 0.875 1.05 0
1759 0.9 1.05 0
1760 0.925 1.05 0
1761 0.95 1.05 0
1762 0.975 1.05 0
1763 1 1.05 0
1764 0 1.075 0
1765 0.025 1.075 0
1766 0.05 1.075 0
1767 0.075 1.075 0
1768 0.1 1.075 0
1769 0.125 1.075 0
1770 0.15 1.075 0
1771 0.175 1.075 0
1772 0.2 1.075 0
1773 0.225 1.075 0
1774 0.25 1.075 0
1775 0.275 1.075 0
1776 0.3 1.075 0
1777 0.325 1.075 0
1778 0.35 1.075 0
1779 0.375 1.075 0
1780 0.4 1.075 0
1781 0.425 1.075 0
1782 0.45 1.075 0
1783 0.475 1.075 0
1784 0.5 1.075 0
1785 0.525 1.075 0
1786 0.55 1.075 0
1787 0.575 1.075 0
1788 0.6 1.075 0
1789 0.625 1.075 0
1790 0.65 1.075 0
1791 0.675 1.075 0
1792 0.7 1.075 0
1793 0.725 1.075 0
1794 0.75 1.075 0
1795 0.775 1.075 0
1796 0.8 1.075 0
1797 0.825 1.075 0
1798 0.85 1.075 0
1799 0.875 1.075 0
1800 0.9 1.075 0
1801 0.925 1.075 0
1802 0.95 1.075 0
1803 0.975 1.075 0
1804 1 1.075 0
1805 0 1.1 0
1806 0.025 1.1 0
1807 0.05 1.1 0
1808 0.075 1.1 0
1809 0.1 1.1 0
1810 0.125 1.1 0
1811 0.15 1.1 0
1812 0.175 1.1 0
1813 0.2 1.1 0
1814 0.225 1.1 0
1815 0.25 1.1 0
1816 0.275 1.1 0
1817 0.3 1.1 0
1818 0.325 1.1 0
1819 0.35 1.1 0
1820 0.375 1.1 0
1821 0.4 1.1 0
1822 0.425 1.1 0
1823 0.45 1.1 0
1824 0.475 1.1 0
1825 0.5 1.1 0
1826 0.525 1.1 0
1827 0.55 1.1 0
1828 0.575 1.1 0
1829 0.6 1.1 0
1830 0.625 1.1 0
1831 0.65 1.1 0
1832 0.675 1.1 0
1833 0.7 1.1 0
1834 0.725 1.1 0
1835 0.75 1.1 0
1836 0.775 1.1 0
1837 0.8 1.1 0
1838 0.825 1.1 0
1839 0.85 1.1 0
1840 0.875 1.1 0
1841 0.9 1.1 0
1842 0.925 1.1 0
1843 0.95 1.1 0
1844 0.975 1.1 0
1845 1 1.1 0
1846 0 1.125 0
1847 0.025 1.125 0
1848 0.05 1.125 0
1849 0.075 1.125 0
1850 0.1 1.125 0
1851 0.125 1.125 0
1852 0.15 1.125 0
1853 0.175 1.125 0
1854 0.2 1.125 0
1855 0.225 1.125 0
1856 0.25 1.125 0
1857 0.275 1.125 0
1858 0.3 1.125 0
1859 0.325 1.125 0
1860 0.35 1.125 0
1861 0.375 1.125 0
1862 0.4 1.125 0
1863 0.425 1.125 0
1864 0.45 1.125 0
1865 0.475 1.125 0
1866 0.5 1.125 0
1867 0.525 1.125 0
1868 0.55 1.125 0
1869 0.575 1.125 0
1870 0.6 1.125 0
1871 0.625 1.125 0
1872 0.65 1.125 0
1873 0.675 1.125 0
1874 0.7 1.125 0
1875 0.725 1.125 0
1876 0.75 1.125 0
1877 0.775 1.125 0
1878 0.8 1.125 0
1879 0.825 1.125 0
1880 0.85 1.125 0
1881 0.875 1.125 0
1882 0.9 1.125 0
1883 0.925 1.125 0
1884 0.95 1.125 0
1885 0.975 1.125 0
1886 1 1.125 0
1887 0 1.15 0
1888 0.025 1.15 0
1889 0.05 1.15 0
1890 0.075 1.15 0
1891 0.1 1.15 0
1892 0.125 1.15 0
1893 0.15 1.15 0
1894 0.175 1.15 0
1895 0.2 1.15 0
1896 0.225 1.15 0
1897 0.25 1.15 0
1898 0.275 1.15 0
1899 0.3 1.15 0
1900 0.325 1.15 0
1901 0.35 1.15 0
1902 0.375 1.15 0
1903 0.4 1.15 0
1904 0.425 1.15 0
1905 0.45 1.15 0
1906 0.475 1.15 0
1907 0.5 1.15 0
1908 0.525 1.15 0
1909 0.55 1.15 0
1910 0.575 1.15 0
1911 0.6 1.15 0
1912 0.625 1.15 0
1913 0.65 1.15 0
1914 0.675 1.15 0
1915 0.7 1.15 0
1916 0.725 1.15 0
1917 0.75 1.15 0
1918 0.775 1.15 0
1919 0.8 1.15 0
1920 0.825 1.15 0
1921 0.85 1.15 0
1922 0.875 1.15 0
1923 0.9 1.15 0
1924 0.925 1.15 0
1925 0.95 1.15 0
1926 0.975 1.15 0
1927 1 1.15 0
1928 0 1.175 0
1929 0.025 1.175 0
1930 0.05 1.175 0
1931 0.075 1.175 0
1932 0.1 1.175 0
1933 0.125 1.175 0
1934 0.15 1.175 0
1935 0.175 1.175 0
1936 0.2 1.175 0
1937 0.225 1.175 0
1938 0.25 1.175 0
1939 0.275 1.175 0
1940 0.3 1.175 0
1941 0.325 1.175 0
1942 0.35 1.175 0
1943 0.375 1.175 0
1944 0.4 1.175 0
1945 0.425 1.175 0
1946 0.45 1.175 0
1947 0.475 1.175 0
1948 0.5 1.175 0
1949 0.525 1.175 0
1950 0.55 1.175 0
1951 0.575 1.175 0
1952 0.6 1.175 0
1953 0.625 1.175 0
1954 0.65 1.175 0
1955 0.675 1.175 0
1956 0.7 1.175 0
1957 0.725 1.175 0
1958 0.75 1.175 0
1959 0.775 1.175 0
1960 0.8 1.175 0
1961 0.825 1.175 0
1962 0.85 1.175 0
1963 0.875 1.175 0
1964 0.9 1.175 0
1965 0.925 1.175 0
1966 0.95 1.175 0
1967 0.975 1.175 0
1968 1 1.175 0
1969 0 1.2 0
1970 0.025 1.2 0
1971 0.05 1.2 0
1972 0.075 1.2 0
1973 0.1 1.2 0
1974 0.125 1.2 0
1975 0.15 1.2 0
1976 0.175 1.2 0
1977 0.2 1.2 0
1978 0.225 1.2 0
1979 0.25 1.2 0
1980 0.275 1.2 0
1981 0.3 1.2 0
1982 0.325 1.2 0
1983 0.35 1.2 0
1984 0.375 1.2 0
1985 0.4 1.2 0
1986 0.425 1.2 0
1987 0.45 1.2 0
1988 0.475 1.2 0
1989 0.5 1.2 0
1990 0.525 1.2 0
1991 0.55 1.2 0
1992 0.575 1.2 0
1993 0.6 1.2 0
1994 0.625 1.2 0
1995 0.65 1.2 0
1996 0.675 1.2 0
1997 0.7 1.2 0
1998 0.725 1.2 0
1999 0.75 1.2 0
2000 0.775 1.2 0
2001 0.8 1.2 0
2002 0.825 1.2 0
2003 0.85 1.2 0
2004 0.875 1.2 0
2005 0.9 1.2 0
2006 0.925 1.2 0
2007 0.95 1.2 0
2008 0.975 1.2 0
2009 1 1.2 0
2010 0 1.225 0
2011 0.025 1.225 0
2012 0.05 1.225 0
2013 0.075 1.225 0
2014 0.1 1.225 0
2015 0.125 1.225 0
2016 0.15 1.225 0
2017 0.175 1.225 0
2018 0.2 1.225 0
2019 0.225 1.225 0
2020 0.25 1.225 0
2021 0.275 1.225 0
2022 0.3 1.225 0
2023 0.325 1.225 0
2024 0.35 1.225 0
2025 0.375 1.225 0
2026 0.4 1.225 0
2027 0.425 1.225 0
2028 0.45 1.225 0
2029 0.475 1.225 0
2030 0.5 1.225 0
2031 0.525 1.225 0
2032 0.55 1.225 0
2033 0.575 1.225 0
2034 0.6 1.225 0
2035 0.625 1.225 0
2036 0.65 1.225 0
2037 0.675 1.225 0
2038 0.7 1.225 0
2039 0.725 1.225 0
2040 0.75 1.225 0
2041 0.775 1.225 0
2042 0.8 1.225 0
2043 0.825 1.225 0
2044 0.85 1.225 0
2045 0.875 1.225 0
2046 0.9 1.225 0
2047 0.925 1.225 0
2048 0.95 1.225 0
2049 0.975 1.225 0
2050 1 1.225 0
2051 0 1.25 0
2052 0.025 1.25 0
2053 0.05 1.25 0
2054 0.075 1.25 0
2055 0.1 1.25 0
2056 0.125 1.25 0
2057 0.15 1.25 0
2058 0.175 1.25 0
2059 0.2 1.25 0
2060 0.225 1.25 0
2061 0.25 1.25 0
2062 0.275 1.25 0
2063 0.3 1.25 0
2064 0.325 1.25 0
2065 0.35 1.25 0
2066 0.375 1.25 0
2067 0.4 1.25 0
2068 0.425 1.25 0
2069 0.45 1.25 0
2070 0.475 1.25 0
2071 0.5 1.25 0
2072 0.525 1.25 0
2073 0.55 1.25 0
2074 0.575 1.25 0
2075 0.6 1.25 0
2076 0.625 1.25 0
2077 0.65 1.25 0
2078 0.675 1.25 0
2079 0.7 1.25 0
2080 0.725 1.25 0
2081 0.75 1.25 0
2082 0.775 1.25 0
2083 0.8 1.25 0
2084 0.825 1.25 0
2085 0.85 1.25 0
2086 0.875 1.25 0
2087 0.9 1.25 0
2088 0.925 1.25 0
2089 0.95 1.25 0
2090 0.975 1.25 0
2091 1 1.25 0
2092 0 1.275 0
2093 0.025 1.275 0
2094 0.05 1.275 0
2095 0.075 1.275 0
2096 0.1 1.275 0
2097 0.125 1.275 0
2098 0.15 1.275 0
2099 0.175 1.275 0
2100 0.2 1.275 0
2101 0.225 1.275 0
2102 0.25 1.275 0
2103 0.275 1.275 0
2104 0.3 1.275 0
2105 0.325 1.275 0
2106 0.35 1.275 0
2107 0.375 1.275 0
2108 0.4 1.275 0
2109 0.425 1.275 0
2110 0.45 1.275 0
2111 0.475 1.275 0
2112 0.5 1.275 0
2113 0.525 1.275 0
2114 0.55 1.275 0
2115 0.575 1.275 0
2116 0.6 1.275 0
2117 0.625 1.275 0
2118 0.65 1.275 0
2119 0.675 1.275 0
2120 0.7 1.275 0
2121 0.725 1.275 0
2122 0.75 1.275 0
2123 0.775 1.275 0
2124 0.8 1.275 0
2125 0.825 1.275 0
2126 0.85 1.275 0
2127 0.875 1.275 0
2128 0.9 1.275 0
2129 0.925 1.275 0
2130 0.95 1.275 0
2131 0.975 1.275 0
2132 1 1.275 0
2133 0 1.3 0
2134 0.025 1.3 0
2135 0.05 1.3 0
2136 0.075 1.3 0
2137 0.1 1.3 0
2138 0.125 1.3 0
2139 0.15 1.3 0
2140 0.175 1.3 0
2141 0.2 1.3 0
2142 0.225 1.3 0
2143 0.25 1.3 0
2144 0.275 1.3 0
2145 0.3 1.3 0
2146 0.325 1.3 0
2147 0.35 1.3 0
2148 0.375 1.3 0
2149 0.4 1.3 0
2150 0.425 1.3 0
2151 0.45 1.3 0
2152 0.475 1.3 0
2153 0.5 1.3 0
2154 0.525 1.3 0
2155 0.55 1.3 0
2156 0.575 1.3 0
2157 0.6 1.3 0
2158 0.625 1.3 0
2159 0.65 1.3 0
2160 0.675 1.3 0
2161 0.7 1.3 0
2162 0.725 1.3 0
2163 0.75 1.3 0
2164 0.775 1.3 0
2165 0.8 1.3 0
2166 0.825 1.3 0
2167 0.85 1.3 0
2168 0.875 1.3 0
2169 0.9 1.3 0
2170 0.925 1.3 0
2171 0.95 1.3 0
2172 0.975 1.3 0
2173 1 1.3 0
2174 0 1.325 0
2175 0.025 1.325 0
2176 0.05 1.325 0
2177 0.075 1.325 0
2178 0.1 1.325 0
2179 0.125 1.325 0
2180 0.15 1.325 0
2181 0.175 1.325 0
2182 0.2 1.325 0
2183 0.225 1.325 0
2184 0.25 1.325 0
2185 0.275 1.325 0
2186 0.3 1.325 0
2187 0.325 1.325 0
2188 0.35 1.325 0
2189 0.375 1.325 0
2190 0.4 1.325 0
2191 0.425 1.325 0
2192 0.45 1.325 0
2193 0.475 1.325 0
2194 0.5 1.325 0
2195 0.525 1.325 0
2196 0.55 1.325 0
2197 0.575 1.325 0
2198 0.6 1.325 0
2199 0.625 1.325 0
2200 0.65 1.325 0
2201 0.675 1.325 0
2202 0.7 1.325 0
2203 0.725 1.325 0
2204 0.75 1.325 0
2205 0.775 1.325 0
2206 0.8 1.325 0
2207 0.825 1.325 0
2208 0.85 1.325 0
2209 0.875 1.325 0
2210 0.9 1.325 0
2211 0.925 1.325 0
2212 0.95 1.325 0
2213 0.975 1.325 0
2214 1 1.325 0
2215 0 1.35 0
2216 0.025 1.35 0
2217 0.05 1.35 0
2218 0.075 1.35 0
2219 0.1 1.35 0
2220 0.125 1.35 0
2221 0.15 1.35 0
2222 0.175 1.35 0
2223 0.2 1.35 0
2224 0.225 1.35 0
2225 0.25 1.35 0
2226 0.275 1.35 0
2227 0.3 1.35 0
2228 0.325 1.35 0
2229 0.35 1.35 0
2230 0.375 1.35 0
2231 0.4 1.35 0
2232 0.425 1.35 0
2233 0.45 1.35 0
2234 0.475 1.35 0
2235 0.5 1.35 0
2236 0.525 1.35 0
2237 0.55 1.35 0
2238 0.575 1.35 0
2239 0.6 1.35 0
2240 0.625 1.35 0
2241 0.65 1.35 0
2242 0.675 1.35 0
2243 0.7 1.35 0
2244 0.725 1.35 0
2245 0.75 1.35 0
2246 0.775 1.35 0
2247 0.8 1.35 0
2248 0.825 1.35 0
2249 0.85 1.35 0
2250 0.875 1.35 0
2251 0.9 1.35 0
2252 0.925 1.35 0
2253 0.95 1.35 0
2254 0.975 1.35 0
2255 1 1.35 0
2256 0 1.375 0
2257 0.025 1.375 0
2258 0.05 1.375 0
2259 0.075 1.375 0
2260 0.1 1.375 0
2261 0.125 1.375 0
2262 0.15 1.375 0
2263 0.175 1.375 0
2264 0.2 1.375 0
2265 0.225 1.375 0
2266 0.25 1.375 0
2267 0.275 1.375 0
2268 0.3 1.375 0
2269 0.325 1.375 0
2270 0.35 1.375 0
2271 0.375 1.375 0
2272 0.4 1.375 0
2273 0.425 1.375 0
2274 0.45 1.375 0
2275 0.475 1.375 0
2276 0.5 1.375 0
2277 0.525 1.375 0
2278 0.55 1.375 0
2279 0.575 1.375 0
2280 0.6 1.375 0
2281 0.625 1.375 0
2282 0.65 1.375 0
2283 0.675 1.375 0
2284 0.7 1.375 0
2285 0.725 1.375 0
2286 0.75 1.375 0
2287 0.775 1.375 0
2288 0.8 1.375 0
2289 0.825 1.375 0
2290 0.85 1.375 0
2291 0.875 1.375 0
2292 0.9 1.375 0
2293 0.925 1.375 0
2294 0.95 1.375 0
2295 0.975 1.375 0
2296 1 1.375 0
2297 0 1.4 0
2298 0.025 1.4 0
2299 0.05 1.4 0
2300 0.075 1.4 0
2301 0.1 1.4 0
2302 0.125 1.4 0
2303 0.15 1.4 0
2304 0.175 1.4 0
2305 0.2 1.4 0
2306 0.225 1.4 0
2307 0.25 1.4 0
2308 0.275 1.4 0
2309 0.3 1.4 0
2310 0.325 1.4 0
2311 0.35 1.4 0
2312 0.375 1.4 0
2313 0.4 1.4 0
2314 0.425 1.4 0
2315 0.45 1.4 0
2316 0.475 1.4 0
2317 0.5 1.4 0
2318 0.525 1.4 0
2319 0.55 1.4 0
2320 0.575 1.4 0
2321 0.6 1.4 0
2322 0.625 1.4 0
2323 0.65 1.4 0
2324 0.675 1.4 0
2325 0.7 1.4 0
2326 0.725 1.4 0
2327 0.75 1.4 0
2328 0.775 1.4 0
2329 0.8 1.4 0
2330 0.825 1.4 0
2331 0.85 1.4 0
2332 0.875 1.4 0
2333 0.9 1.4 0
2334 0.925 1.4 0
2335 0.95 1.4 0
2336 0.975 1.4 0
2337 1 1.4 0
2338 0 1.425 0
2339 0.025 1.425 0
2340 0.05 1.425 0
2341 0.075 1.425 0
2342 0.1 1.425 0
2343 0.125 1.425 0
2344 0.15 1.425 0
2345 0.175 1.425 0
2346 0.2 1.425 0
2347 0.225 1.425 0
2348 0.25 1.425 0
2349 0.275 1.425 0
2350 0.3 1.425 0
2351 0.325 1.425 0
2352 0.35 1.425 0
2353 0.375 1.425 0
2354 0.4 1.425 0
2355 0.425 1.425 0
2356 0.45 1.425 0
2357 0.475 1.425 0
2358 0.5 1.425 0
2359 0.525 1.425 0
2360 0.55 1.425 0
2361 0.575 1.425 0
2362 0.6 1.425 0
2363 0.625 1.425 0
2364 0.65 1.425 0
2365 0.675 1.425 0
2366 0.7 1.425 0
2367 0.725 1.425 0
2368 0.75 1.425 0
2369 0.775 1.425 0
2370 0.8 1.425 0
2371 0.825 1.425 0
2372 0.85 1.425 0
2373 0.875 1.425 0
2374 0.9 1.425 0
2375 0.925 1.425 0
2376 0.95 1.425 0
2377 0.975 1.425 0
2378 1 1.425 0
2379 0 1.45 0
2380 0.025 1.45 0
2381 0.05 1.45 0
2382 0.075 1.45 0
2383 0.1 1.45 0
2384 0.125 1.45 0
2385 0.15 1.45 0
2386 0.175 1.45 0
2387 0.2 1.45 0
2388 0.225 1.45 0
2389 0.25 1.45 0
2390 0.275 1.45 0
2391 0.3 1.45 0
2392 0.325 1.45 0
2393 0.35 1.45 0
2394 0.375 1.45 0
2395 0.4 1.45 0
2396 0.425 1.45 0
2397 0.45 1.45 0
2398 0.475 1.45 0
2399 0.5 1.45 0
2400 0.525 1.45 0
2401 0.55 1.45 0
2402 0.575 1.45 0
2403 0.6 1.45 0
2404 0.625 1.45 0
2405 0.65 1.45 0
2406 0.675 1.45 0
2407 0.7 1.45 0
2408 0.725 1.45 0
2409 0.75 1.45 0
2410 0.775 1.45 0
2411 0.8 1.45 0
2412 0.825 1.45 0
2413 0.85 1.45 0
2414 0.875 1.45 0
2415 0.9 1.45 0
2416 0.925 1.45 0
2417 0.95 1.45 0
2418 0.975 1.45 0
2419 1 1.45 0
2420 0 1.475 0
2421 0.025 1.475 0
2422 0.05 1.475 0
2423 0.075 1.475 0
2424 0.1 1.475 0
2425 0.125 1.475 0
2426 0.15 1.475 0
2427 0.175 1.475 0
2428 0.2 1.475 0
2429 0.225 1.475 0
2430 0.25 1.475 0
2431 0.275 1.475 0
2432 0.3 1.475 0
2433 0.325 1.475 0
2434 0.35 1.475 0
2435 0.375 1.475 0
2436 0.4 1.475 0
2437 0.425 1.475 0
2438 0.45 1.475 0
2439 0.475 1.475 0
2440 0.5 1.475 0
2441 0.525 1.475 0
2442 0.55 1.475 0
2443 0.575 1.475 0
2444 0.6 1.475 0
2445 0.625 1.475 0
2446 0.65 1.475 0
2447 0.675 1.475 0
2448 0.7 1.475 0
2449 0.725 1.475 0
2450 0.75 1.475 0
2451 0.775 1.475 0
2452 0.8 1.475 0
2453 0.825 1.475 0
2454 0.85 1.475 0
2455 0.875 1.475 0
2456 0.9 1.475 0
2457 0.925 1.475 0
2458 0.95 1.475 0
2459 0.975 1.475 0
2460 1 1.475 0
2461 0 1.5 0
2462 0.025 1.5 0
2463 0.05 1.5 0
2464 0.075 1.5 0
2465 0.1 1.5 0
2466 0.125 1.5 0
2467 0.15 1.5 0
2468 0.175 1.5 0
2469 0.2 1.5 0
2470 0.225 1.5 0
2471 0.25 1.5 0
2472 0.275 1.5 0
2473 0.3 1.5 0
2474 0.325 1.5 0
2475 0.35 1.5 0
2476 0.375 1.5 0
2477 0.4 1.5 0
2478 0.425 1.5 0
2479 0.45 1.5 0
2480 0.475 1.5 0
2481 0.5 1.5 0
2482 0.525 1.5 0
2483 0.55 1.5 0
2484 0.575 1.5 0
2485 0.6 1.5 0
2486 0.625 1.5 0
2487 0.65 1.5 0
2488 0.675 1.5 0
2489 0.7 1.5 0
2490 0.725 1.5 0
2491 0.75 1.5 0
2492 0.775 1.5 0
2493 0.8 1.5 0
2494 0.825 1.5 0
2495 0.85 1.5 0
2496 0.875 1.5 0
2497 0.9 1.5 0
2498 0.925 1.5 0
2499 0.95 1.5 0
2500 0.975 1.5 0
2501 1 1.5 0
2502 0 1.525 0
2503 0.025 1.525 0
2504 0.05 1.525 0
2505 0.075 1.525 0
2506 0.1 1.525 0
2507 0.125 1.525 0
2508 0.15 1.525 0
2509 0.175 1.525 0
2510 0.2 1.525 0
2511 0.225 1.525 0
2512 0.25 1.525 0
2513 0.275 1.525 0
2514 0.3 1.525 0
2515 0.325 1.525 0
2516 0.35 1.525 0
2517 0.375 1.525 0
2518 0.4 1.525 0
2519 0.425 1.525 0
2520 0.45 1.525 0
2521 0.475 1.525 0
2522 0.5 1.525 0
2523 0.525 1.525 0
2524 0.55 1.525 0
2525 0.575 1.525 0
2526 0.6 1.525 0
2527 0.625 1.525 0
2528 0.65 1.525 0
2529 0.675 1.525 0
2530 0.7 1.525 0
2531 0.725 1.525 0
2532 0.75 1.525 0
2533 0.775 1.525 0
2534 0.8 1.525 0
2535 0.825 1.525 0
2536 0.85 1.525 0
2537 0.875 1.525 0
2538 0.9 1.525 0
2539 0.925 1.525 0
2540 0.95 1.525 0
2541 0.975 1.525 0
2542 1 1.525 0
2543 0 1.55 0
2544 0.025 1.55 0
2545 0.05 1.55 0
2546 0.075 1.55 0
2547 0.1 1.55 0
2548 0.125 1.55 0
2549 0.15 1.55 0
2550 0.175 1.55 0
2551 0.2 1.55 0
2552 0.225 1.55 0
2553 0.25 1.55 0
2554 0.275 1.55 0
2555 0.3 1.55 0
2556 0.325 1.55 0
2557 0.35 1.55 0
2558 0.375 1.55 0
2559 0.4 1.55 0
2560 0.425 1.55 0
2561 0.45 1.55 0
2562 0.475 1.55 0
2563 0.5 1.55 0
2564 0.525 1.55 0
2565 0.55 1.55 0
2566 0.575 1.55 0
2567 0.6 1.55 0
2568 0.625 1.55 0
2569 0.65 1.55 0
2570 0.675 1.55 0
2571 0.7 1.55 0
2572 0.725 1.55 0
2573 0.75 1.55 0
2574 0.775 1.55 0
2575 0.8 1.55 0
2576 0.825 1.55 0
2577 0.85 1.55 0
2578 0.875 1.55 0
2579 0.9 1.55 0
2580 0.925 1.55 0
2581 0.95 1.55 0
2582 0.975 1.55 0
2583 1 1.55 0
2584 0 1.575 0
2585 0.025 1.575 0
2586 0.05 1.575 0
2587 0.075 1.575 0
2588 0.1 1.575 0
2589 0.125 1.575 0
2590 0.15 1.575 0
2591 0.175 1.575 0
2592 0.2 1.575 0
2593 0.225 1.575 0
2594 0.25 1.575 0
2595 0.275 1.575 0
2596 0.3 1.575 0
2597 0.325 1.575 0
2598 0.35 1.575 0
2599 0.375 1.575 0
2600 0.4 1.575 0
2601 0.425 1.575 0
2602 0.45 1.575 0
2603 0.475 1.575 0
2604 0.5 1.575 0
2605 0.525 1.575 0
2606 0.55 1.575 0
2607 0.575 1.575 0
2608 0.6 1.575 0
2609 0.625 1.575 0
2610 0.65 1.575 0
2611 0.675 1.575 0
2612 0.7 1.575 0
2613 0.725 1.575 0
2614 0.75 1.575 0
2615 0.775 1.575 0
2616 0.8 1.575 0
2617 0.825 1.575 0
2618 0.85 1.575 0
2619 0.875 1.575 0
2620 0.9 1.575 0
2621 0.925 1.575 0
2622 0.95 1.575 0
2623 0.975 1.575 0
2624 1 1.575 0
2625 0 1.6 0
2626 0.025 1.6 0
2627 0.05 1.6 0
2628 0.075 1.6 0
2629 0.1 1.6 0
2630 0.125 1.6 0
2631 0.15 1.6 0
2632 0.175 1.6 0
2633 0.2 1.6 0
2634 0.225 1.6 0
2635 0.25 1.6 0
2636 0.275 1.6 0
2637 0.3 1.6 0
2638 0.325 1.6 0
2639 0.35 1.6 0
2640 0.375 1.6 0
2641 0.4 1.6 0
2642 0.425 1.6 0
2643 0.45 1.6 0
2644 0.475 1.6 0
2645 0.5 1.6 0
2646 0.525 1.6 0
2647 0.55 1.6 0
2648 0.575 1.6 0
2649 0.6 1.6 0
2650 0.625 1.6 0
2651 0.65 1.6 0
2652 0.675 1.6 0
2653 0.7 1.6 0
2654 0.725 1.6 0
2655 0.75 1.6 0
2656 0.775 1.6 0
2657 0.8 1.6 0
2658 0.825 1.6 0
2659 0.85 1.6 0
2660 0.875 1.6 0
2661 0.9 1.6 0
2662 0.925 1.6 0
2663 0.95 1.6 0
2664 0.975 1.6 0
2665 1 1.6 0
2666 0 1.625 0
2667 0.025 1.625 0
2668 0.05 1.625 0
2669 0.075 1.625 0
2670 0.1 1.625 0
2671 0.125 1.625 0
2672 0.15 1.625 0
2673 0.175 1.625 0
2674 0.2 1.625 0
2675 0.225 1.625 0
2676 0.25 1.625 0
2677 0.275 1.625 0
2678 0.3 1.625 0
2679 0.325 1.625 0
2680 0.35 1.625 0
2681 0.375 1.625 0
2682 0.4 1.625 0
2683 0.425 1.625 0
2684 0.45 1.625 0
2685 0.475 1.625 0
2686 0.5 1.625 0
2687 0.525 1.625 0
2688 0.55 1.625 0
2689 0.575 1.625 0
2690 0.6 1.625 0
2691 0.625 1.625 0
2692 0.65 1.625 0
2693 0.675 1.625 0
2694 0.7 1.625 0
2695 0.725 1.625 0
2696 0.75 1.625 0
2697 0.775 1.625 0
2698 0.8 1.625 0
2699 0.825 1.625 0
2700 0.85 1.625 0
2701 0.875 1.625 0
2702 0.9 1.625 0
2703 0.925 1.625 0
2704 0.95 1.625 0
2705 0.975 1.625 0
2706 1 1.625 0
2707 0 1.65 0
2708 0.025 1.65 0
2709 0.05 1.65 0
2710 0.075 1.65 0
2711 0.1 1.65 0
2712 0.125 1.65 0
2713 0.15 1.65 0
2714 0.175 1.65 0
2715 0.2 1.65 0
2716 0.225 1.65 0
2717 0.25 1.65 0
2718 0.275 1.65 0
2719 0.3 1.65 0
2720 0.325 1.65 0
2721 0.35 1.65 0
2722 0.375 1.65 0
2723 0.4 1.65 0
2724 0.425 1.65 0
2725 0.45 1.65 0
2726 0.475 1.65 0
2727 0.5 1.65 0
2728 0.525 1.65 0
2729 0.55 1.65 0
2730 0.575 1.65 0
2731 0.6 1.65 0
2732 0.625 1.65 0
2733 0.65 1.65 0
2734 0.675 1.65 0
2735 0.7 1.65 0
2736 0.725 1.65 0
2737 0.75 1.65 0
2738 0.775 1.65 0
2739 0.8 1.65 0
2740 0.825 1.65 0
2741 0.85 1.65 0
2742 0.875 1.65 0
2743 0.9 1.65 0
2744 0.925 1.65 0
2745 0.95 1.65 0
2746 0.975 1.65 0
2747 1 1.65 0
2748 0 1.675 0
2749 0.025 1.675 0
2750 0.05 1.675 0
2751 0.075 1.675 0
2752 0.1 1.675 0
2753 0.125 1.675 0
2754 0.15 1.675 0
2755 0.175 1.675 0
2756 0.2 1.675 0
2757 0.225 1.675 0
2758 0.25 1.675 0
2759 0.275 1.675 0
2760 0.3 1.675 0
2761 0.325 1.675 0
2762 0.35 1.675 0
2763 0.375 1.675 0
2764 0.4 1.675 0
2765 0.425 1.675 0
2766 0.45 1.675 0
2767 0.475 1.675 0
2768 0.5 1.675 0
2769 0.525 1.675 0
2770 0.55 1.675 0
2771 0.575 1.675 0
2772 0.6 1.675 0
2773 0.625 1.675 0
2774 0.65 1.675 0
2775 0.675 1.675 0
2776 0.7 1.675 0
2777 0.725 1.675 0
2778 0.75 1.675 0
2779 0.775 1.675 0
2780 0.8 1.675 0
2781 0.825 1.675 0
2782 0.85 1.675 0
2783 0.875 1.675 0
2784 0.9 1.675 0
2785 0.925 1.675 0
2786 0.95 1.675 0
2787 0.975 1.675 0
2788 1 1.675 0
2789 0 1.7 0
2790 0.025 1.7 0
2791 0.05 1.7 0
2792 0.075 1.7 0
2793 0.1 1.7 0
2794 0.125 1.7 0
2795 0.15 1.7 0
2796 0.175 1.7 0
2797 0.2 1.7 0
2798 0.225 1.7 0
2799 0.25 1.7 0
2800 0.275 1.7 0
2801 0.3 1.7 0
2802 0.325 1.7 0
2803 0.35 1.7 0
2804 0.375 1.7 0
2805 0.4 1.7 0
2806 0.425 1.7 0
2807 0.45 1.7 0
2808 0.475 1.7 0
2809 0.5 1.7 0
2810 0.525 1.7 0
2811 0.55 1.7 0
2812 0.575 1.7 0
2813 0.6 1.7 0
2814 0.625 1.7 0
2815 0.65 1.7 0
2816 0.675 1.7 0
2817 0.7 1.7 0
2818 0.725 1.7 0
2819 0.75 1.7 0
2820 0.775 1.7 0
2821 0.8 1.7 0
2822 0.825 1.7 0
2823 0.85 1.7 0
2824 0.875 1.7 0
2825 0.9 1.7 0
2826 0.925 1.7 0
2827 0.95 1.7 0
2828 0.975 1.7 0
2829 1 1.7 0
2830 0 1.725 0
2831 0.025 1.725 0
2832 0.05 1.725 0
2833 0.075 1.725 0
2834 0.1 1.725 0
2835 0.125 1.725 0
2836 0.15 1.725 0
2837 0.175 1.725 0
2838 0.2 1.725 0
2839 0.225 1.725 0
2840 0.25 1.725 0
2841 0.275 1.725 0
2842 0.3 1.725 0
2843 0.325 1.725 0
2844 0.35 1.725 0
2845 0.375 1.725 0
2846 0.4 1.725 0
2847 0.425 1.725 0
2848 0.45 1.725 0
2849 0.475 1.725 0
2850 0.5 1.725 0
2851 0.525 1.725 0
2852 0.55 1.725 0
2853 0.575 1.725 0
2854 0.6 1.725 0
2855 0.625 1.725 0
2856 0.65 1.725 0
2857 0.675 1.725 0
2858 0.7 1.725 0
2859 0.725 1.725 0
2860 0.75 1.725 0
2861 0.775 1.725 0
2862 0.8 1.725 0
2863 0.825 1.725 0
2864 0.85 1.725 0
2865 0.875 1.725 0
2866 0.9 1.725 0
2867 0.925 1.725 0
2868 0.95 1.725 0
2869 0.975 1.725 0
2870 1 1.725 0
2871 0 1.75 0
2872 0.025 1.75 0
2873 0.05 1.75 0
2874 0.075 1.75 0
2875 0.1 1.75 0
2876 0.125 1.75 0
2877 0.15 1.75 0
2878 0.175 1.75 0
2879 0.2 1.75 0
2880 0.225 1.75 0
2881 0.25 1.75 0
2882 0.275 1.75 0
2883 0.3 1.75 0
2884 0.325 1.75 0
2885 0.35 1.75 0
2886 0.375 1.75 0
2887 0.4 1.75 0
2888 0.425 1.75 0
2889 0.45 1.75 0
2890 0.475 1.75 0
2891 0.5 1.75 0
2892 0.525 1.75 0
2893 0.55 1.75 0
2894 0.575 1.75 0
2895 0.6 1.75 0
2896 0.625 1.75 0
2897 0.65 1.75 0
2898 0.675 1.75 0
2899 0.7 1.75 0
2900 0.725 1.75 0
2901 0.75 1.75 0
2902 0.775 1.75 0
2903 0.8 1.75 0
2904 0.825 1.75 0
2905 0.85 1.75 0
2906 0.875 1.75 0
2907 0.9 1.75 0
2908 0.925 1.75 0
2909 0.95 1.75 0
2910 0.975 1.75 0
2911 1 1.75 0
2912 0 1.775 0
2913 0.025 1.775 0
2914 0.05 1.775 0
2915 0.075 1.775 0
2916 0.1 1.775 0
2917 0.125 1.775 0
2918 0.15 1.775 0
2919 0.175 1.775 0
2920 0.2 1.775 0
2921 0.225 1.775 0
2922 0.25 1.775 0
2923 0.275 1.775 0
2924 0.3 1.775 0
2925 0.325 1.775 0
2926 0.35 1.775 0
2927 0.375 1.775 0
2928 0.4 1.775 0
2929 0.425 1.775 0
2930 0.45 1.775 0
2931 0.475 1.775 0
2932 0.5 1.775 0
2933 0.525 1.775 0
2934 0.55 1.775 0
2935 0.575 1.775 0
2936 0.6 1.775 0
2937 0.625 1.775 0
2938 0.65 1.775 0
2939 0.675 1.775 0
2940 0.7 1.775 0
2941 0.725 1.775 0
2942 0.75 1.775 0
2943 0.775 1.775 0
2944 0.8 1.775 0
2945 0.825 1.775 0
2946 0.85 1.775 0
2947 0.875 1.775 0
2948 0.9 1.775 0
2949 0.925 1.775 0
2950 0.95 1.775 0
2951 0.975 1.775 0
2952 1 1.775 0
2953 0 1.8 0
2954 0.025 1.8 0
2955 0.05 1.8 0
2956 0.075 1.8 0
2957 0.1 1.8 0
2958 0.125 1.8 0
2959 0.15 1.8 0
2960 0.175 1.8 0
2961 0.2 1.8 0
2962 0.225 1.8 0
2963 0.25 1.8 0
2964 0.275 1.8 0
2965 0.3 1.8 0
2966 0.325 1.8 0
2967 0.35 1.8 0
2968 0.375 1.8 0
2969 0.4 1.8 0
2970 0.425 1.8 0
2971 0.45 1.8 0
2972 0.475 1.8 0
2973 0.5 1.8 0
2974 0.525 1.8 0
2975 0.55 1.8 0
2976 0.575 1.8 0
2977 0.6 1.8 0
2978 0.625 1.8 0
2979 0.65 1.8 0
2980 0.675 1.8 0
2981 0.7 1.8 0
2982 0.725 1.8 0
2983 0.75 1.8 0
2984 0.775 1.8 0
2985 0.8 1.8 0
2986 0.825 1.8 0
2987 0.85 1.8 0
2988 0.875 1.8 0
2989 0.9 1.8 0
2990 0.925 1.8 0
2991 0.95 1.8 0
2992 0.975 1.8 0
2993 1 1.8 0
2994 0 1.825 0
2995 0.025 1.825 0
2996 0.05 1.825 0
2997 0.075 1.825 0
2998 0.1 1.825 0
2999 0.125 1.825 0
3000 0.15 1.825 0
3001 0.175 1.825 0
3002 0.2 1.825 0
3003 0.225 1.825 0
3004 0.25 1.825 0
3005 0.275 1.825 0
3006 0.3 1.825 0
3007 0.325 1.825 0
3008 0.35 1.825 0
3009 0.375 1.825 0
3010 0.4 1.825 0
3011 0.425 1.825 0
3012 0.45 1.825 0
3013 0.475 1.825 0
3014 0.5 1.825 0
3015 0.525 1.825 0
3016 0.55 1.825 0
3017 0.575 1.825 0
3018 0.6 1.825 0
3019 0.625 1.825 0
3020 0.65 1.825 0
3021 0.675 1.825 0
3022 0.7 1.825 0
3023 0.725 1.825 0
3024 0.75 1.825 0
3025 0.775 1.825 0
3026 0.8 1.825 0
3027 0.825 1.825 0
3028 0.85 1.825 0
3029 0.875 1.825 0
3030 0.9 1.825 0
3031 0.925 1.825 0
3032 0.95 1.825 0
3033 0.975 1.825 0
3034 1 1.825 0
3035 0 1.85 0
3036 0.025 1.85 0
3037 0.05 1.85 0
3038 0.075 1.85 0
3039 0.1 1.85 0
3040 0.125 1.85 0
3041 0.15 1.85 0
3042 0.175 1.85 0
3043 0.2 1.85 0
3044 0.225 1.85 0
3045 0.25 1.85 0
3046 0.275 1.85 0
3047 0.3 1.85 0
3048 0.325 1.85 0
3049 0.35 1.85 0
3050 0.375 1.85 0
3051 0.4 1.85 0
3052 0.425 1.85 0
3053 0.45 1.85 0
3054 0.475 1.85 0
3055 0.5 1.85 0
3056 0.525 1.85 0
3057 0.55 1.85 0
3058 0.575 1.85 0
3059 0.6 1.85 0
3060 0.625 1.85 0
3061 0.65 1.85 0
3062 0.675 1.85 0
3063 0.7 1.85 0
3064 0.725 1.85 0
3065 0.75 1.85 0
3066 0.775 1.85 0
3067 0.8 1.85 0
3068 0.825 1.85 0
3069 0.85 1.85 0
3070 0.875 1.85 0
3071 0.9 1.85 0
3072 0.925 1.85 0
3073 0.95 1.85 0
3074 0.975 1.85 0
3075 1 1.85 0
3076 0 1.875 0
3077 0.025 1.875 0
3078 0.05 1.875 0
3079 0.075 1.875 0
3080 0.1 1.875 0
3081 0.125 1.875 0
3082 0.15 1.875 0
3083 0.175 1.875 0
3084 0.2 1.875 0
3085 0.225 1.875 0
3086 0.25 1.875 0
3087 0.275 1.875 0
3088 0.3 1.875 0
3089 0.325 1.875 0
3090 0.35 1.875 0
3091 0.375 1.875 0
3092 0.4 1.875 0
3093 0.425 1.875 0
3094 0.45 1.875 0
3095 0.475 1.875 0
3096 0.5 1.875 0
3097 0.525 1.875 0
3098 0.55 1.875 0
3099 0.575 1.875 0
3100 0.6 1.875 0
3101 0.625 1.875 0
3102 0.65 1.875 0
3103 0.675 1.875 0
3104 0.7 1.875 0
3105 0.725 1.875 0
3106 0.75 1.875 0
3107 0.775 1.875 0
3108 0.8 1.875 0
3109 0.825 1.875 0
3110 0.85 1.875 0
3111 0.875 1.875 0
3112 0.9 1.875 0
3113 0.925 1.875 0
3114 0.95 1.875 0
3115 0.975 1.875 0
3116 1 1.875 0
3117 0 1.9 0
3118 0.025 1.9 0
3119 0.05 1.9 0
3120 0.075 1.9 0
3121 0.1 1.9 0
3122 0.125 1.9 0
3123 0.15 1.9 0
3124 0.175 1.9 0
3125 0.2 1.9 0
3126 0.225 1.9 0
3127 0.25 1.9 0
3128 0.275 1.9 0
3129 0.3 1.9 0
3130 0.325 1.9 0
3131 0.35 1.9 0
3132 0.375 1.9 0
3133 0.4 1.9 0
3134 0.425 1.9 0
3135 0.45 1.9 0
3136 0.475 1.9 0
3137 0.5 1.9 0
3138 0.525 1.9 0
3139 0.55 1.9 0
3140 0.575 1.9 0
3141 0.6 1.9 0
3142 0.625 1.9 0
3143 0.65 1.9 0
3144 0.675 1.9 0
3145 0.7 1.9 0
3146 0.725 1.9 0
3147 0.75 1.9 0
3148 0.775 1.9 0
3149 0.8 1.9 0
3150 0.825 1.9 0
3151 0.85 1.9 0
3152 0.875 1.9 0
3153 0.9 1.9 0
3154 0.925 1.9 0
3155 0.95 1.9 0
3156 0.975 1.9 0
3157 1 1.9 0
3158 0 1.925 0
3159 0.025 1.925 0
3160 0.05 1.925 0
3161 0.075 1.925 0
3162 0.1 1.925 0
3163 0.125 1.925 0
3164 0.15 1.925 0
3165 0.175 1.925 0
3166 0.2 1.925 0
3167 0.225 1.925 0
3168 0.25 1.925 0
3169 0.275 1.925 0
3170 0.3 1.925 0
3171 0.325 1.925 0
3172 0.35 1.925 0
3173 0.375 1.925 0
3174 0.4 1.925 0
3175 0.425 1.925 0
3176 0.45 1.925 0
3177 0.475 1.925 0
3178 0.5 1.925 0
3179 0.525 1.925 0
3180 0.55 1.925 0
3181 0.575 1.925 0
3182 0.6 1.925 0
3183 0.625 1.925 0
3184 0.65 1.925 0
3185 0.675 1.925 0
3186 0.7 1.925 0
3187 0.725 1.925 0
3188 0.75 1.925 0
3189 0.775 1.925 0
3190 0.8 1.925 0
3191 0.825 1.925 0
3192 0.85 1.925 0
3193 0.875 1.925 0
3194 0.9 1.925 0
3195 0.925 1.925 0
3196 0.95 1.925 0
3197 0.975 1.925 0
3198 1 1.925 0
3199 0 1.95 0
3200 0.025 1.95 0
3201 0.05 1.95 0
3202 0.075 1.95 0
3203 0.1 1.95 0
3204 0.125 1.95 0
3205 0.15 1.95 0
3206 0.175 1.95 0
3207 0.2 1.95 0
3208 0.225 1.95 0
3209 0.25 1.95 0
3210 0.275 1.95 0
3211 0.3 1.95 0
3212 0.325 1.95 0
3213 0.35 1.95 0
3214 0.375 1.95 0
3215 0.4 1.95 0
3216 0.425 1.95 0
3217 0.45 1.95 0
3218 0.475 1.95 0
3219 0.5 1.95 0
3220 0.525 1.95 0
3221 0.55 1.95 0
3222 0.575 1.95 0
3223 0.6 1.95 0
3224 0.625 1.95 0
3225 0.65 1.95 0
3226 0.675 1.95 0
3227 0.7 1.95 0
3228 0.725 1.95 0
3229 0.75 1.95 0
3230 0.775 1.95 0
3231 0.8 1.95 0
3232 0.825 1.95 0
3233 0.85 1.95 0
3234 0.875 1.95 0
3235 0.9 1.95 0
3236 0.925 1.95 0
3237 0.95 1.95 0
3238 0.975 1.95 0
3239 1 1.95 0
3240 0 1.975 0
3241 0.025 1.975 0
3242 0.05 1.975 0
3243 0.075 1.975 0
3244 0.1 1.975 0
3245 0.125 1.975 0
3246 0.15 1.975 0
3247 0.175 1.975 0
3248 0.2 1.975 0
3249 0.225 1.975 0
3250 0.25 1.975 0
3251 0.275 1.975 0
3252 0.3 1.975 0
3253 0.325 1.975 0
3254 0.35 1.975 0
3255 0.375 1.975 0
3256 0.4 1.975 0
3257 0.425 1.975 0
3258 0.45 1.975 0
3259 0.475 1.975 0
3260 0.5 1.975 0
3261 0.525 1.975 0
3262 0.55 1.975 0
3263 0.575 1.975 0
3264 0.6 1.975 0
3265 0.625 1.975 0
3266 0.65 1.975 0
3267 0.675 1.975 0
3268 0.7 1.975 0
3269 0.725 1.975 0
3270 0.75 1.975 0
3271 0.775 1.975 0
3272 0.8 1.975 0
3273 0.825 1.975 0
3274 0.85 1.975 0
3275 0.875 1.975 0
3276 0.9 1.975 0
3277 0.925 1.975 0
3278 0.95 1.975 0
3279 0.975 1.975 0
3280 1 1.975 0
3281 0 2 0
3282 0.025 2 0
3283 0.05 2 0
3284 0.075 2 0
3285 0.1 2 0
3286 0.125 2 0
3287 0.15 2 0
3288 0.175 2 0
3289 0.2 2 0
3290 0.225 2 0
3291 0.25 2 0
3292 0.275 2 0
3293 0.3 2 0
3294 0.325 2 0
3295 0.35 2 0
3296 0.375 2 0
3297 0.4 2 0
3298 0.425 2 0
3299 0.45 2 0
3300 0.475 2 0
3301 0.5 2 0
3302 0.525 2 0
3303 0.55 2 0
3304 0.575 2 0
3305 0.6 2 0
3306 0.625 2 0
3307 0.65 2 0
3308 0.675 2 0
3309 0.7 2 0
3310 0.725 2 0
3311 0.75 2 0
3312 0.775 2 0
3313 0.8 2 0
3314 0.825 2 0
3315 0.85 2 0
3316 0.875 2 0
3317 0.9 2 0
3318 0.925 2 0
3319 0.95 2 0
3320 0.975 2 0
3321 1 2 0
$EndNodes
$Elements
3440
1 1 2 1 1 1 2
2 1 2 1 1 2 3
3 1 2 1 1 3 4
4 1 2 1 1 4 5
5 1 2 1 1 5 6
6 1 2 1 1 6 7
7 1 2 1 1 7 8
8 1 2 1 1 8 9
9 1 2 1 1 9 10
10 1 2 1 1 10 11
11 1 2 1 1 11 12
12 1 2 1 1 12 13
13 1 2 1 1 13 14
14 1 2 1 1 14 15
15 1 2 1 1 15 16
16 1 2 1 1 16 17
17 1 2 1 1 17 18
18 1 2 1 1 18 19
19 1 2 1 1 19 20
20 1 2 1 1 20 21
21 1 2 1 1 21 22
22 1 2 1 1 22 23
23 1 2 1 1 23 24
24 1 2 1 1 24 25
25 1 2 1 1 25 26
26 1 2 1 1 26 27
27 1 2 1 1 27 28
28 1 2 1 1 28 29
29 1 2 1 1 29 30
30 1 2 1 1 30 31
31 1 2 1 1 31 32
32 1 2 1 1 32 33
33 1 2 1 1 33 34
34 1 2 1 1 34 35
35 1 2 1 1 35 36
36 1 2 1 1 36 37
37 1 2 1 1 37 38
38 1 2 1 1 38 39
39 1 2 1 1 39 40
40 1 2 1 1 40 41
41 1 2 4 1 41 82
42 1 2 4 1 82 123
43 1 2 4 1 123 164
44 1 2 4 1 164 205
45 1 2 4 1 205 246
46 1 2 4 1 246 287
47 1 2 4 1 287 328
48 1 2 4 1 328 369
49 1 2 4 1 369 410
50 1 2 4 1 410 451
51 1 2 4 1 451 492
52 1 2 4 1 492 533
53 1 2 4 1 533 574
54 1 2 4 1 574 615
55 1 2 4 1 615 656
56 1 2 4 1 656 697
57 1 2 4 1 697 738
58 1 2 4 1 738 779
59 1 2 4 1 779 820
60 1 2 4 1 820 861
61 1 2 4 1 861 902
62 1 2 4 1 902 943
63 1 2 4 1 943 984
64 1 2 4 1 984 1025
65 1 2 4 1 1025 1066
66 1 2 4 1 1066 1107
67 1 2 4 1 1107 1148
68 1 2 4 1 1148 1189
69 1 2 4 1 1189 1230
70 1 2 4 1 1230 1271
71 1 2 4 1 1271 1312
72 1 2 4 1 1312 1353
73 1 2 4 1 1353 1394
74 1 2 4 1 1394 1435
75 1 2 4 1 1435 1476
76 1 2 4 1 1476 1517
77 1 2 4 1 1517 1558
78 1 2 4 1 1558 1599
79 1 2 4 1 1599 1640
80 1 2 4 1 1640 1681
81 1 2 4 1 1681 1722
82 1 2 4 1 1722 1763
83 1 2 4 1 1763 1804
84 1 2 4 1 1804 1845
85 1 2 4 1 1845 1886
86 1 2 4 1 1886 1927
87 1 2 4 1 1927 1968
88 1 2 4 1 1968 2009
89 1 2 4 1 2009 2050
90 1 2 4 1 2050 2091
91 1 2 4 1 2091 2132
92 1 2 4 1 2132 2173
93 1 2 4 1 2173 2214
94 1 2 4 1 2214 2255
95 1 2 4 1 2255 2296
96 1 2 4 1 2296 2337
97 1 2 4 1 2337 2378
98 1 2 4 1 2378 2419
99 1 2 4 1 2419 2460
100 1 2 4 1 2460 2501
101 1 2 4 1 2501 2542
102 1 2 4 1 2542 2583
103 1 2 4 1 2583 2624
104 1 2 4 1 2624 2665
105 1 2 4 1 2665 2706
106 1 2 4 1 2706 2747
107 1 2 4 1 2747 2788
108 1 2 4 1 2788 2829
109 1 2 4 1 2829 2870
110 1 2 4 1 2870 2911
111 1 2 4 1 2911 2952
112 1 2 4 1 2952 2993
113 1 2 4 1 2993 3034
114 1 2 4 1 3034 3075
115 1 2 4 1 3075 3116
116 1 2 4 1 3116 3157
117 1 2 4 1 3157 3198
118 1 2 4 1 3198 3239
119 1 2 4 1 3239 3280
120 1 2 4 1 3280 3321
121 1 2 1 1 3282 3281
122 1 2 1 1 3283 3282
123 1 2 1 1 3284 3283
124 1 2 1 1 3285 3284
125 1 2 1 1 3286 3285
126 1 2 1 1 3287 3286
127 1 2 1 1 3288 3287
128 1 2 1 1 3289 3288
129 1 2 1 1 3290 3289
130 1 2 1 1 3291 3290
131 1 2 1 1 3292 3291
132 1 2 1 1 3293 3292
133 1 2 1 1 3294 3293
134 1 2 1 1 3295 3294
135 1 2 1 1 3296 3295
136 1 2 1 1 3297 3296
137 1 2 1 1 3298 3297
138 1 2 1 1 3299 3298
139 1 2 1 1 3300 3299
140 1 2 1 1 3301 3300
141 1 2 1 1 3302 3301
142 1 2 1 1 3303 3302
143 1 2 1 1 3304 3303
144 1 2 1 1 3305 3304
145 1 2 1 1 3306 3305
146 1 2 1 1 3307 3306
147 1 2 1 1 3308 3307
148 1 2 1 1 3309 3308
149 1 2 1 1 3310 3309
150 1 2 1 1 3311 3310
151 1 2 1 1 3312 3311
152 1 2 1 1 3313 3312
153 1 2 1 1 3314 3313
154 1 2 1 1 3315 3314
155 1 2 1 1 3316 3315
156 1 2 1 1 3317 3316
157 1 2 1 1 3318 3317
158 1 2 1 1 3319 3318
159 1 2 1 1 3320 3319
160 1 2 1 1 3321 3320
161 1 2 4 1 42 1
162 1 2 4 1 83 42
163 1 2 4 1 124 83
164 1 2 4 1 165 124
165 1 2 4 1 206 165
166 1 2 4 1 247 206
167 1 2 4 1 288 247
168 1 2 4 1 329 288
169 1 2 4 1 370 329
170 1 2 4 1 411 370
171 1 2 4 1 452 411
172 1 2 4 1 493 452
173 1 2 4 1 534 493
174 1 2 4 1 575 534
175 1 2 4 1 616 575
176 1 2 4 1 657 616
177 1 2 4 1 698 657
178 1 2 4 1 739 698
179 1 2 4 1 780 739
180 1 2 4 1 821 780
181 1 2 4 1 862 821
182 1 2 4 1 903 862
183 1 2 4 1 944 903
184 1 2 4 1 985 944
185 1 2 4 1 1026 985
186 1 2 4 1 1067 1026
187 1 2 4 1 1108 1067
188 1 2 4 1 1149 1108
189 1 2 4 1 1190 1149
190 1 2 4 1 1231 1190
191 1 2 4 1 1272 1231
192 1 2 4 1 1313 1272
193 1 2 4 1 1354 1313
194 1 2 4 1 1395 1354
195 1 2 4 1 1436 1395
196 1 2 4 1 1477 1436
197 1 2 4 1 1518 1477
198 1 2 4 1 1559 1518
199 1 2 4 1 1600 1559
200 1 2 4 1 1641 1600
201 1 2 4 1 1682 1641
202 1 2 4 1 1723 1682
203 1 2 4 1 1764 1723
204 1 2 4 1 1805 1764
205 1 2 4 1 1846 1805
206 1 2 4 1 1887 1846
207 1 2 4 1 1928 1887
208 1 2 4 1 1969 1928
209 1 2 4 1 2010 1969
210 1 2 4 1 2051 2010
211 1 2 4 1 2092 2051
212 1 2 4 1 2133 2092
213 1 2 4 1 2174 2133
214 1 2 4 1 2215 2174
215 1 2 4 1 2256 2215
216 1 2 4 1 2297 2256
217 1 2 4 1 2338 2297
218 1 2 4 1 2379 2338
219 1 2 4 1 2420 2379
220 1 2 4 1 2461 2420
221 1 2 4 1 2502 2461
222 1 2 4 1 2543 2502
223 1 2 4 1 2584 2543
224 1 2 4 1 2625 2584
225 1 2 4 1 2666 2625
226 1 2 4 1 2707 2666
227 1 2 4 1 2748 2707
228 1 2 4 1 2789 2748
229 1 2 4 1 2830 2789
230 1 2 4 1 2871 2830
231 1 2 4 1 2912 2871
232 1 2 4 1 2953 2912
233 1 2 4 1 2994 2953
234 1 2 4 1 3035 2994
235 1 2 4 1 3076 3035
236 1 2 4 1 3117 3076
237 1 2 4 1 3158 3117
238 1 2 4 1 3199 3158
239 1 2 4 1 3240 3199
240 1 2 4 1 3281 3240
241 3 2 9 1 1 2 43 42
242 3 2 9 1 2 3 44 43
243 3 2 9 1 3 4 45 44
244 3 2 9 1 4 5 46 45
245 3 2 9 1 5 6 47 46
246 3 2 9 1 6 7 48 47
247 3 2 9 1 7 8 49 48
248 3 2 9 1 8 9 50 49
249 3 2 9 1 9 10 51 50
250 3 2 9 1 10 11 52 51
251 3 2 9 1 11 12 53 52
252 3 2 9 1 12 13 54 53
253 3 2 9 1 13 14 55 54
254 3 2 9 1 14 15 56 55
255 3 2 9 1 15 16 57 56
256 3 2 9 1 16 17 58 57
257 3 2 9 1 17 18 59 58
258 3 2 9 1 18 19 60 59
259 3 2 9 1 19 20 61 60
260 3 2 9 1 20 21 62 61
261 3 2 9 1 21 22 63 62
262 3 2 9 1 22 23 64 63
263 3 2 9 1 23 24 65 64
264 3 2 9 1 24 25 66 65
265 3 2 9 1 25 26 67 66
266 3 2 9 1 26 27 68 67
267 3 2 9 1 27 28 69 68
268 3 2 9 1 28 29 70 69
269 3 2 9 1 29 30 71 70
270 3 2 9 1 30 31 72 71
271 3 2 9 1 31 32 73 72
272 3 2 9 1 32 33 74 73
273 3 2 9 1 33 34 75 74
274 3 2 9 1 34 35 76 75
275 3 2 9 1 35 36 77 76
276 3 2 9 1 36 37 78 77
277 3 2 9 1 37 38 79 78
278 3 2 9 1 38 39 80 79
279 3 2 9 1 39 40 81 80
280 3 2 9 1 40 41 82 81
281 3 2 9 1 42 43 84 83
282 3 2 9 1 43 44 85 84
283 3 2 9 1 44 45 86 85
284 3 2 9 1 45 46 87 86
285 3 2 9 1 46 47 88 87
286 3 2 9 1 47 48 89 88
287 3 2 9 1 48 49 90 89
288 3 2 9 1 49 50 91 90
289 3 2 9 1 50 51 92 91
290 3 2 9 1 51 52 93 92
291 3 2 9 1 52 53 94 93
292 3 2 9 1 53 54 95 94
293 3 2 9 1 54 55 96 95
294 3 2 9 1 55 56 97 96
295 3 2 9 1 56 57 98 97
296 3 2 9 1 57 58 99 98
297 3 2 9 1 58 59 100 99
298 3 2 9 1 59 60 101 100
299 3 2 9 1 60 61 102 101
300 3 2 9 1 61 62 103 102
301 3 2 9 1 62 63 104 103
302 3 2 9 1 63 64 105 104
303 3 2 9 1 64 65 106 105
304 3 2 9 1 65 66 107 106
305 3 2 9 1 66 67 108 107
306 3 2 9 1 67 68 109 108
307 3 2 9 1 68 69 110 109
308 3 2 9 1 69 70 111 110
309 3 2 9 1 70 71 112 111
310 3 2 9 1 71 72 113 112
311 3 2 9 1 72 73 114 113
312 3 2 9 1 73 74 115 114
313 3 2 9 1 74 75 116 115
314 3 2 9 1 75 76 117 116
315 3 2 9 1 76 77 118 117
316 3 2 9 1 77 78 119 118
317 3 2 9 1 78 79 120 119
318 3 2 9 1 79 80 121 120
319 3 2 9 1 80 81 122 121
320 3 2 9 1 81 82 123 122
321 3 2 9 1 83 84 125 124
322 3 2 9 1 84 85 126 125
323 3 2 9 1 85 86 127 126
324 3 2 9 1 86 87 128 127
325 3 2 9 1 87 88 129 128
326 3 2 9 1 88 89 130 129
327 3 2 9 1 89 90 131 130
328 3 2 9 1 90 91 132 131
329 3 2 9 1 91 92 133 132
330 3 2 9 1 92 93 134 133
331 3 2 9 1 93 94 135 134
332 3 2 9 1 94 95 136 135
333 3 2 9 1 95 96 137 136
334 3 2 9 1 96 97 138 137
335 3 2 9 1 97 98 139 138
336 3 2 9 1 98 99 140 139
337 3 2 9 1 99 100 141 140
338 3 2 9 1 100 101 142 141
339 3 2 9 1 101 102 143 142
340 3 2 9 1 102 103 144 143
341 3 2 9 1 103 104 145 144
342 3 2 9 1 104 105 146 145
343 3 2 9 1 105 106 147 146
344 3 2 9 1 106 107 148 147
345 3 2 9 1 107 108 149 148
346 3 2 9 1 108 109 150 149
347 3 2 9 1 109 110 151 150
348 3 2 9 1 110 111 152 151
349 3 2 9 1 111 112 153 152
350 3 2 9 1 112 113 154 153
351 3 2 9 1 113 114 155 154
352 3 2 9 1 114 115 156 155
353 3 2 9 1 115 116 157 156
354 3 2 9 1 116 117 158 157
355 3 2 9 1 117 118 159 158
356 3 2 9 1 118 119 160 159
357 3 2 9 1 119 120 161 160
358 3 2 9 1 120 121 162 161
359 3 2 9 1 121 122 163 162
360 3 2 9 1 122 123 164 163
361 3 2 9 1 124 125 166 165
362 3 2 9 1 125 126 167 166
363 3 2 9 1 126 127 168 167
364 3 2 9 1 127 128 169 168
365 3 2 9 1 128 129 170 169
366 3 2 9 1 129 130 171 170
367 3 2 9 1 130 131 172 171
368 3 2 9 1 131 132 173 172
369 3 2 9 1 132 133 174 173
370 3 2 9 1 133 134 175 174
371 3 2 9 1 134 135 176 175
372 3 2 9 1 135 136 177 176
373 3 2 9 1 136 137 178 177
374 3 2 9 1 137 138 179 178
375 3 2 9 1 138 139 180 179
376 3 2 9 1 139 140 181 180
377 3 2 9 1 140 141 182 181
378 3 2 9 1 141 142 183 182
379 3 2 9 1 142 143 184 183
380 3 2 9 1 143 144 185 184
381 3 2 9 1 144 145 186 185
382 3 2 9 1 145 146 187 186
383 3 2 9 1 146 147 188 187
384 3 2 9 1 147 148 189 188
385 3 2 9 1 148 149 190 189
386 3 2 9 1 149 150 191 190
387 3 2 9 1 150 151 192 191
388 3 2 9 1 151 152 193 192
389 3 2 9 1 152 153 194 193
390 3 2 9 1 153 154 195 194
391 3 2 9 1 154 155 196 195
392 3 2 9 1 155 156 197 196
393 3 2 9 1 156 157 198 197
394 3 2 9 1 157 158 199 198
395 3 2 9 1 158 159 200 199
396 3 2 9 1 159 160 201 200
397 3 2 9 1 160 161 202 201
398 3 2 9 1 161 162 203 202
399 3 2 9 1 162 163 204 203
400 3 2 9 1 163 164 205 204
401 3 2 9 1 165 166 207 206
402 3 2 9 1 166 167 208 207
403 3 2 9 1 167 168 209 208
404 3 2 9 1 168 169 210 209
405 3 2 9 1 169 170 211 210
406 3 2 9 1 170 171 212 211
407 3 2 9 1 171 172 213 212
408 3 2 9 1 172 173 214 213
409 3 2 9 1 173 174 215 214
410 3 2 9 1 174 175 216 215
411 3 2 9 1 175 176 217 216
412 3 2 9 1 176 177 218 217
413 3 2 9 1 177 178 219 218
414 3 2 9 1 178 179 220 219
415 3 2 9 1 179 180 221 220
416 3 2 9 1 180 181 222 221
417 3 2 9 1 181 182 223 222
418 3 2 9 1 182 183 224 223
419 3 2 9 1 183 184 225 224
420 3 2 9 1 184 185 226 225
421 3 2 9 1 185 186 227 226
422 3 2 9 1 186 187 228 227
423 3 2 9 1 187 188 229 228
424 3 2 9 1 188 189 230 229
425 3 2 9 1 189 190 231 230
426 3 2 9 1 190 191 232 231
427 3 2 9 1 191 192 233 232
428 3 2 9 1 192 193 234 233
429 3 2 9 1 193 194 235 234
430 3 2 9 1 194 195 236 235
431 3 2 9 1 195 196 237 236
432 3 2 9 1 196 197 238 237
433 3 2 9 1 197 198 239 238
434 3 2 9 1 198 199 240 239
435 3 2 9 1 199 200 241 240
436 3 2 9 1 200 201 242 241
437 3 2 9 1 201 202 243 242
438 3 2 9 1 202 203 244 243
439 3 2 9 1 203 204 245 244
440 3 2 9 1 204 205 246 245
441 3 2 9 1 206 207 248 247
442 3 2 9 1 207 208 249 248
443 3 2 9 1 208 209 250 249
444 3 2 9 1 209 210 251 250
445 3 2 9 1 210 211 252 251
446 3 2 9 1 211 212 253 252
447 3 2 9 1 212 213 254 253
448 3 2 9 1 213 214 255 254
449 3 2 9 1 214 215 256 255
450 3 2 9 1 215 216 257 256
451 3 2 9 1 216 217 258 257
452 3 2 9 1 217 218 259 258
453 3 2 9 1 218 219 260 259
454 3 2 9 1 219 220 261 260
455 3 2 9 1 220 221 262 261
456 3 2 9 1 221 222 263 262
457 3 2 9 1 222 223 264 263
458 3 2 9 1 223 224 265 264
459 3 2 9 1 224 225 266 265
460 3 2 9 1 225 226 267 266
461 3 2 9 1 226 227 268 267
462 3 2 9 1 227 228 269 268
463 3 2 9 1 228 229 270 269
464 3 2 9 1 229 230 271 270
465 3 2 9 1 230 231 272 271
466 3 2 9 1 231 232 273 272
467 3 2 9 1 232 233 274 273
468 3 2 9 1 233 234 275 274
469 3 2 9 1 234 235 276 275
470 3 2 9 1 235 236 277 276
471 3 2 9 1 236 237 278 277
472 3 2 9 1 237 238 279 278
473 3 2 9 1 238 239 280 279
474 3 2 9 1 239 240 281 280
475 3 2 9 1 240 241 282 281
476 3 2 9 1 241 242 283 282
477 3 2 9 1 242 243 284 283
478 3 2 9 1 243 244 285 284
479 3 2 9 1 244 245 286 285
480 3 2 9 1 245 246 287 286
481 3 2 9 1 247 248 289 288
482 3 2 9 1 248 249 290 289
483 3 2 9 1 249 250 291 290
484 3 2 9 1 250 251 292 291
485 3 2 9 1 251 252 293 292
486 3 2 9 1 252 253 294 293
487 3 2 9 1 253 254 295 294
488 3 2 9 1 254 255 296 295
489 3 2 9 1 255 256 297 296
490 3 2 9 1 256 257 298 297
491 3 2 9 1 257 258 299 298
492 3 2 9 1 258 259 300 299
493 3 2 9 1 259 260 301 300
494 3 2 9 1 260 261 302 301
495 3 2 9 1 261 262 303 302
496 3 2 9 1 262 263 304 303
497 3 2 9 1 263 264 305 304
498 3 2 9 1 264 265 306 305
499 3 2 9 1 265 266 307 306
500 3 2 9 1 266 267 308 307
501 3 2 9 1 267 268 309 308
502 3 2 9 1 268 269 310 309
503 3 2 9 1 269 270 311 310
504 3 2 9 1 270 271 312 311
505 3 2 9 1 271 272 313 312
506 3 2 9 1 272 273 314 313
507 3 2 9 1 273 274 315 314
508 3 2 9 1 274 275 316 315
509 3 2 9 1 275 276 317 316
510 3 2 9 1 276 277 318 317
511 3 2 9 1 277 278 319 318
512 3 2 9 1 278 279 320 319
513 3 2 9 1 279 280 321 320
514 3 2 9 1 280 281 322 321
515 3 2 9 1 281 282 323 322
516 3 2 9 1 282 283 324 323
517 3 2 9 1 283 284 325 324
518 3 2 9 1 284 285 326 325
519 3 2 9 1 285 286 327 326
520 3 2 9 1 286 287 328 327
521 3 2 9 1 288 289 330 329
522 3 2 9 1 289 290 331 330
523 3 2 9 1 290 291 332 331
524 3 2 9 1 291 292 333 332
525 3 2 9 1 292 293 334 333
526 3 2 9 1 293 294 335 334
527 3 2 9 1 294 295 336 335
528 3 2 9 1 295 296 337 336
529 3 2 9 1 296 297 338 337
530 3 2 9 1 297 298 339 338
531 3 2 9 1 298 299 340 339
532 3 2 9 1 299 300 341 340
533 3 2 9 1 300 301 342 341
534 3 2 9 1 301 302 343 342
535 3 2 9 1 302 303 344 343
536 3 2 9 1 303 304 345 344
537 3 2 9 1 304 305 346 345
538 3 2 9 1 305 306 347 346
539 3 2 9 1 306 307 348 347
540 3 2 9 1 307 308 349 348
541 3 2 9 1 308 309 350 349
542 3 2 9 1 309 310 351 350
543 3 2 9 1 310 311 352 351
544 3 2 9 1 311 312 353 352
545 3 2 9 1 312 313 354 353
546 3 2 9 1 313 314 355 354
547 3 2 9 1 314 315 356 355
548 3 2 9 1 315 316 357 356
549 3 2 9 1 316 317 358 357
550 3 2 9 1 317 318 359 358
551 3 2 9 1 318 319 360 359
552 3 2 9 1 319 320 361 360
553 3 2 9 1 320 321 362 361
554 3 2 9 1 321 322 363 362
555 3 2 9 1 322 323 364 363
556 3 2 9 1 323 324 365 364
557 3 2 9 1 324 325 366 365
558 3 2 9 1 325 326 367 366
559 3 2 9 1 326 327 368 367
560 3 2 9 1 327 328 369 368
561 3 2 9 1 329 330 371 370
562 3 2 9 1 330 331 372 371
563 3 2 9 1 331 332 373 372
564 3 2 9 1 332 333 374 373
565 3 2 9 1 333 334 375 374
566 3 2 9 1 334 335 376 375
567 3 2 9 1 335 336 377 376
568 3 2 9 1 336 337 378 377
569 3 2 9 1 337 338 379 378
570 3 2 9 1 338 339 380 379
571 3 2 9 1 339 340 381 380
572 3 2 9 1 340 341 382 381
573 3 2 9 1 341 342 383 382
574 3 2 9 1 342 343 384 383
575 3 2 9 1 343 344 385 384
576 3 2 9 1 344 345 386 385
577 3 2 9 1 345 346 387 386
578 3 2 9 1 346 347 388 387
579 3 2 9 1 347 348 389 388
580 3 2 9 1 348 349 390 389
581 3 2 9 1 349 350 391 390
582 3 2 9 1 350 351 392 391
583 3 2 9 1 351 352 393 392
584 3 2 9 1 352 353 394 393
585 3 2 9 1 353 354 395 394
586 3 2 9 1 354 355 396 395
587 3 2 9 1 355 356 397 396
588 3 2 9 1 356 357 398 397
589 3 2 9 1 357 358 399 398
590 3 2 9 1 358 359 400 399
591 3 2 9 1 359 360 401 400
592 3 2 9 1 360 361 402 401
593 3 2 9 1 361 362 403 402
594 3 2 9 1 362 363 404 403
595 3 2 9 1 363 364 405 404
596 3 2 9 1 364 365 406 405
597 3 2 9 1 365 366 407 406
598 3 2 9 1 366 367 408 407
599 3 2 9 1 367 368 409 408
600 3 2 9 1 368 369 410 409
601 3 2 9 1 370 371 412 411
602 3 2 9 1 371 372 413 412
603 3 2 9 1 372 373 414 413
604 3 2 9 1 373 374 415 414
605 3 2 9 1 374 375 416 415
606 3 2 9 1 375 376 417 416
607 3 2 9 1 376 377 418 417
608 3 2 9 1 377 378 419 418
609 3 2 9 1 378 379 420 419
610 3 2 9 1 379 380 421 420
611 3 2 9 1 380 381 422 421
612 3 2 9 1 381 382 423 422
613 3 2 9 1 382 383 424 423
614 3 2 9 1 383 384 425 424
615 3 2 9 1 384 385 426 425
616 3 2 9 1 385 386 427 426
617 3 2 9 1 386 387 428 427
618 3 2 9 1 387 388 429 428
619 3 2 9 1 388 389 430 429
620 3 2 9 1 389 390 431 430
621 3 2 9 1 390 391 432 431
622 3 2 9 1 391 392 433 432
623 3 2 9 1 392 393 434 433
624 3 2 9 1 393 394 435 434
625 3 2 9 1 394 395 436 435
626 3 2 9 1 395 396 437 436
627 3 2 9 1 396 397 438 437
628 3 2 9 1 397 398 439 438
629 3 2 9 1 398 399 440 439
630 3 2 9 1 399 400 441 440
631 3 2 9 1 400 401 442 441
632 3 2 9 1 401 402 443 442
633 3 2 9 1 402 403 444 443
634 3 2 9 1 403 404 445 444
635 3 2 9 1 404 405 446 445
636 3 2 9 1 405 406 447 446
637 3 2 9 1 406 407 448 447
638 3 2 9 1 407 408 449 448
639 3 2 9 1 408 409 450 449
640 3 2 9 1 409 410 451 450
641 3 2 9 1 411 412 453 452
642 3 2 9 1 412 413 454 453
643 3 2 9 1 413 414 455 454
644 3 2 9 1 414 415 456 455
645 3 2 9 1 415 416 457 456
646 3 2 9 1 416 417 458 457
647 3 2 9 1 417 418 459 458
648 3 2 9 1 418 419 460 459
649 3 2 9 1 419 420 461 460
650 3 2 9 1 420 421 462 461
651 3 2 9 1 421 422 463 462
652 3 2 9 1 422 423 464 463
653 3 2 9 1 423 424 465 464
654 3 2 9 1 424 425 466 465
655 3 2 9 1 425 426 467 466
656 3 2 9 1 426 427 468 467
657 3 2 9 1 427 428 469 468
658 3 2 9 1 428 429 470 469
659 3 2 9 1 429 430 471 470
660 3 2 9 1 430 431 472 471
661 3 2 9 1 431 432 473 472
662 3 2 9 1 432 433 474 473
663 3 2 9 1 433 434 475 474
664 3 2 9 1 434 435 476 475
665 3 2 9 1 435 436 477 476
666 3 2 9 1 436 437 478 477
667 3 2 9 1 437 438 479 478
668 3 2 9 1 438 439 480 479
669 3 2 9 1 439 440 481 480
670 3 2 9 1 440 441 482 481
671 3 2 9 1 441 442 483 482
672 3 2 9 1 442 443 484 483
673 3 2 9 1 443 444 485 484
674 3 2 9 1 444 445 486 485
675 3 2 9 1 445 446 487 486
676 3 2 9 1 446 447 488 487
677 3 2 9 1 447 448 489 488
678 3 2 9 1 448 449 490 489
679 3 2 9 1 449 450 491 490
680 3 2 9 1 450 451 492 491
681 3 2 9 1 452 453 494 493
682 3 2 9 1 453 454 495 494
683 3 2 9 1 454 455 496 495
684 3 2 9 1 455 456 497 496
685 3 2 9 1 456 457 498 497
686 3 2 9 1 457 458 499 498
687 3 2 9 1 458 459 500 499
688 3 2 9 1 459 460 501 500
689 3 2 9 1 460 461 502 501
690 3 2 9 1 461 462 503 502
691 3 2 9 1 462 463 504 503
692 3 2 9 1 463 464 505 504
693 3 2 9 1 464 465 506 505
694 3 2 9 1 465 466 507 506
695 3 2 9 1 466 467 508 507
696 3 2 9 1 467 468 509 508
697 3 2 9 1 468 469 510 509
698 3 2 9 1 469 470 511 510
699 3 2 9 1 470 471 512 511
700 3 2 9 1 471 472 513 512
701 3 2 9 1 472 473 514 513
702 3 2 9 1 473 474 515 514
703 3 2 9 1 474 475 516 515
704 3 2 9 1 475 476 517 516
705 3 2 9 1 476 477 518 517
706 3 2 9 1 477 478 519 518
707 3 2 9 1 478 479 520 519
708 3 2 9 1 479 480 521 520
709 3 2 9 1 480 481 522 521
710 3 2 9 1 481 482 523 522
711 3 2 9 1 482 483 524 523
712 3 2 9 1 483 484 525 524
713 3 2 9 1 484 485 526 525
714 3 2 9 1 485 486 527 526
715 3 2 9 1 486 487 528 527
716 3 2 9 1 487 488 529 528
717 3 2 9 1 488 489 530 529
718 3 2 9 1 489 490 531 530
719 3 2 9 1 490 491 532 531
720 3 2 9 1 491 492 533 532
721 3 2 9 1 493 494 535 534
722 3 2 9 1 494 495 536 535
723 3 2 9 1 495 496 537 536
724 3 2 9 1 496 497 538 537
725 3 2 9 1 497 498 539 538
726 3 2 9 1 498 499 540 539
727 3 2 9 1 499 500 541 540
728 3 2 9 1 500 501 542 541
729 3 2 9 1 501 502 543 542
730 3 2 9 1 502 503 544 543
731 3 2 9 1 503 504 545 544
732 3 2 9 1 504 505 546 545
733 3 2 9 1 505 506 547 546
734 3 2 9 1 506 507 548 547
735 3 2 9 1 507 508 549 548
736 3 2 9 1 508 509 550 549
737 3 2 9 1 509 510 551 550
738 3 2 9 1 510 511 552 551
739 3 2 9 1 511 512 553 552
740 3 2 9 1 512 513 554 553
741 3 2 9 1 513 514 555 554
742 3 2 9 1 514 515 556 555
743 3 2 9 1 515 516 557 556
744 3 2 9 1 516 517 558 557
745 3 2 9 1 517 518 559 558
746 3 2 9 1 518 519 560 559
747 3 2 9 1 519 520 561 560
748 3 2 9 1 520 521 562 561
749 3 2 9 1 521 522 563 562
750 3 2 9 1 522 523 564 563
751 3 2 9 1 523 524 565 564
752 3 2 9 1 524 525 566 565
753 3 2 9 1 525 526 567 566
754 3 2 9 1 526 527 568 567
755 3 2 9 1 527 528 569 568
756 3 2 9 1 528 529 570 569
757 3 2 9 1 529 530 571 570
758 3 2 9 1 530 531 572 571
759 3 2 9 1 531 532 573 572
760 3 2 9 1 532 533 574 573
761 3 2 9 1 534 535 576 575
762 3 2 9 1 535 536 577 576
763 3 2 9 1 536 537 578 577
764 3 2 9 1 537 538 579 578
765 3 2 9 1 538 539 580 579
766 3 2 9 1 539 540 581 580
767 3 2 9 1 540 541 582 581
768 3 2 9 1 541 542 583 582
769 3 2 9 1 542 543 584 583
770 3 2 9 1 543 544 585 584
771 3 2 9 1 544 545 586 585
772 3 2 9 1 545 546 587 586
773 3 2 9 1 546 547 588 587
774 3 2 9 1 547 548 589 588
775 3 2 9 1 548 549 590 589
776 3 2 9 1 549 550 591 590
777 3 2 9 1 550 551 592 591
778 3 2 9 1 551 552 593 592
779 3 2 9 1 552 553 594 593
780 3 2 9 1 553 554 595 594
781 3 2 9 1 554 555 596 595
782 3 2 9 1 555 556 597 596
783 3 2 9 1 556 557 598 597
784 3 2 9 1 557 558 599 598
785 3 2 9 1 558 559 600 599
786 3 2 9 1 559 560 601 600
787 3 2 9 1 560 561 602 601
788 3 2 9 1 561 562 603 602
789 3 2 9 1 562 563 604 603
790 3 2 9 1 563 564 605 604
791 3 2 9 1 564 565 606 605
792 3 2 9 1 565 566 607 606
793 3 2 9 1 566 567 608 607
794 3 2 9 1 567 568 609 608
795 3 2 9 1 568 569 610 609
796 3 2 9 1 569 570 611 610
797 3 2 9 1 570 571 612 611
798 3 2 9 1 571 572 613 612
799 3 2 9 1 572 573 614 613
800 3 2 9 1 573 574 615 614
801 3 2 9 1 575 576 617 616
802 3 2 9 1 576 577 618 617
803 3 2 9 1 577 578 619 618
804 3 2 9 1 578 579 620 619
805 3 2 9 1 579 580 621 620
806 3 2 9 1 580 581 622 621
807 3 2 9 1 581 582 623 622
808 3 2 9 1 582 583 624 623
809 3 2 9 1 583 584 625 624
810 3 2 9 1 584 585 626 625
811 3 2 9 1 585 586 627 626
812 3 2 9 1 586 587 628 627
813 3 2 9 1 587 588 629 628
814 3 2 9 1 588 589 630 629
815 3 2 9 1 589 590 631 630
816 3 2 9 1 590 591 632 631
817 3 2 9 1 591 592 633 632
818 3 2 9 1 592 593 634 633
819 3 2 9 1 593 594 635 634
820 3 2 9 1 594 595 636 635
821 3 2 9 1 595 596 637 636
822 3 2 9 1 596 597 638 637
823 3 2 9 1 597 598 639 638
824 3 2 9 1 598 599 640 639
825 3 2 9 1 599 600 641 640
826 3 2 9 1 600 601 642 641
827 3 2 9 1 601 602 643 642
828 3 2 9 1 602 603 644 643
829 3 2 9 1 603 604 645 644
830 3 2 9 1 604 605 646 645
831 3 2 9 1 605 606 647 646
832 3 2 9 1 606 607 648 647
833 3 2 9 1 607 608 649 648
834 3 2 9 1 608 609 650 649
835 3 2 9 1 609 610 651 650
836 3 2 9 1 610 611 652 651
837 3 2 9 1 611 612 653 652
838 3 2 9 1 612 613 654 653
839 3 2 9 1 613 614 655 654
840 3 2 9 1 614 615 656 655
841 3 2 9 1 616 617 658 657
842 3 2 9 1 617 618 659 658
843 3 2 9 1 618 619 660 659
844 3 2 9 1 619 620 661 660
845 3 2 9 1 620 621 662 661
846 3 2 9 1 621 622 663 662
847 3 2 9 1 622 623 664 663
848 3 2 9 1 623 624 665 664
849 3 2 9 1 624 625 666 665
850 3 2 9 1 625 626 667 666
851 3 2 9 1 626 627 668 667
852 3 2 9 1 627 628 669 668
853 3 2 9 1 628 629 670 669
854 3 2 9 1 629 630 671 670
855 3 2 9 1 630 631 672 671
856 3 2 9 1 631 632 673 672
857 3 2 9 1 632 633 674 673
858 3 2 9 1 633 634 675 674
859 3 2 9 1 634 635 676 675
860 3 2 9 1 635 636 677 676
861 3 2 9 1 636 637 678 677
862 3 2 9 1 637 638 679 678
863 3 2 9 1 638 639 680 679
864 3 2 9 1 639 640 681 680
865 3 2 9 1 640 641 682 681
866 3 2 9 1 641 642 683 682
867 3 2 9 1 642 643 684 683
868 3 2 9 1 643 644 685 684
869 3 2 9 1 644 645 686 685
870 3 2 9 1 645 646 687 686
871 3 2 9 1 646 647 688 687
872 3 2 9 1 647 648 689 688
873 3 2 9 1 648 649 690 689
874 3 2 9 1 649 650 691 690
875 3 2 9 1 650 651 692 691
876 3 2 9 1 651 652 693 692
877 3 2 9 1 652 653 694 693
878 3 2 9 1 653 654 695 694
879 3 2 9 1 654 655 696 695
880 3 2 9 1 655 656 697 696
881 3 2 9 1 657 658 699 698
882 3 2 9 1 658 659 700 699
883 3 2 9 1 659 660 701 700
884 3 2 9 1 660 661 702 701
885 3 2 9 1 661 662 703 702
886 3 2 9 1 662 663 704 703
887 3 2 9 1 663 664 705 704
888 3 2 9 1 664 665 706 705
889 3 2 9 1 665 666 707 706
890 3 2 9 1 666 667 708 707
891 3 2 9 1 667 668 709 708
892 3 2 9 1 668 669 710 709
893 3 2 9 1 669 670 711 710
894 3 2 9 1 670 671 712 711
895 3 2 9 1 671 672 713 712
896 3 2 9 1 672 673 714 713
897 3 2 9 1 673 674 715 714
898 3 2 9 1 674 675 716 715
899 3 2 9 1 675 676 717 716
900 3 2 9 1 676 677 718 717
901 3 2 9 1 677 678 719 718
902 3 2 9 1 678 679 720 719
903 3 2 9 1 679 680 721 720
904 3 2 9 1 680 681 722 721
905 3 2 9 1 681 682 723 722
906 3 2 9 1 682 683 724 723
907 3 2 9 1 683 684 725 724
908 3 2 9 1 684 685 726 725
909 3 2 9 1 685 686 727 726
910 3 2 9 1 686 687 728 727
911 3 2 9 1 687 688 729 728
912 3 2 9 1 688 689 730 729
913 3 2 9 1 689 690 731 730
914 3 2 9 1 690 691 732 731
915 3 2 9 1 691 692 733 732
916 3 2 9 1 692 693 734 733
917 3 2 9 1 693 694 735 734
918 3 2 9 1 694 695 736 735
919 3 2 9 1 695 696 737 736
920 3 2 9 1 696 697 738 737
921 3 2 9 1 698 699 740 739
922 3 2 9 1 699 700 741 740
923 3 2 9 1 700 701 742 741
924 3 2 9 1 701 702 743 742
925 3 2 9 1 702 703 744 743
926 3 2 9 1 703 704 745 744
927 3 2 9 1 704 705 746 745
928 3 2 9 1 705 706 747 746
929 3 2 9 1 706 707 748 747
930 3 2 9 1 707 708 749 748
931 3 2 9 1 708 709 750 749
932 3 2 9 1 709 710 751 750
933 3 2 9 1 710 711 752 751
934 3 2 9 1 711 712 753 752
935 3 2 9 1 712 713 754 753
936 3 2 9 1 713 714 755 754
937 3 2 9 1 714 715 756 755
938 3 2 9 1 715 716 757 756
939 3 2 9 1 716 717 758 757
940 3 2 9 1 717 718 759 758
941 3 2 9 1 718 719 760 759
942 3 2 9 1 719 720 761 760
943 3 2 9 1 720 721 762 761
944 3 2 9 1 721 722 763 762
945 3 2 9 1 722 723 764 763
946 3 2 9 1 723 724 765 764
947 3 2 9 1 724 725 766 765
948 3 2 9 1 725 726 767 766
949 3 2 9 1 726 727 768 767
950 3 2 9 1 727 728 769 768
951 3 2 9 1 728 729 770 769
952 3 2 9 1 729 730 771 770
953 3 2 9 1 730 731 772 771
954 3 2 9 1 731 732 773 772
955 3 2 9 1 732 733 774 773
956 3 2 9 1 733 734 775 774
957 3 2 9 1 734 735 776 775
958 3 2 9 1 735 736 777 776
959 3 2 9 1 736 737 778 777
960 3 2 9 1 737 738 779 778
961 3 2 9 1 739 740 781 780
962 3 2 9 1 740 741 782 781
963 3 2 9 1 741 742 783 782
964 3 2 9 1 742 743 784 783
965 3 2 9 1 743 744 785 784
966 3 2 9 1 744 745 786 785
967 3 2 9 1 745 746 787 786
968 3 2 9 1 746 747 788 787
969 3 2 9 1 747 748 789 788
970 3 2 9 1 748 749 790 789
971 3 2 9 1 749 750 791 790
972 3 2 9 1 750 751 792 791
973 3 2 9 1 751 752 793 792
974 3 2 9 1 752 753 794 793
975 3 2 9 1 753 754 795 794
976 3 2 9 1 754 755 796 795
977 3 2 9 1 755 756 797 796
978 3 2 9 1 756 757 798 797
979 3 2 9 1 757 758 799 798
980 3 2 9 1 758 759 800 799
981 3 2 9 1 759 760 801 800
982 3 2 9 1 760 761 802 801
983 3 2 9 1 761 762 803 802
984 3 2 9 1 762 763 804 803
985 3 2 9 1 763 764 805 804
986 3 2 9 1 764 765 806 805
987 3 2 9 1 765 766 807 806
988 3 2 9 1 766 767 808 807
989 3 2 9 1 767 768 809 808
990 3 2 9 1 768 769 810 809
991 3 2 9 1 769 770 811 810
992 3 2 9 1 770 771 812 811
993 3 2 9 1 771 772 813 812
994 3 2 9 1 772 773 814 813
995 3 2 9 1 773 774 815 814
996 3 2 9 1 774 775 816 815
997 3 2 9 1 775 776 817 816
998 3 2 9 1 776 777 818 817
999 3 2 9 1 777 778 819 818
1000 3 2 9 1 778 779 820 819
1001 3 2 9 1 780 781 822 821
1002 3 2 9 1 781 782 823 822
1003 3 2 9 1 782 783 824 823
1004 3 2 9 1 783 784 825 824
1005 3 2 9 1 784 785 826 825
1006 3 2 9 1 785 786 827 826
1007 3 2 9 1 786 787 828 827
1008 3 2 9 1 787 788 829 828
1009 3 2 9 1 788 789 830 829
1010 3 2 9 1 789 790 831 830
1011 3 2 9 1 790 791 832 831
1012 3 2 9 1 791 792 833 832
1013 3 2 9 1 792 793 834 833
1014 3 2 9 1 793 794 835 834
1015 3 2 9 1 794 795 836 835
1016 3 2 9 1 795 796 837 836
1017 3 2 9 1 796 797 838 837
1018 3 2 9 1 797 798 839 838
1019 3 2 9 1 798 799 840 839
1020 3 2 9 1 799 800 841 840
1021 3 2 9 1 800 801 842 841
1022 3 2 9 1 801 802 843 842
1023 3 2 9 1 802 803 844 843
1024 3 2 9 1 803 804 845 844
1025 3 2 9 1 804 805 846 845
1026 3 2 9 1 805 806 847 846
1027 3 2 9 1 806 807 848 847
1028 3 2 9 1 807 808 849 848
1029 3 2 9 1 808 809 850 849
1030 3 2 9 1 809 810 851 850
1031 3 2 9 1 810 811 852 851
1032 3 2 9 1 811 812 853 852
1033 3 2 9 1 812 813 854 853
1034 3 2 9 1 813 814 855 854
1035 3 2 9 1 814 815 856 855
1036 3 2 9 1 815 816 857 856
1037 3 2 9 1 816 817 858 857
1038 3 2 9 1 817 818 859 858
1039 3 2 9 1 818 819 860 859
1040 3 2 9 1 819 820 861 860
1041 3 2 9 1 821 822 863 862
1042 3 2 9 1 822 823 864 863
1043 3 2 9 1 823 824 865 864
1044 3 2 9 1 824 825 866 865
1045 3 2 9 1 825 826 867 866
1046 3 2 9 1 826 827 868 867
1047 3 2 9 1 827 828 869 868
1048 3 2 9 1 828 829 870 869
1049 3 2 9 1 829 830 871 870
1050 3 2 9 1 830 831 872 871
1051 3 2 9 1 831 832 873 872
1052 3 2 9 1 832 833 874 873
1053 3 2 9 1 833 834 875 874
1054 3 2 9 1 834 835 876 875
1055 3 2 9 1 835 836 877 876
1056 3 2 9 1 836 837 878 877
1057 3 2 9 1 837 838 879 878
1058 3 2 9 1 838 839 880 879
1059 3 2 9 1 839 840 881 880
1060 3 2 9 1 840 841 882 881
1061 3 2 9 1 841 842 883 882
1062 3 2 9 1 842 843 884 883
1063 3 2 9 1 843 844 885 884
1064 3 2 9 1 844 845 886 885
1065 3 2 9 1 845 846 887 886
1066 3 2 9 1 846 847 888 887
1067 3 2 9 1 847 848 889 888
1068 3 2 9 1 848 849 890 889
1069 3 2 9 1 849 850 891 890
1070 3 2 9 1 850 851 892 891
1071 3 2 9 1 851 852 893 892
1072 3 2 9 1 852 853 894 893
1073 3 2 9 1 853 854 895 894
1074 3 2 9 1 854 855 896 895
1075 3 2 9 1 855 856 897 896
1076 3 2 9 1 856 857 898 897
1077 3 2 9 1 857 858 899 898
1078 3 2 9 1 858 859 900 899
1079 3 2 9 1 859 860 901 900
1080 3 2 9 1 860 861 902 901
1081 3 2 9 1 862 863 904 903
1082 3 2 9 1 863 864 905 904
1083 3 2 9 1 864 865 906 905
1084 3 2 9 1 865 866 907 906
1085 3 2 9 1 866 867 908 907
1086 3 2 9 1 867 868 909 908
1087 3 2 9 1 868 869 910 909
1088 3 2 9 1 869 870 911 910
1089 3 2 9 1 870 871 912 911
1090 3 2 9 1 871 872 913 912
1091 3 2 9 1 872 873 914 913
1092 3 2 9 1 873 874 915 914
1093 3 2 9 1 874 875 916 915
1094 3 2 9 1 875 876 917 916
1095 3 2 9 1 876 877 918 917
1096 3 2 9 1 877 878 919 918
1097 3 2 9 1 878 879 920 919
1098 3 2 9 1 879 880 921 920
1099 3 2 9 1 880 881 922 921
1100 3 2 9 1 881 882 923 922
1101 3 2 9 1 882 883 924 923
1102 3 2 9 1 883 884 925 924
1103 3 2 9 1 884 885 926 925
1104 3 2 9 1 885 886 927 926
1105 3 2 9 1 886 887 928 927
1106 3 2 9 1 887 888 929 928
1107 3 2 9 1 888 889 930 929
1108 3 2 9 1 889 890 931 930
1109 3 2 9 1 890 891 932 931
1110 3 2 9 1 891 892 933 932
1111 3 2 9 1 892 893 934 933
1112 3 2 9 1 893 894 935 934
1113 3 2 9 1 894 895 936 935
1114 3 2 9 1 895 896 937 936
1115 3 2 9 1 896 897 938 937
1116 3 2 9 1 897 898 939 938
1117 3 2 9 1 898 899 940 939
1118 3 2 9 1 899 900 941 940
1119 3 2 9 1 900 901 942 941
1120 3 2 9 1 901 902 943 942
1121 3 2 9 1 903 904 945 944
1122 3 2 9 1 904 905 946 945
1123 3 2 9 1 905 906 947 946
1124 3 2 9 1 906 907 948 947
1125 3 2 9 1 907 908 949 948
1126 3 2 9 1 908 909 950 949
1127 3 2 9 1 909 910 951 950
1128 3 2 9 1 910 911 952 951
1129 3 2 9 1 911 912 953 952
1130 3 2 9 1 912 913 954 953
1131 3 2 9 1 913 914 955 954
1132 3 2 9 1 914 915 956 955
1133 3 2 9 1 915 916 957 956
1134 3 2 9 1 916 917 958 957
1135 3 2 9 1 917 918 959 958
1136 3 2 9 1 918 919 960 959
1137 3 2 9 1 919 920 961 960
1138 3 2 9 1 920 921 962 961
1139 3 2 9 1 921 922 963 962
1140 3 2 9 1 922 923 964 963
1141 3 2 9 1 923 924 965 964
1142 3 2 9 1 924 925 966 965
1143 3 2 9 1 925 926 967 966
1144 3 2 9 1 926 927 968 967
1145 3 2 9 1 927 928 969 968
1146 3 2 9 1 928 929 970 969
1147 3 2 9 1 929 930 971 970
1148 3 2 9 1 930 931 972 971
1149 3 2 9 1 931 932 973 972
1150 3 2 9 1 932 933 974 973
1151 3 2 9 1 933 934 975 974
1152 3 2 9 1 934 935 976 975
1153 3 2 9 1 935 936 977 976
1154 3 2 9 1 936 937 978 977
1155 3 2 9 1 937 938 979 978
1156 3 2 9 1 938 939 980 979
1157 3 2 9 1 939 940 981 980
1158 3 2 9 1 940 941 982 981
1159 3 2 9 1 941 942 983 982
1160 3 2 9 1 942 943 984 983
1161 3 2 9 1 944 945 986 985
1162 3 2 9 1 945 946 987 986
1163 3 2 9 1 946 947 988 987
1164 3 2 9 1 947 948 989 988
1165 3 2 9 1 948 949 990 989
1166 3 2 9 1 949 950 991 990
1167 3 2 9 1 950 951 992 991
1168 3 2 9 1 951 952 993 992
1169 3 2 9 1 952 953 994 993
1170 3 2 9 1 953 954 995 994
1171 3 2 9 1 954 955 996 995
1172 3 2 9 1 955 956 997 996
1173 3 2 9 1 956 957 998 997
1174 3 2 9 1 957 958 999 998
1175 3 2 9 1 958 959 1000 999
1176 3 2 9 1 959 960 1001 1000
1177 3 2 9 1 960 961 1002 1001
1178 3 2 9 1 961 962 1003 1002
1179 3 2 9 1 962 963 1004 1003
1180 3 2 9 1 963 964 1005 1004
1181 3 2 9 1 964 965 1006 1005
1182 3 2 9 1 965 966 1007 1006
1183 3 2 9 1 966 967 1008 1007
1184 3 2 9 1 967 968 1009 1008
1185 3 2 9 1 968 969 1010 1009
1186 3 2 9 1 969 970 1011 1010
1187 3 2 9 1 970 971 1012 1011
1188 3 2 9 1 971 972 1013 1012
1189 3 2 9 1 972 973 1014 1013
1190 3 2 9 1 973 974 1015 1014
1191 3 2 9 1 974 975 1016 1015
1192 3 2 9 1 975 976 1017 1016
1193 3 2 9 1 976 977 1018 1017
1194 3 2 9 1 977 978 1019 1018
1195 3 2 9 1 978 979 1020 1019
1196 3 2 9 1 979 980 1021 1020
1197 3 2 9 1 980 981 1022 1021
1198 3 2 9 1 981 982 1023 1022
1199 3 2 9 1 982 983 1024 1023
1200 3 2 9 1 983 984 1025 1024
1201 3 2 9 1 985 986 1027 1026
1202 3 2 9 1 986 987 1028 1027
1203 3 2 9 1 987 988 1029 1028
1204 3 2 9 1 988 989 1030 1029
1205 3 2 9 1 989 990 1031 1030
1206 3 2 9 1 990 991 1032 1031
1207 3 2 9 1 991 992 1033 1032
1208 3 2 9 1 992 993 1034 1033
1209 3 2 9 1 993 994 1035 1034
1210 3 2 9 1 994 995 1036 1035
1211 3 2 9 1 995 996 1037 1036
1212 3 2 9 1 996 997 1038 1037
1213 3 2 9 1 997 998 1039 1038
1214 3 2 9 1 998 999 1040 1039
1215 3 2 9 1 999 1000 1041 1040
1216 3 2 9 1 1000 1001 1042 1041
1217 3 2 9 1 1001 1002 1043 1042
1218 3 2 9 1 1002 1003 1044 1043
1219 3 2 9 1 1003 1004 1045 1044
1220 3 2 9 1 1004 1005 1046 1045
1221 3 2 9 1 1005 1006 1047 1046
1222 3 2 9 1 1006 1007 1048 1047
1223 3 2 9 1 1007 1008 1049 1048
1224 3 2 9 1 1008 1009 1050 1049
1225 3 2 9 1 1009 1010 1051 1050
1226 3 2 9 1 1010 1011 1052 1051
1227 3 2 9 1 1011 1012 1053 1052
1228 3 2 9 1 1012 1013 1054 1053
1229 3 2 9 1 1013 1014 1055 1054
1230 3 2 9 1 1014 1015 1056 1055
1231 3 2 9 1 1015 1016 1057 1056
1232 3 2 9 1 1016 1017 1058 1057
1233 3 2 9 1 1017 1018 1059 1058
1234 3 2 9 1 1018 1019 1060 1059
1235 3 2 9 1 1019 1020 1061 1060
1236 3 2 9 1 1020 1021 1062 1061
1237 3 2 9 1 1021 1022 1063 1062
1238 3 2 9 1 1022 1023 1064 1063
1239 3 2 9 1 1023 1024 1065 1064
1240 3 2 9 1 1024 1025 1066 1065
1241 3 2 9 1 1026 1027 1068 1067
1242 3 2 9 1 1027 1028 1069 1068
1243 3 2 9 1 1028 1029 1070 1069
1244 3 2 9 1 1029 1030 1071 1070
1245 3 2 9 1 1030 1031 1072 1071
1246 3 2 9 1 1031 1032 1073 1072
1247 3 2 9 1 1032 1033 1074 1073
1248 3 2 9 1 1033 1034 1075 1074
1249 3 2 9 1 1034 1035 1076 1075
1250 3 2 9 1 1035 1036 1077 1076
1251 3 2 9 1 1036 1037 1078 1077
1252 3 2 9 1 1037 1038 1079 1078
1253 3 2 9 1 1038 1039 1080 1079
1254 3 2 9 1 1039 1040 1081 1080
1255 3 2 9 1 1040 1041 1082 1081
1256 3 2 9 1 1041 1042 1083 1082
1257 3 2 9 1 1042 1043 1084 1083
1258 3 2 9 1 1043 1044 1085 1084
1259 3 2 9 1 1044 1045 1086 1085
1260 3 2 9 1 1045 1046 1087 1086
1261 3 2 9 1 1046 1047 1088 1087
1262 3 2 9 1 1047 1048 1089 1088
1263 3 2 9 1 1048 1049 1090 1089
1264 3 2 9 1 1049 1050 1091 1090
1265 3 2 9 1 1050 1051 1092 1091
1266 3 2 9 1 1051 1052 1093 1092
1267 3 2 9 1 1052 1053 1094 1093
1268 3 2 9 1 1053 1054 1095 1094
1269 3 2 9 1 1054 1055 1096 1095
1270 3 2 9 1 1055 1056 1097 1096
1271 3 2 9 1 1056 1057 1098 1097
1272 3 2 9 1 1057 1058 1099 1098
1273 3 2 9 1 1058 1059 1100 1099
1274 3 2 9 1 1059 1060 1101 1100
1275 3 2 9 1 1060 1061 1102 1101
1276 3 2 9 1 1061 1062 1103 1102
1277 3 2 9 1 1062 1063 1104 1103
1278 3 2 9 1 1063 1064 1105 1104
1279 3 2 9 1 1064 1065 1106 1105
1280 3 2 9 1 1065 1066 1107 1106
1281 3 2 9 1 1067 1068 1109 1108
1282 3 2 9 1 1068 1069 1110 1109
1283 3 2 9 1 1069 1070 1111 1110
1284 3 2 9 1 1070 1071 1112 1111
1285 3 2 9 1 1071 1072 1113 1112
1286 3 2 9 1 1072 1073 1114 1113
1287 3 2 9 1 1073 1074 1115 1114
1288 3 2 9 1 1074 1075 1116 1115
1289 3 2 9 1 1075 1076 1117 1116
1290 3 2 9 1 1076 1077 1118 1117
1291 3 2 9 1 1077 1078 1119 1118
1292 3 2 9 1 1078 1079 1120 1119
1293 3 2 9 1 1079 1080 1121 1120
1294 3 2 9 1 1080 1081 1122 1121
1295 3 2 9 1 1081 1082 1123 1122
1296 3 2 9 1 1082 1083 1124 1123
1297 3 2 9 1 1083 1084 1125 1124
1298 3 2 9 1 1084 1085 1126 1125
1299 3 2 9 1 1085 1086 1127 1126
1300 3 2 9 1 1086 1087 1128 1127
1301 3 2 9 1 1087 1088 1129 1128
1302 3 2 9 1 1088 1089 1130 1129
1303 3 2 9 1 1089 1090 1131 1130
1304 3 2 9 1 1090 1091 1132 1131
1305 3 2 9 1 1091 1092 1133 1132
1306 3 2 9 1 1092 1093 1134 1133
1307 3 2 9 1 1093 1094 1135 1134
1308 3 2 9 1 1094 1095 1136 1135
1309 3 2 9 1 1095 1096 1137 1136
1310 3 2 9 1 1096 1097 1138 1137
1311 3 2 9 1 1097 1098 1139 1138
1312 3 2 9 1 1098 1099 1140 1139
1313 3 2 9 1 1099 1100 1141 1140
1314 3 2 9 1 1100 1101 1142 1141
1315 3 2 9 1 1101 1102 1143 1142
1316 3 2 9 1 1102 1103 1144 1143
1317 3 2 9 1 1103 1104 1145 1144
1318 3 2 9 1 1104 1105 1146 1145
1319 3 2 9 1 1105 1106 1147 1146
1320 3 2 9 1 1106 1107 1148 1147
1321 3 2 9 1 1108 1109 1150 1149
1322 3 2 9 1 1109 1110 1151 1150
1323 3 2 9 1 1110 1111 1152 1151
1324 3 2 9 1 1111 1112 1153 1152
1325 3 2 9 1 1112 1113 1154 1153
1326 3 2 9 1 1113 1114 1155 1154
1327 3 2 9 1 1114 1115 1156 1155
1328 3 2 9 1 1115 1116 1157 1156
1329 3 2 9 1 1116 1117 1158 1157
1330 3 2 9 1 1117 1118 1159 1158
1331 3 2 9 1 1118 1119 1160 1159
1332 3 2 9 1 1119 1120 1161 1160
1333 3 2 9 1 1120 1121 1162 1161
1334 3 2 9 1 1121 1122 1163 1162
1335 3 2 9 1 1122 1123 1164 1163
1336 3 2 9 1 1123 1124 1165 1164
1337 3 2 9 1 1124 1125 1166 1165
1338 3 2 9 1 1125 1126 1167 1166
1339 3 2 9 1 1126 1127 1168 1167
1340 3 2 9 1 1127 1128 1169 1168
1341 3 2 9 1 1128 1129 1170 1169
1342 3 2 9 1 1129 1130 1171 1170
1343 3 2 9 1 1130 1131 1172 1171
1344 3 2 9 1 1131 1132 1173 1172
1345 3 2 9 1 1132 1133 1174 1173
1346 3 2 9 1 1133 1134 1175 1174
1347 3 2 9 1 1134 1135 1176 1175
1348 3 2 9 1 1135 1136 1177 1176
1349 3 2 9 1 1136 1137 1178 1177
1350 3 2 9 1 1137 1138 1179 1178
1351 3 2 9 1 1138 1139 1180 1179
1352 3 2 9 1 1139 1140 1181 1180
1353 3 2 9 1 1140 1141 1182 1181
1354 3 2 9 1 1141 1142 1183 1182
1355 3 2 9 1 1142 1143 1184 1183
1356 3 2 9 1 1143 1144 1185 1184
1357 3 2 9 1 1144 1145 1186 1185
1358 3 2 9 1 1145 1146 1187 1186
1359 3 2 9 1 1146 1147 1188 1187
1360 3 2 9 1 1147 1148 1189 1188
1361 3 2 9 1 1149 1150 1191 1190
1362 3 2 9 1 1150 1151 1192 1191
1363 3 2 9 1 1151 1152 1193 1192
1364 3 2 9 1 1152 1153 1194 1193
1365 3 2 9 1 1153 1154 1195 1194
1366 3 2 9 1 1154 1155 1196 1195
1367 3 2 9 1 1155 1156 1197 1196
1368 3 2 9 1 1156 1157 1198 1197
1369 3 2 9 1 1157 1158 1199 1198
1370 3 2 9 1 1158 1159 1200 1199
1371 3 2 9 1 1159 1160 1201 1200
1372 3 2 9 1 1160 1161 1202 1201
1373 3 2 9 1 1161 1162 1203 1202
1374 3 2 9 1 1162 1163 1204 1203
1375 3 2 9 1 1163 1164 1205 1204
1376 3 2 9 1 1164 1165 1206 1205
1377 3 2 9 1 1165 1166 1207 1206
1378 3 2 9 1 1166 1167 1208 1207
1379 3 2 9 1 1167 1168 1209 1208
1380 3 2 9 1 1168 1169 1210 1209
1381 3 2 9 1 1169 1170 1211 1210
1382 3 2 9 1 1170 1171 1212 1211
1383 3 2 9 1 1171 1172 1213 1212
1384 3 2 9 1 1172 1173 1214 1213
1385 3 2 9 1 1173 1174 1215 1214
1386 3 2 9 1 1174 1175 1216 1215
1387 3 2 9 1 1175 1176 1217 1216
1388 3 2 9 1 1176 1177 1218 1217
1389 3 2 9 1 1177 1178 1219 1218
1390 3 2 9 1 1178 1179 1220 1219
1391 3 2 9 1 1179 1180 1221 1220
1392 3 2 9 1 1180 1181 1222 1221
1393 3 2 9 1 1181 1182 1223 1222
1394 3 2 9 1 1182 1183 1224 1223
1395 3 2 9 1 1183 1184 1225 1224
1396 3 2 9 1 1184 1185 1226 1225
1397 3 2 9 1 1185 1186 1227 1226
1398 3 2 9 1 1186 1187 1228 1227
1399 3 2 9 1 1187 1188 1229 1228
1400 3 2 9 1 1188 1189 1230 1229
1401 3 2 9 1 1190 1191 1232 1231
1402 3 2 9 1 1191 1192 1233 1232
1403 3 2 9 1 1192 1193 1234 1233
1404 3 2 9 1 1193 1194 1235 1234
1405 3 2 9 1 1194 1195 1236 1235
1406 3 2 9 1 1195 1196 1237 1236
1407 3 2 9 1 1196 1197 1238 1237
1408 3 2 9 1 1197 1198 1239 1238
1409 3 2 9 1 1198 1199 1240 1239
1410 3 2 9 1 1199 1200 1241 1240
1411 3 2 9 1 1200 1201 1242 1241
1412 3 2 9 1 1201 1202 1243 1242
1413 3 2 9 1 1202 1203 1244 1243
1414 3 2 9 1 1203 1204 1245 1244
1415 3 2 9 1 1204 1205 1246 1245
1416 3 2 9 1 1205 1206 1247 1246
1417 3 2 9 1 1206 1207 1248 1247
1418 3 2 9 1 1207 1208 1249 1248
1419 3 2 9 1 1208 1209 1250 1249
1420 3 2 9 1 1209 1210 1251 1250
1421 3 2 9 1 1210 1211 1252 1251
1422 3 2 9 1 1211 1212 1253 1252
1423 3 2 9 1 1212 1213 1254 1253
1424 3 2 9 1 1213 1214 1255 1254
1425 3 2 9 1 1214 1215 1256 1255
1426 3 2 9 1 1215 1216 1257 1256
1427 3 2 9 1 1216 1217 1258 1257
1428 3 2 9 1 1217 1218 1259 1258
1429 3 2 9 1 1218 1219 1260 1259
1430 3 2 9 1 1219 1220 1261 1260
1431 3 2 9 1 1220 1221 1262 1261
1432 3 2 9 1 1221 1222 1263 1262
1433 3 2 9 1 1222 1223 1264 1263
1434 3 2 9 1 1223 1224 1265 1264
1435 3 2 9 1 1224 1225 1266 1265
1436 3 2 9 1 1225 1226 1267 1266
1437 3 2 9 1 1226 1227 1268 1267
1438 3 2 9 1 1227 1228 1269 1268
1439 3 2 9 1 1228 1229 1270 1269
1440 3 2 9 1 1229 1230 1271 1270
1441 3 2 9 1 1231 1232 1273 1272
1442 3 2 9 1 1232 1233 1274 1273
1443 3 2 9 1 1233 1234 1275 1274
1444 3 2 9 1 1234 1235 1276 1275
1445 3 2 9 1 1235 1236 1277 1276
1446 3 2 9 1 1236 1237 1278 1277
1447 3 2 9 1 1237 1238 1279 1278
1448 3 2 9 1 1238 1239 1280 1279
1449 3 2 9 1 1239 1240 1281 1280
1450 3 2 9 1 1240 1241 1282 1281
1451 3 2 9 1 1241 1242 1283 1282
1452 3 2 9 1 1242 1243 1284 1283
1453 3 2 9 1 1243 1244 1285 1284
1454 3 2 9 1 1244 1245 1286 1285
1455 3 2 9 1 1245 1246 1287 1286
1456 3 2 9 1 1246 1247 1288 1287
1457 3 2 9 1 1247 1248 1289 1288
1458 3 2 9 1 1248 1249 1290 1289
1459 3 2 9 1 1249 1250 1291 1290
1460 3 2 9 1 1250 1251 1292 1291
1461 3 2 9 1 1251 1252 1293 1292
1462 3 2 9 1 1252 1253 1294 1293
1463 3 2 9 1 1253 1254 1295 1294
1464 3 2 9 1 1254 1255 1296 1295
1465 3 2 9 1 1255 1256 1297 1296
1466 3 2 9 1 1256 1257 1298 1297
1467 3 2 9 1 1257 1258 1299 1298
1468 3 2 9 1 1258 1259 1300 1299
1469 3 2 9 1 1259 1260 1301 1300
1470 3 2 9 1 1260 1261 1302 1301
1471 3 2 9 1 1261 1262 1303 1302
1472 3 2 9 1 1262 1263 1304 1303
1473 3 2 9 1 1263 1264 1305 1304
1474 3 2 9 1 1264 1265 1306 1305
1475 3 2 9 1 1265 1266 1307 1306
1476 3 2 9 1 1266 1267 1308 1307
1477 3 2 9 1 1267 1268 1309 1308
1478 3 2 9 1 1268 1269 1310 1309
1479 3 2 9 1 1269 1270 1311 1310
1480 3 2 9 1 1270 1271 1312 1311
1481 3 2 9 1 1272 1273 1314 1313
1482 3 2 9 1 1273 1274 1315 1314
1483 3 2 9 1 1274 1275 1316 1315
1484 3 2 9 1 1275 1276 1317 1316
1485 3 2 9 1 1276 1277 1318 1317
1486 3 2 9 1 1277 1278 1319 1318
1487 3 2 9 1 1278 1279 1320 1319
1488 3 2 9 1 1279 1280 1321 1320
1489 3 2 9 1 1280 1281 1322 1321
1490 3 2 9 1 1281 1282 1323 1322
1491 3 2 9 1 1282 1283 1324 1323
1492 3 2 9 1 1283 1284 1325 1324
1493 3 2 9 1 1284 1285 1326 1325
1494 3 2 9 1 1285 1286 1327 1326
1495 3 2 9 1 1286 1287 1328 1327
1496 3 2 9 1 1287 1288 1329 1328
1497 3 2 9 1 1288 1289 1330 1329
1498 3 2 9 1 1289 1290 1331 1330
1499 3 2 9 1 1290 1291 1332 1331
1500 3 2 9 1 1291 1292 1333 1332
1501 3 2 9 1 1292 1293 1334 1333
1502 3 2 9 1 1293 1294 1335 1334
1503 3 2 9 1 1294 1295 1336 1335
1504 3 2 9 1 1295 1296 1337 1336
1505 3 2 9 1 1296 1297 1338 1337
1506 3 2 9 1 1297 1298 1339 1338
1507 3 2 9 1 1298 1299 1340 1339
1508 3 2 9 1 1299 1300 1341 1340
1509 3 2 9 1 1300 1301 1342 1341
1510 3 2 9 1 1301 1302 1343 1342
1511 3 2 9 1 1302 1303 1344 1343
1512 3 2 9 1 1303 1304 1345 1344
1513 3 2 9 1 1304 1305 1346 1345
1514 3 2 9 1 1305 1306 1347 1346
1515 3 2 9 1 1306 1307 1348 1347
1516 3 2 9 1 1307 1308 1349 1348
1517 3 2 9 1 1308 1309 1350 1349
1518 3 2 9 1 1309 1310 1351 1350
1519 3 2 9 1 1310 1311 1352 1351
1520 3 2 9 1 1311 1312 1353 1352
1521 3 2 9 1 1313 1314 1355 1354
1522 3 2 9 1 1314 1315 1356 1355
1523 3 2 9 1 1315 1316 1357 1356
1524 3 2 9 1 1316 1317 1358 1357
1525 3 2 9 1 1317 1318 1359 1358
1526 3 2 9 1 1318 1319 1360 1359
1527 3 2 9 1 1319 1320 1361 1360
1528 3 2 9 1 1320 1321 1362 1361
1529 3 2 9 1 1321 1322 1363 1362
1530 3 2 9 1 1322 1323 1364 1363
1531 3 2 9 1 1323 1324 1365 1364
1532 3 2 9 1 1324 1325 1366 1365
1533 3 2 9 1 1325 1326 1367 1366
1534 3 2 9 1 1326 1327 1368 1367
1535 3 2 9 1 1327 1328 1369 1368
1536 3 2 9 1 1328 1329 1370 1369
1537 3 2 9 1 1329 1330 1371 1370
1538 3 2 9 1 1330 1331 1372 1371
1539 3 2 9 1 1331 1332 1373 1372
1540 3 2 9 1 1332 1333 1374 1373
1541 3 2 9 1 1333 1334 1375 1374
1542 3 2 9 1 1334 1335 1376 1375
1543 3 2 9 1 1335 1336 1377 1376
1544 3 2 9 1 1336 1337 1378 1377
1545 3 2 9 1 1337 1338 1379 1378
1546 3 2 9 1 1338 1339 1380 1379
1547 3 2 9 1 1339 1340 1381 1380
1548 3 2 9 1 1340 1341 1382 1381
1549 3 2 9 1 1341 1342 1383 1382
1550 3 2 9 1 1342 1343 1384 1383
1551 3 2 9 1 1343 1344 1385 1384
1552 3 2 9 1 1344 1345 1386 1385
1553 3 2 9 1 1345 1346 1387 1386
1554 3 2 9 1 1346 1347 1388 1387
1555 3 2 9 1 1347 1348 1389 1388
1556 3 2 9 1 1348 1349 1390 1389
1557 3 2 9 1 1349 1350 1391 1390
1558 3 2 9 1 1350 1351 1392 1391
1559 3 2 9 1 1351 1352 1393 1392
1560 3 2 9 1 1352 1353 1394 1393
1561 3 2 9 1 1354 1355 1396 1395
1562 3 2 9 1 1355 1356 1397 1396
1563 3 2 9 1 1356 1357 1398 1397
1564 3 2 9 1 1357 1358 1399 1398
1565 3 2 9 1 1358 1359 1400 1399
1566 3 2 9 1 1359 1360 1401 1400
1567 3 2 9 1 1360 1361 1402 1401
1568 3 2 9 1 1361 1362 1403 1402
1569 3 2 9 1 1362 1363 1404 1403
1570 3 2 9 1 1363 1364 1405 1404
1571 3 2 9 1 1364 1365 1406 1405
1572 3 2 9 1 1365 1366 1407 1406
1573 3 2 9 1 1366 1367 1408 1407
1574 3 2 9 1 1367 1368 1409 1408
1575 3 2 9 1 1368 1369 1410 1409
1576 3 2 9 1 1369 1370 1411 1410
1577 3 2 9 1 1370 1371 1412 1411
1578 3 2 9 1 1371 1372 1413 1412
1579 3 2 9 1 1372 1373 1414 1413
1580 3 2 9 1 1373 1374 1415 1414
1581 3 2 9 1 1374 1375 1416 1415
1582 3 2 9 1 1375 1376 1417 1416
1583 3 2 9 1 1376 1377 1418 1417
1584 3 2 9 1 1377 1378 1419 1418
1585 3 2 9 1 1378 1379 1420 1419
1586 3 2 9 1 1379 1380 1421 1420
1587 3 2 9 1 1380 1381 1422 1421
1588 3 2 9 1 1381 1382 1423 1422
1589 3 2 9 1 1382 1383 1424 1423
1590 3 2 9 1 1383 1384 1425 1424
1591 3 2 9 1 1384 1385 1426 1425
1592 3 2 9 1 1385 1386 1427 1426
1593 3 2 9 1 1386 1387 1428 1427
1594 3 2 9 1 1387 1388 1429 1428
1595 3 2 9 1 1388 1389 1430 1429
1596 3 2 9 1 1389 1390 1431 1430
1597 3 2 9 1 1390 1391 1432 1431
1598 3 2 9 1 1391 1392 1433 1432
1599 3 2 9 1 1392 1393 1434 1433
1600 3 2 9 1 1393 1394 1435 1434
1601 3 2 9 1 1395 1396 1437 1436
1602 3 2 9 1 1396 1397 1438 1437
1603 3 2 9 1 1397 1398 1439 1438
1604 3 2 9 1 1398 1399 1440 1439
1605 3 2 9 1 1399 1400 1441 1440
1606 3 2 9 1 1400 1401 1442 1441
1607 3 2 9 1 1401 1402 1443 1442
1608 3 2 9 1 1402 1403 1444 1443
1609 3 2 9 1 1403 1404 1445 1444
1610 3 2 9 1 1404 1405 1446 1445
1611 3 2 9 1 1405 1406 1447 1446
1612 3 2 9 1 1406 1407 1448 1447
1613 3 2 9 1 1407 1408 1449 1448
1614 3 2 9 1 1408 1409 1450 1449
1615 3 2 9 1 1409 1410 1451 1450
1616 3 2 9 1 1410 1411 1452 1451
1617 3 2 9 1 1411 1412 1453 1452
1618 3 2 9 1 1412 1413 1454 1453
1619 3 2 9 1 1413 1414 1455 1454
1620 3 2 9 1 1414 1415 1456 1455
1621 3 2 9 1 1415 1416 1457 1456
1622 3 2 9 1 1416 1417 1458 1457
1623 3 2 9 1 1417 1418 1459 1458
1624 3 2 9 1 1418 1419 1460 1459
1625 3 2 9 1 1419 1420 1461 1460
1626 3 2 9 1 1420 1421 1462 1461
1627 3 2 9 1 1421 1422 1463 1462
1628 3 2 9 1 1422 1423 1464 1463
1629 3 2 9 1 1423 1424 1465 1464
1630 3 2 9 1 1424 1425 1466 1465
1631 3 2 9 1 1425 1426 1467 1466
1632 3 2 9 1 1426 1427 1468 1467
1633 3 2 9 1 1427 1428 1469 1468
1634 3 2 9 1 1428 1429 1470 1469
1635 3 2 9 1 1429 1430 1471 1470
1636 3 2 9 1 1430 1431 1472 1471
1637 3 2 9 1 1431 1432 1473 1472
1638 3 2 9 1 1432 1433 1474 1473
1639 3 2 9 1 1433 1434 1475 1474
1640 3 2 9 1 1434 1435 1476 1475
1641 3 2 9 1 1436 1437 1478 1477
1642 3 2 9 1 1437 1438 1479 1478
1643 3 2 9 1 1438 1439 1480 1479
1644 3 2 9 1 1439 1440 1481 1480
1645 3 2 9 1 1440 1441 1482 1481
1646 3 2 9 1 1441 1442 1483 1482
1647 3 2 9 1 1442 1443 1484 1483
1648 3 2 9 1 1443 1444 1485 1484
1649 3 2 9 1 1444 1445 1486 1485
1650 3 2 9 1 1445 1446 1487 1486
1651 3 2 9 1 1446 1447 1488 1487
1652 3 2 9 1 1447 1448 1489 1488
1653 3 2 9 1 1448 1449 1490 1489
1654 3 2 9 1 1449 1450 1491 1490
1655 3 2 9 1 1450 1451 1492 1491
1656 3 2 9 1 1451 1452 1493 1492
1657 3 2 9 1 1452 1453 1494 1493
1658 3 2 9 1 1453 1454 1495 1494
1659 3 2 9 1 1454 1455 1496 1495
1660 3 2 9 1 1455 1456 1497 1496
1661 3 2 9 1 1456 1457 1498 1497
1662 3 2 9 1 1457 1458 1499 1498
1663 3 2 9 1 1458 1459 1500 1499
1664 3 2 9 1 1459 1460 1501 1500
1665 3 2 9 1 1460 1461 1502 1501
1666 3 2 9 1 1461 1462 1503 1502
1667 3 2 9 1 1462 1463 1504 1503
1668 3 2 9 1 1463 1464 1505 1504
1669 3 2 9 1 1464 1465 1506 1505
1670 3 2 9 1 1465 1466 1507 1506
1671 3 2 9 1 1466 1467 1508 1507
1672 3 2 9 1 1467 1468 1509 1508
1673 3 2 9 1 1468 1469 1510 1509
1674 3 2 9 1 1469 1470 1511 1510
1675 3 2 9 1 1470 1471 1512 1511
1676 3 2 9 1 1471 1472 1513 1512
1677 3 2 9 1 1472 1473 1514 1513
1678 3 2 9 1 1473 1474 1515 1514
1679 3 2 9 1 1474 1475 1516 1515
1680 3 2 9 1 1475 1476 1517 1516
1681 3 2 9 1 1477 1478 1519 1518
1682 3 2 9 1 1478 1479 1520 1519
1683 3 2 9 1 1479 1480 1521 1520
1684 3 2 9 1 1480 1481 1522 1521
1685 3 2 9 1 1481 1482 1523 1522
1686 3 2 9 1 1482 1483 1524 1523
1687 3 2 9 1 1483 1484 1525 1524
1688 3 2 9 1 1484 1485 1526 1525
1689 3 2 9 1 1485 1486 1527 1526
1690 3 2 9 1 1486 1487 1528 1527
1691 3 2 9 1 1487 1488 1529 1528
1692 3 2 9 1 1488 1489 1530 1529
1693 3 2 9 1 1489 1490 1531 1530
1694 3 2 9 1 1490 1491 1532 1531
1695 3 2 9 1 1491 1492 1533 1532
1696 3 2 9 1 1492 1493 1534 1533
1697 3 2 9 1 1493 1494 1535 1534
1698 3 2 9 1 1494 1495 1536 1535
1699 3 2 9 1 1495 1496 1537 1536
1700 3 2 9 1 1496 1497 1538 1537
1701 3 2 9 1 1497 1498 1539 1538
1702 3 2 9 1 1498 1499 1540 1539
1703 3 2 9 1 1499 1500 1541 1540
1704 3 2 9 1 1500 1501 1542 1541
1705 3 2 9 1 1501 1502 1543 1542
1706 3 2 9 1 1502 1503 1544 1543
1707 3 2 9 1 1503 1504 1545 1544
1708 3 2 9 1 1504 1505 1546 1545
1709 3 2 9 1 1505 1506 1547 1546
1710 3 2 9 1 1506 1507 1548 1547
1711 3 2 9 1 1507 1508 1549 1548
1712 3 2 9 1 1508 1509 1550 1549
1713 3 2 9 1 1509 1510 1551 1550
1714 3 2 9 1 1510 1511 1552 1551
1715 3 2 9 1 1511 1512 1553 1552
1716 3 2 9 1 1512 1513 1554 1553
1717 3 2 9 1 1513 1514 1555 1554
1718 3 2 9 1 1514 1515 1556 1555
1719 3 2 9 1 1515 1516 1557 1556
1720 3 2 9 1 1516 1517 1558 1557
1721 3 2 9 1 1518 1519 1560 1559
1722 3 2 9 1 1519 1520 1561 1560
1723 3 2 9 1 1520 1521 1562 1561
1724 3 2 9 1 1521 1522 1563 1562
1725 3 2 9 1 1522 1523 1564 1563
1726 3 2 9 1 1523 1524 1565 1564
1727 3 2 9 1 1524 1525 1566 1565
1728 3 2 9 1 1525 1526 1567 1566
1729 3 2 9 1 1526 1527 1568 1567
1730 3 2 9 1 1527 1528 1569 1568
1731 3 2 9 1 1528 1529 1570 1569
1732 3 2 9 1 1529 1530 1571 1570
1733 3 2 9 1 1530 1531 1572 1571
1734 3 2 9 1 1531 1532 1573 1572
1735 3 2 9 1 1532 1533 1574 1573
1736 3 2 9 1 1533 1534 1575 1574
1737 3 2 9 1 1534 1535 1576 1575
1738 3 2 9 1 1535 1536 1577 1576
1739 3 2 9 1 1536 1537 1578 1577
1740 3 2 9 1 1537 1538 1579 1578
1741 3 2 9 1 1538 1539 1580 1579
1742 3 2 9 1 1539 1540 1581 1580
1743 3 2 9 1 1540 1541 1582 1581
1744 3 2 9 1 1541 1542 1583 1582
1745 3 2 9 1 1542 1543 1584 1583
1746 3 2 9 1 1543 1544 1585 1584
1747 3 2 9 1 1544 1545 1586 1585
1748 3 2 9 1 1545 1546 1587 1586
1749 3 2 9 1 1546 1547 1588 1587
1750 3 2 9 1 1547 1548 1589 1588
1751 3 2 9 1 1548 1549 1590 1589
1752 3 2 9 1 1549 1550 1591 1590
1753 3 2 9 1 1550 1551 1592 1591
1754 3 2 9 1 1551 1552 1593 1592
1755 3 2 9 1 1552 1553 1594 1593
1756 3 2 9 1 1553 1554 1595 1594
1757 3 2 9 1 1554 1555 1596 1595
1758 3 2 9 1 1555 1556 1597 1596
1759 3 2 9 1 1556 1557 1598 1597
1760 3 2 9 1 1557 1558 1599 1598
1761 3 2 9 1 1559 1560 1601 1600
1762 3 2 9 1 1560 1561 1602 1601
1763 3 2 9 1 1561 1562 1603 1602
1764 3 2 9 1 1562 1563 1604 1603
1765 3 2 9 1 1563 1564 1605 1604
1766 3 2 9 1 1564 1565 1606 1605
1767 3 2 9 1 1565 1566 1607 1606
1768 3 2 9 1 1566 1567 1608 1607
1769 3 2 9 1 1567 1568 1609 1608
1770 3 2 9 1 1568 1569 1610 1609
1771 3 2 9 1 1569 1570 1611 1610
1772 3 2 9 1 1570 1571 1612 1611
1773 3 2 9 1 1571 1572 1613 1612
1774 3 2 9 1 1572 1573 1614 1613
1775 3 2 9 1 1573 1574 1615 1614
1776 3 2 9 1 1574 1575 1616 1615
1777 3 2 9 1 1575 1576 1617 1616
1778 3 2 9 1 1576 1577 1618 1617
1779 3 2 9 1 1577 1578 1619 1618
1780 3 2 9 1 1578 1579 1620 1619
1781 3 2 9 1 1579 1580 1621 1620
1782 3 2 9 1 1580 1581 1622 1621
1783 3 2 9 1 1581 1582 1623 1622
1784 3 2 9 1 1582 1583 1624 1623
1785 3 2 9 1 1583 1584 1625 1624
1786 3 2 9 1 1584 1585 1626 1625
1787 3 2 9 1 1585 1586 1627 1626
1788 3 2 9 1 1586 1587 1628 1627
1789 3 2 9 1 1587 1588 1629 1628
1790 3 2 9 1 1588 1589 1630 1629
1791 3 2 9 1 1589 1590 1631 1630
1792 3 2 9 1 1590 1591 1632 1631
1793 3 2 9 1 1591 1592 1633 1632
1794 3 2 9 1 1592 1593 1634 1633
1795 3 2 9 1 1593 1594 1635 1634
1796 3 2 9 1 1594 1595 1636 1635
1797 3 2 9 1 1595 1596 1637 1636
1798 3 2 9 1 1596 1597 1638 1637
1799 3 2 9 1 1597 1598 1639 1638
1800 3 2 9 1 1598 1599 1640 1639
1801 3 2 9 1 1600 1601 1642 1641
1802 3 2 9 1 1601 1602 1643 1642
1803 3 2 9 1 1602 1603 1644 1643
1804 3 2 9 1 1603 1604 1645 1644
1805 3 2 9 1 1604 1605 1646 1645
1806 3 2 9 1 1605 1606 1647 1646
1807 3 2 9 1 1606 1607 1648 1647
1808 3 2 9 1 1607 1608 1649 1648
1809 3 2 9 1 1608 1609 1650 1649
1810 3 2 9 1 1609 1610 1651 1650
1811 3 2 9 1 1610 1611 1652 1651
1812 3 2 9 1 1611 1612 1653 1652
1813 3 2 9 1 1612 1613 1654 1653
1814 3 2 9 1 1613 1614 1655 1654
1815 3 2 9 1 1614 1615 1656 1655
1816 3 2 9 1 1615 1616 1657 1656
1817 3 2 9 1 1616 1617 1658 1657
1818 3 2 9 1 1617 1618 1659 1658
1819 3 2 9 1 1618 1619 1660 1659
1820 3 2 9 1 1619 1620 1661 1660
1821 3 2 9 1 1620 1621 1662 1661
1822 3 2 9 1 1621 1622 1663 1662
1823 3 2 9 1 1622 1623 1664 1663
1824 3 2 9 1 1623 1624 1665 1664
1825 3 2 9 1 1624 1625 1666 1665
1826 3 2 9 1 1625 1626 1667 1666
1827 3 2 9 1 1626 1627 1668 1667
1828 3 2 9 1 1627 1628 1669 1668
1829 3 2 9 1 1628 1629 1670 1669
1830 3 2 9 1 1629 1630 1671 1670
1831 3 2 9 1 1630 1631 1672 1671
1832 3 2 9 1 1631 1632 1673 1672
1833 3 2 9 1 1632 1633 1674 1673
1834 3 2 9 1 1633 1634 1675 1674
1835 3 2 9 1 1634 1635 1676 1675
1836 3 2 9 1 1635 1636 1677 1676
1837 3 2 9 1 1636 1637 1678 1677
1838 3 2 9 1 1637 1638 1679 1678
1839 3 2 9 1 1638 1639 1680 1679
1840 3 2 9 1 1639 1640 1681 1680
1841 3 2 9 1 1641 1642 1683 1682
1842 3 2 9 1 1642 1643 1684 1683
1843 3 2 9 1 1643 1644 1685 1684
1844 3 2 9 1 1644 1645 1686 1685
1845 3 2 9 1 1645 1646 1687 1686
1846 3 2 9 1 1646 1647 1688 1687
1847 3 2 9 1 1647 1648 1689 1688
1848 3 2 9 1 1648 1649 1690 1689
1849 3 2 9 1 1649 1650 1691 1690
1850 3 2 9 1 1650 1651 1692 1691
1851 3 2 9 1 1651 1652 1693 1692
1852 3 2 9 1 1652 1653 1694 1693
1853 3 2 9 1 1653 1654 1695 1694
1854 3 2 9 1 1654 1655 1696 1695
1855 3 2 9 1 1655 1656 1697 1696
1856 3 2 9 1 1656 1657 1698 1697
1857 3 2 9 1 1657 1658 1699 1698
1858 3 2 9 1 1658 1659 1700 1699
1859 3 2 9 1 1659 1660 1701 1700
1860 3 2 9 1 1660 1661 1702 1701
1861 3 2 9 1 1661 1662 1703 1702
1862 3 2 9 1 1662 1663 1704 1703
1863 3 2 9 1 1663 1664 1705 1704
1864 3 2 9 1 1664 1665 1706 1705
1865 3 2 9 1 1665 1666 1707 1706
1866 3 2 9 1 1666 1667 1708 1707
1867 3 2 9 1 1667 1668 1709 1708
1868 3 2 9 1 1668 1669 1710 1709
1869 3 2 9 1 1669 1670 1711 1710
1870 3 2 9 1 1670 1671 1712 1711
1871 3 2 9 1 1671 1672 1713 1712
1872 3 2 9 1 1672 1673 1714 1713
1873 3 2 9 1 1673 1674 1715 1714
1874 3 2 9 1 1674 1675 1716 1715
1875 3 2 9 1 1675 1676 1717 1716
1876 3 2 9 1 1676 1677 1718 1717
1877 3 2 9 1 1677 1678 1719 1718
1878 3 2 9 1 1678 1679 1720 1719
1879 3 2 9 1 1679 1680 1721 1720
1880 3 2 9 1 1680 1681 1722 1721
1881 3 2 9 1 1682 1683 1724 1723
1882 3 2 9 1 1683 1684 1725 1724
1883 3 2 9 1 1684 1685 1726 1725
1884 3 2 9 1 1685 1686 1727 1726
1885 3 2 9 1 1686 1687 1728 1727
1886 3 2 9 1 1687 1688 1729 1728
1887 3 2 9 1 1688 1689 1730 1729
1888 3 2 9 1 1689 1690 1731 1730
1889 3 2 9 1 1690 1691 1732 1731
1890 3 2 9 1 1691 1692 1733 1732
1891 3 2 9 1 1692 1693 1734 1733
1892 3 2 9 1 1693 1694 1735 1734
1893 3 2 9 1 1694 1695 1736 1735
1894 3 2 9 1 1695 1696 1737 1736
1895 3 2 9 1 1696 1697 1738 1737
1896 3 2 9 1 1697 1698 1739 1738
1897 3 2 9 1 1698 1699 1740 1739
1898 3 2 9 1 1699 1700 1741 1740
1899 3 2 9 1 1700 1701 1742 1741
1900 3 2 9 1 1701 1702 1743 1742
1901 3 2 9 1 1702 1703 1744 1743
1902 3 2 9 1 1703 1704 1745 1744
1903 3 2 9 1 1704 1705 1746 1745
1904 3 2 9 1 1705 1706 1747 1746
1905 3 2 9 1 1706 1707 1748 1747
1906 3 2 9 1 1707 1708 1749 1748
1907 3 2 9 1 1708 1709 1750 1749
1908 3 2 9 1 1709 1710 1751 1750
1909 3 2 9 1 1710 1711 1752 1751
1910 3 2 9 1 1711 1712 1753 1752
1911 3 2 9 1 1712 1713 1754 1753
1912 3 2 9 1 1713 1714 1755 1754
1913 3 2 9 1 1714 1715 1756 1755
1914 3 2 9 1 1715 1716 1757 1756
1915 3 2 9 1 1716 1717 1758 1757
1916 3 2 9 1 1717 1718 1759 1758
1917 3 2 9 1 1718 1719 1760 1759
1918 3 2 9 1 1719 1720 1761 1760
1919 3 2 9 1 1720 1721 1762 1761
1920 3 2 9 1 1721 1722 1763 1762
1921 3 2 9 1 1723 1724 1765 1764
1922 3 2 9 1 1724 1725 1766 1765
1923 3 2 9 1 1725 1726 1767 1766
1924 3 2 9 1 1726 1727 1768 1767
1925 3 2 9 1 1727 1728 1769 1768
1926 3 2 9 1 1728 1729 1770 1769
1927 3 2 9 1 1729 1730 1771 1770
1928 3 2 9 1 1730 1731 1772 1771
1929 3 2 9 1 1731 1732 1773 1772
1930 3 2 9 1 1732 1733 1774 1773
1931 3 2 9 1 1733 1734 1775 1774
1932 3 2 9 1 1734 1735 1776 1775
1933 3 2 9 1 1735 1736 1777 1776
1934 3 2 9 1 1736 1737 1778 1777
1935 3 2 9 1 1737 1738 1779 1778
1936 3 2 9 1 1738 1739 1780 1779
1937 3 2 9 1 1739 1740 1781 1780
1938 3 2 9 1 1740 1741 1782 1781
1939 3 2 9 1 1741 1742 1783 1782
1940 3 2 9 1 1742 1743 1784 1783
1941 3 2 9 1 1743 1744 1785 1784
1942 3 2 9 1 1744 1745 1786 1785
1943 3 2 9 1 1745 1746 1787 1786
1944 3 2 9 1 1746 1747 1788 1787
1945 3 2 9 1 1747 1748 1789 1788
1946 3 2 9 1 1748 1749 1790 1789
1947 3 2 9 1 1749 1750 1791 1790
1948 3 2 9 1 1750 1751 1792 1791
1949 3 2 9 1 1751 1752 1793 1792
1950 3 2 9 1 1752 1753 1794 1793
1951 3 2 9 1 1753 1754 1795 1794
1952 3 2 9 1 1754 1755 1796 1795
1953 3 2 9 1 1755 1756 1797 1796
1954 3 2 9 1 1756 1757 1798 1797
1955 3 2 9 1 1757 1758 1799 1798
1956 3 2 9 1 1758 1759 1800 1799
1957 3 2 9 1 1759 1760 1801 1800
1958 3 2 9 1 1760 1761 1802 1801
1959 3 2 9 1 1761 1762 1803 1802
1960 3 2 9 1 1762 1763 1804 1803
1961 3 2 9 1 1764 1765 1806 1805
1962 3 2 9 1 1765 1766 1807 1806
1963 3 2 9 1 1766 1767 1808 1807
1964 3 2 9 1 1767 1768 1809 1808
1965 3 2 9 1 1768 1769 1810 1809
1966 3 2 9 1 1769 1770 1811 1810
1967 3 2 9 1 1770 1771 1812 1811
1968 3 2 9 1 1771 1772 1813 1812
1969 3 2 9 1 1772 1773 1814 1813
1970 3 2 9 1 1773 1774 1815 1814
1971 3 2 9 1 1774 1775 1816 1815
1972 3 2 9 1 1775 1776 1817 1816
1973 3 2 9 1 1776 1777 1818 1817
1974 3 2 9 1 1777 1778 1819 1818
1975 3 2 9 1 1778 1779 1820 1819
1976 3 2 9 1 1779 1780 1821 1820
1977 3 2 9 1 1780 1781 1822 1821
1978 3 2 9 1 1781 1782 1823 1822
1979 3 2 9 1 1782 1783 1824 1823
1980 3 2 9 1 1783 1784 1825 1824
1981 3 2 9 1 1784 1785 1826 1825
1982 3 2 9 1 1785 1786 1827 1826
1983 3 2 9 1 1786 1787 1828 1827
1984 3 2 9 1 1787 1788 1829 1828
1985 3 2 9 1 1788 1789 1830 1829
1986 3 2 9 1 1789 1790 1831 1830
1987 3 2 9 1 1790 1791 1832 1831
1988 3 2 9 1 1791 1792 1833 1832
1989 3 2 9 1 1792 1793 1834 1833
1990 3 2 9 1 1793 1794 1835 1834
1991 3 2 9 1 1794 1795 1836 1835
1992 3 2 9 1 1795 1796 1837 1836
1993 3 2 9 1 1796 1797 1838 1837
1994 3 2 9 1 1797 1798 1839 1838
1995 3 2 9 1 1798 1799 1840 1839
1996 3 2 9 1 1799 1800 1841 1840
1997 3 2 9 1 1800 1801 1842 1841
1998 3 2 9 1 1801 1802 1843 1842
1999 3 2 9 1 1802 1803 1844 1843
2000 3 2 9 1 1803 1804 1845 1844
2001 3 2 9 1 1805 1806 1847 1846
2002 3 2 9 1 1806 1807 1848 1847
2003 3 2 9 1 1807 1808 1849 1848
2004 3 2 9 1 1808 1809 1850 1849
2005 3 2 9 1 1809 1810 1851 1850
2006 3 2 9 1 1810 1811 1852 1851
2007 3 2 9 1 1811 1812 1853 1852
2008 3 2 9 1 1812 1813 1854 1853
2009 3 2 9 1 1813 1814 1855 1854
2010 3 2 9 1 1814 1815 1856 1855
2011 3 2 9 1 1815 1816 1857 1856
2012 3 2 9 1 1816 1817 1858 1857
2013 3 2 9 1 1817 1818 1859 1858
2014 3 2 9 1 1818 1819 1860 1859
2015 3 2 9 1 1819 1820 1861 1860
2016 3 2 9 1 1820 1821 1862 1861
2017 3 2 9 1 1821 1822 1863 1862
2018 3 2 9 1 1822 1823 1864 1863
2019 3 2 9 1 1823 1824 1865 1864
2020 3 2 9 1 1824 1825 1866 1865
2021 3 2 9 1 1825 1826 1867 1866
2022 3 2 9 1 1826 1827 1868 1867
2023 3 2 9 1 1827 1828 1869 1868
2024 3 2 9 1 1828 1829 1870 1869
2025 3 2 9 1 1829 1830 1871 1870
2026 3 2 9 1 1830 1831 1872 1871
2027 3 2 9 1 1831 1832 1873 1872
2028 3 2 9 1 1832 1833 1874 1873
2029 3 2 9 1 1833 1834 1875 1874
2030 3 2 9 1 1834 1835 1876 1875
2031 3 2 9 1 1835 1836 1877 1876
2032 3 2 9 1 1836 1837 1878 1877
2033 3 2 9 1 1837 1838 1879 1878
2034 3 2 9 1 1838 1839 1880 1879
2035 3 2 9 1 1839 1840 1881 1880
2036 3 2 9 1 1840 1841 1882 1881
2037 3 2 9 1 1841 1842 1883 1882
2038 3 2 9 1 1842 1843 1884 1883
2039 3 2 9 1 1843 1844 1885 1884
2040 3 2 9 1 1844 1845 1886 1885
2041 3 2 9 1 1846 1847 1888 1887
2042 3 2 9 1 1847 1848 1889 1888
2043 3 2 9 1 1848 1849 1890 1889
2044 3 2 9 1 1849 1850 1891 1890
2045 3 2 9 1 1850 1851 1892 1891
2046 3 2 9 1 1851 1852 1893 1892
2047 3 2 9 1 1852 1853 1894 1893
2048 3 2 9 1 1853 1854 1895 1894
2049 3 2 9 1 1854 1855 1896 1895
2050 3 2 9 1 1855 1856 1897 1896
2051 3 2 9 1 1856 1857 1898 1897
2052 3 2 9 1 1857 1858 1899 1898
2053 3 2 9 1 1858 1859 1900 1899
2054 3 2 9 1 1859 1860 1901 1900
2055 3 2 9 1 1860 1861 1902 1901
2056 3 2 9 1 1861 1862 1903 1902
2057 3 2 9 1 1862 1863 1904 1903
2058 3 2 9 1 1863 1864 1905 1904
2059 3 2 9 1 1864 1865 1906 1905
2060 3 2 9 1 1865 1866 1907 1906
2061 3 2 9 1 1866 1867 1908 1907
2062 3 2 9 1 1867 1868 1909 1908
2063 3 2 9 1 1868 1869 1910 1909
2064 3 2 9 1 1869 1870 1911 1910
2065 3 2 9 1 1870 1871 1912 1911
2066 3 2 9 1 1871 1872 1913 1912
2067 3 2 9 1 1872 1873 1914 1913
2068 3 2 9 1 1873 1874 1915 1914
2069 3 2 9 1 1874 1875 1916 1915
2070 3 2 9 1 1875 1876 1917 1916
2071 3 2 9 1 1876 1877 1918 1917
2072 3 2 9 1 1877 1878 1919 1918
2073 3 2 9 1 1878 1879 1920 1919
2074 3 2 9 1 1879 1880 1921 1920
2075 3 2 9 1 1880 1881 1922 1921
2076 3 2 9 1 1881 1882 1923 1922
2077 3 2 9 1 1882 1883 1924 1923
2078 3 2 9 1 1883 1884 1925 1924
2079 3 2 9 1 1884 1885 1926 1925
2080 3 2 9 1 1885 1886 1927 1926
2081 3 2 9 1 1887 1888 1929 1928
2082 3 2 9 1 1888 1889 1930 1929
2083 3 2 9 1 1889 1890 1931 1930
2084 3 2 9 1 1890 1891 1932 1931
2085 3 2 9 1 1891 1892 1933 1932
2086 3 2 9 1 1892 1893 1934 1933
2087 3 2 9 1 1893 1894 1935 1934
2088 3 2 9 1 1894 1895 1936 1935
2089 3 2 9 1 1895 1896 1937 1936
2090 3 2 9 1 1896 1897 1938 1937
2091 3 2 9 1 1897 1898 1939 1938
2092 3 2 9 1 1898 1899 1940 1939
2093 3 2 9 1 1899 1900 1941 1940
2094 3 2 9 1 1900 1901 1942 1941
2095 3 2 9 1 1901 1902 1943 1942
2096 3 2 9 1 1902 1903 1944 1943
2097 3 2 9 1 1903 1904 1945 1944
2098 3 2 9 1 1904 1905 1946 1945
2099 3 2 9 1 1905 1906 1947 1946
2100 3 2 9 1 1906 1907 1948 1947
2101 3 2 9 1 1907 1908 1949 1948
2102 3 2 9 1 1908 1909 1950 1949
2103 3 2 9 1 1909 1910 1951 1950
2104 3 2 9 1 1910 1911 1952 1951
2105 3 2 9 1 1911 1912 1953 1952
2106 3 2 9 1 1912 1913 1954 1953
2107 3 2 9 1 1913 1914 1955 1954
2108 3 2 9 1 1914 1915 1956 1955
2109 3 2 9 1 1915 1916 1957 1956
2110 3 2 9 1 1916 1917 1958 1957
2111 3 2 9 1 1917 1918 1959 1958
2112 3 2 9 1 1918 1919 1960 1959
2113 3 2 9 1 1919 1920 1961 1960
2114 3 2 9 1 1920 1921 1962 1961
2115 3 2 9 1 1921 1922 1963 1962
2116 3 2 9 1 1922 1923 1964 1963
2117 3 2 9 1 1923 1924 1965 1964
2118 3 2 9 1 1924 1925 1966 1965
2119 3 2 9 1 1925 1926 1967 1966
2120 3 2 9 1 1926 1927 1968 1967
2121 3 2 9 1 1928 1929 1970 1969
2122 3 2 9 1 1929 1930 1971 1970
2123 3 2 9 1 1930 1931 1972 1971
2124 3 2 9 1 1931 1932 1973 1972
2125 3 2 9 1 1932 1933 1974 1973
2126 3 2 9 1 1933 1934 1975 1974
2127 3 2 9 1 1934 1935 1976 1975
2128 3 2 9 1 1935 1936 1977 1976
2129 3 2 9 1 1936 1937 1978 1977
2130 3 2 9 1 1937 1938 1979 1978
2131 3 2 9 1 1938 1939 1980 1979
2132 3 2 9 1 1939 1940 1981 1980
2133 3 2 9 1 1940 1941 1982 1981
2134 3 2 9 1 1941 1942 1983 1982
2135 3 2 9 1 1942 1943 1984 1983
2136 3 2 9 1 1943 1944 1985 1984
2137 3 2 9 1 1944 1945 1986 1985
2138 3 2 9 1 1945 1946 1987 1986
2139 3 2 9 1 1946 1947 1988 1987
2140 3 2 9 1 1947 1948 1989 1988
2141 3 2 9 1 1948 1949 1990 1989
2142 3 2 9 1 1949 1950 1991 1990
2143 3 2 9 1 1950 1951 1992 1991
2144 3 2 9 1 1951 1952 1993 1992
2145 3 2 9 1 1952 1953 1994 1993
2146 3 2 9 1 1953 1954 1995 1994
2147 3 2 9 1 1954 1955 1996 1995
2148 3 2 9 1 1955 1956 1997 1996
2149 3 2 9 1 1956 1957 1998 1997
2150 3 2 9 1 1957 1958 1999 1998
2151 3 2 9 1 1958 1959 2000 1999
2152 3 2 9 1 1959 1960 2001 2000
2153 3 2 9 1 1960 1961 2002 2001
2154 3 2 9 1 1961 1962 2003 2002
2155 3 2 9 1 1962 1963 2004 2003
2156 3 2 9 1 1963 1964 2005 2004
2157 3 2 9 1 1964 1965 2006 2005
2158 3 2 9 1 1965 1966 2007 2006
2159 3 2 9 1 1966 1967 2008 2007
2160 3 2 9 1 1967 1968 2009 2008
2161 3 2 9 1 1969 1970 2011 2010
2162 3 2 9 1 1970 1971 2012 2011
2163 3 2 9 1 1971 1972 2013 2012
2164 3 2 9 1 1972 1973 2014 2013
2165 3 2 9 1 1973 1974 2015 2014
2166 3 2 9 1 1974 1975 2016 2015
2167 3 2 9 1 1975 1976 2017 2016
2168 3 2 9 1 1976 1977 2018 2017
2169 3 2 9 1 1977 1978 2019 2018
2170 3 2 9 1 1978 1979 2020 2019
2171 3 2 9 1 1979 1980 2021 2020
2172 3 2 9 1 1980 1981 2022 2021
2173 3 2 9 1 1981 1982 2023 2022
2174 3 2 9 1 1982 1983 2024 2023
2175 3 2 9 1 1983 1984 2025 2024
2176 3 2 9 1 1984 1985 2026 2025
2177 3 2 9 1 1985 1986 2027 2026
2178 3 2 9 1 1986 1987 2028 2027
2179 3 2 9 1 1987 1988 2029 2028
2180 3 2 9 1 1988 1989 2030 2029
2181 3 2 9 1 1989 1990 2031 2030
2182 3 2 9 1 1990 1991 2032 2031
2183 3 2 9 1 1991 1992 2033 2032
2184 3 2 9 1 1992 1993 2034 2033
2185 3 2 9 1 1993 1994 2035 2034
2186 3 2 9 1 1994 1995 2036 2035
2187 3 2 9 1 1995 1996 2037 2036
2188 3 2 9 1 1996 1997 2038 2037
2189 3 2 9 1 1997 1998 2039 2038
2190 3 2 9 1 1998 1999 2040 2039
2191 3 2 9 1 1999 2000 2041 2040
2192 3 2 9 1 2000 2001 2042 2041
2193 3 2 9 1 2001 2002 2043 2042
2194 3 2 9 1 2002 2003 2044 2043
2195 3 2 9 1 2003 2004 2045 2044
2196 3 2 9 1 2004 2005 2046 2045
2197 3 2 9 1 2005 2006 2047 2046
2198 3 2 9 1 2006 2007 2048 2047
2199 3 2 9 1 2007 2008 2049 2048
2200 3 2 9 1 2008 2009 2050 2049
2201 3 2 9 1 2010 2011 2052 2051
2202 3 2 9 1 2011 2012 2053 2052
2203 3 2 9 1 2012 2013 2054 2053
2204 3 2 9 1 2013 2014 2055 2054
2205 3 2 9 1 2014 2015 2056 2055
2206 3 2 9 1 2015 2016 2057 2056
2207 3 2 9 1 2016 2017 2058 2057
2208 3 2 9 1 2017 2018 2059 2058
2209 3 2 9 1 2018 2019 2060 2059
2210 3 2 9 1 2019 2020 2061 2060
2211 3 2 9 1 2020 2021 2062 2061
2212 3 2 9 1 2021 2022 2063 2062
2213 3 2 9 1 2022 2023 2064 2063
2214 3 2 9 1 2023 2024 2065 2064
2215 3 2 9 1 2024 2025 2066 2065
2216 3 2 9 1 2025 2026 2067 2066
2217 3 2 9 1 2026 2027 2068 2067
2218 3 2 9 1 2027 2028 2069 2068
2219 3 2 9 1 2028 2029 2070 2069
2220 3 2 9 1 2029 2030 2071 2070
2221 3 2 9 1 2030 2031 2072 2071
2222 3 2 9 1 2031 2032 2073 2072
2223 3 2 9 1 2032 2033 2074 2073
2224 3 2 9 1 2033 2034 2075 2074
2225 3 2 9 1 2034 2035 2076 2075
2226 3 2 9 1 2035 2036 2077 2076
2227 3 2 9 1 2036 2037 2078 2077
2228 3 2 9 1 2037 2038 2079 2078
2229 3 2 9 1 2038 2039 2080 2079
2230 3 2 9 1 2039 2040 2081 2080
2231 3 2 9 1 2040 2041 2082 2081
2232 3 2 9 1 2041 2042 2083 2082
2233 3 2 9 1 2042 2043 2084 2083
2234 3 2 9 1 2043 2044 2085 2084
2235 3 2 9 1 2044 2045 2086 2085
2236 3 2 9 1 2045 2046 2087 2086
2237 3 2 9 1 2046 2047 2088 2087
2238 3 2 9 1 2047 2048 2089 2088
2239 3 2 9 1 2048 2049 2090 2089
2240 3 2 9 1 2049 2050 2091 2090
2241 3 2 9 1 2051 2052 2093 2092
2242 3 2 9 1 2052 2053 2094 2093
2243 3 2 9 1 2053 2054 2095 2094
2244 3 2 9 1 2054 2055 2096 2095
2245 3 2 9 1 2055 2056 2097 2096
2246 3 2 9 1 2056 2057 2098 2097
2247 3 2 9 1 2057 2058 2099 2098
2248 3 2 9 1 2058 2059 2100 2099
2249 3 2 9 1 2059 2060 2101 2100
2250 3 2 9 1 2060 2061 2102 2101
2251 3 2 9 1 2061 2062 2103 2102
2252 3 2 9 1 2062 2063 2104 2103
2253 3 2 9 1 2063 2064 2105 2104
2254 3 2 9 1 2064 2065 2106 2105
2255 3 2 9 1 2065 2066 2107 2106
2256 3 2 9 1 2066 2067 2108 2107
2257 3 2 9 1 2067 2068 2109 2108
2258 3 2 9 1 2068 2069 2110 2109
2259 3 2 9 1 2069 2070 2111 2110
2260 3 2 9 1 2070 2071 2112 2111
2261 3 2 9 1 2071 2072 2113 2112
2262 3 2 9 1 2072 2073 2114 2113
2263 3 2 9 1 2073 2074 2115 2114
2264 3 2 9 1 2074 2075 2116 2115
2265 3 2 9 1 2075 2076 2117 2116
2266 3 2 9 1 2076 2077 2118 2117
2267 3 2 9 1 2077 2078 2119 2118
2268 3 2 9 1 2078 2079 2120 2119
2269 3 2 9 1 2079 2080 2121 2120
2270 3 2 9 1 2080 2081 2122 2121
2271 3 2 9 1 2081 2082 2123 2122
2272 3 2 9 1 2082 2083 2124 2123
2273 3 2 9 1 2083 2084 2125 2124
2274 3 2 9 1 2084 2085 2126 2125
2275 3 2 9 1 2085 2086 2127 2126
2276 3 2 9 1 2086 2087 2128 2127
2277 3 2 9 1 2087 2088 2129 2128
2278 3 2 9 1 2088 2089 2130 2129
2279 3 2 9 1 2089 2090 2131 2130
2280 3 2 9 1 2090 2091 2132 2131
2281 3 2 9 1 2092 2093 2134 2133
2282 3 2 9 1 2093 2094 2135 2134
2283 3 2 9 1 2094 2095 2136 2135
2284 3 2 9 1 2095 2096 2137 2136
2285 3 2 9 1 2096 2097 2138 2137
2286 3 2 9 1 2097 2098 2139 2138
2287 3 2 9 1 2098 2099 2140 2139
2288 3 2 9 1 2099 2100 2141 2140
2289 3 2 9 1 2100 2101 2142 2141
2290 3 2 9 1 2101 2102 2143 2142
2291 3 2 9 1 2102 2103 2144 2143
2292 3 2 9 1 2103 2104 2145 2144
2293 3 2 9 1 2104 2105 2146 2145
2294 3 2 9 1 2105 2106 2147 2146
2295 3 2 9 1 2106 2107 2148 2147
2296 3 2 9 1 2107 2108 2149 2148
2297 3 2 9 1 2108 2109 2150 2149
2298 3 2 9 1 2109 2110 2151 2150
2299 3 2 9 1 2110 2111 2152 2151
2300 3 2 9 1 2111 2112 2153 2152
2301 3 2 9 1 2112 2113 2154 2153
2302 3 2 9 1 2113 2114 2155 2154
2303 3 2 9 1 2114 2115 2156 2155
2304 3 2 9 1 2115 2116 2157 2156
2305 3 2 9 1 2116 2117 2158 2157
2306 3 2 9 1 2117 2118 2159 2158
2307 3 2 9 1 2118 2119 2160 2159
2308 3 2 9 1 2119 2120 2161 2160
2309 3 2 9 1 2120 2121 2162 2161
2310 3 2 9 1 2121 2122 2163 2162
2311 3 2 9 1 2122 2123 2164 2163
2312 3 2 9 1 2123 2124 2165 2164
2313 3 2 9 1 2124 2125 2166 2165
2314 3 2 9 1 2125 2126 2167 2166
2315 3 2 9 1 2126 2127 2168 2167
2316 3 2 9 1 2127 2128 2169 2168
2317 3 2 9 1 2128 2129 2170 2169
2318 3 2 9 1 2129 2130 2171 2170
2319 3 2 9 1 2130 2131 2172 2171
2320 3 2 9 1 2131 2132 2173 2172
2321 3 2 9 1 2133 2134 2175 2174
2322 3 2 9 1 2134 2135 2176 2175
2323 3 2 9 1 2135 2136 2177 2176
2324 3 2 9 1 2136 2137 2178 2177
2325 3 2 9 1 2137 2138 2179 2178
2326 3 2 9 1 2138 2139 2180 2179
2327 3 2 9 1 2139 2140 2181 2180
2328 3 2 9 1 2140 2141 2182 2181
2329 3 2 9 1 2141 2142 2183 2182
2330 3 2 9 1 2142 2143 2184 2183
2331 3 2 9 1 2143 2144 2185 2184
2332 3 2 9 1 2144 2145 2186 2185
2333 3 2 9 1 2145 2146 2187 2186
2334 3 2 9 1 2146 2147 2188 2187
2335 3 2 9 1 2147 2148 2189 2188
2336 3 2 9 1 2148 2149 2190 2189
2337 3 2 9 1 2149 2150 2191 2190
2338 3 2 9 1 2150 2151 2192 2191
2339 3 2 9 1 2151 2152 2193 2192
2340 3 2 9 1 2152 2153 2194 2193
2341 3 2 9 1 2153 2154 2195 2194
2342 3 2 9 1 2154 2155 2196 2195
2343 3 2 9 1 2155 2156 2197 2196
2344 3 2 9 1 2156 2157 2198 2197
2345 3 2 9 1 2157 2158 2199 2198
2346 3 2 9 1 2158 2159 2200 2199
2347 3 2 9 1 2159 2160 2201 2200
2348 3 2 9 1 2160 2161 2202 2201
2349 3 2 9 1 2161 2162 2203 2202
2350 3 2 9 1 2162 2163 2204 2203
2351 3 2 9 1 2163 2164 2205 2204
2352 3 2 9 1 2164 2165 2206 2205
2353 3 2 9 1 2165 2166 2207 2206
2354 3 2 9 1 2166 2167 2208 2207
2355 3 2 9 1 2167 2168 2209 2208
2356 3 2 9 1 2168 2169 2210 2209
2357 3 2 9 1 2169 2170 2211 2210
2358 3 2 9 1 2170 2171 2212 2211
2359 3 2 9 1 2171 2172 2213 2212
2360 3 2 9 1 2172 2173 2214 2213
2361 3 2 9 1 2174 2175 2216 2215
2362 3 2 9 1 2175 2176 2217 2216
2363 3 2 9 1 2176 2177 2218 2217
2364 3 2 9 1 2177 2178 2219 2218
2365 3 2 9 1 2178 2179 2220 2219
2366 3 2 9 1 2179 2180 2221 2220
2367 3 2 9 1 2180 2181 2222 2221
2368 3 2 9 1 2181 2182 2223 2222
2369 3 2 9 1 2182 2183 2224 2223
2370 3 2 9 1 2183 2184 2225 2224
2371 3 2 9 1 2184 2185 2226 2225
2372 3 2 9 1 2185 2186 2227 2226
2373 3 2 9 1 2186 2187 2228 2227
2374 3 2 9 1 2187 2188 2229 2228
2375 3 2 9 1 2188 2189 2230 2229
2376 3 2 9 1 2189 2190 2231 2230
2377 3 2 9 1 2190 2191 2232 2231
2378 3 2 9 1 2191 2192 2233 2232
2379 3 2 9 1 2192 2193 2234 2233
2380 3 2 9 1 2193 2194 2235 2234
2381 3 2 9 1 2194 2195 2236 2235
2382 3 2 9 1 2195 2196 2237 2236
2383 3 2 9 1 2196 2197 2238 2237
2384 3 2 9 1 2197 2198 2239 2238
2385 3 2 9 1 2198 2199 2240 2239
2386 3 2 9 1 2199 2200 2241 2240
2387 3 2 9 1 2200 2201 2242 2241
2388 3 2 9 1 2201 2202 2243 2242
2389 3 2 9 1 2202 2203 2244 2243
2390 3 2 9 1 2203 2204 2245 2244
2391 3 2 9 1 2204 2205 2246 2245
2392 3 2 9 1 2205 2206 2247 2246
2393 3 2 9 1 2206 2207 2248 2247
2394 3 2 9 1 2207 2208 2249 2248
2395 3 2 9 1 2208 2209 2250 2249
2396 3 2 9 1 2209 2210 2251 2250
2397 3 2 9 1 2210 2211 2252 2251
2398 3 2 9 1 2211 2212 2253 2252
2399 3 2 9 1 2212 2213 2254 2253
2400 3 2 9 1 2213 2214 2255 2254
2401 3 2 9 1 2215 2216 2257 2256
2402 3 2 9 1 2216 2217 2258 2257
2403 3 2 9 1 2217 2218 2259 2258
2404 3 2 9 1 2218 2219 2260 2259
2405 3 2 9 1 2219 2220 2261 2260
2406 3 2 9 1 2220 2221 2262 2261
2407 3 2 9 1 2221 2222 2263 2262
2408 3 2 9 1 2222 2223 2264 2263
2409 3 2 9 1 2223 2224 2265 2264
2410 3 2 9 1 2224 2225 2266 2265
2411 3 2 9 1 2225 2226 2267 2266
2412 3 2 9 1 2226 2227 2268 2267
2413 3 2 9 1 2227 2228 2269 2268
2414 3 2 9 1 2228 2229 2270 2269
2415 3 2 9 1 2229 2230 2271 2270
2416 3 2 9 1 2230 2231 2272 2271
2417 3 2 9 1 2231 2232 2273 2272
2418 3 2 9 1 2232 2233 2274 2273
2419 3 2 9 1 2233 2234 2275 2274
2420 3 2 9 1 2234 2235 2276 2275
2421 3 2 9 1 2235 2236 2277 2276
2422 3 2 9 1 2236 2237 2278 2277
2423 3 2 9 1 2237 2238 2279 2278
2424 3 2 9 1 2238 2239 2280 2279
2425 3 2 9 1 2239 2240 2281 2280
2426 3 2 9 1 2240 2241 2282 2281
2427 3 2 9 1 2241 2242 2283 2282
2428 3 2 9 1 2242 2243 2284 2283
2429 3 2 9 1 2243 2244 2285 2284
2430 3 2 9 1 2244 2245 2286 2285
2431 3 2 9 1 2245 2246 2287 2286
2432 3 2 9 1 2246 2247 2288 2287
2433 3 2 9 1 2247 2248 2289 2288
2434 3 2 9 1 2248 2249 2290 2289
2435 3 2 9 1 2249 2250 2291 2290
2436 3 2 9 1 2250 2251 2292 2291
2437 3 2 9 1 2251 2252 2293 2292
2438 3 2 9 1 2252 2253 2294 2293
2439 3 2 9 1 2253 2254 2295 2294
2440 3 2 9 1 2254 2255 2296 2295
2441 3 2 9 1 2256 2257 2298 2297
2442 3 2 9 1 2257 2258 2299 2298
2443 3 2 9 1 2258 2259 2300 2299
2444 3 2 9 1 2259 2260 2301 2300
2445 3 2 9 1 2260 2261 2302 2301
2446 3 2 9 1 2261 2262 2303 2302
2447 3 2 9 1 2262 2263 2304 2303
2448 3 2 9 1 2263 2264 2305 2304
2449 3 2 9 1 2264 2265 2306 2305
2450 3 2 9 1 2265 2266 2307 2306
2451 3 2 9 1 2266 2267 2308 2307
2452 3 2 9 1 2267 2268 2309 2308
2453 3 2 9 1 2268 2269 2310 2309
2454 3 2 9 1 2269 2270 2311 2310
2455 3 2 9 1 2270 2271 2312 2311
2456 3 2 9 1 2271 2272 2313 2312
2457 3 2 9 1 2272 2273 2314 2313
2458 3 2 9 1 2273 2274 2315 2314
2459 3 2 9 1 2274 2275 2316 2315
2460 3 2 9 1 2275 2276 2317 2316
2461 3 2 9 1 2276 2277 2318 2317
2462 3 2 9 1 2277 2278 2319 2318
2463 3 2 9 1 2278 2279 2320 2319
2464 3 2 9 1 2279 2280 2321 2320
2465 3 2 9 1 2280 2281 2322 2321
2466 3 2 9 1 2281 2282 2323 2322
2467 3 2 9 1 2282 2283 2324 2323
2468 3 2 9 1 2283 2284 2325 2324
2469 3 2 9 1 2284 2285 2326 2325
2470 3 2 9 1 2285 2286 2327 2326
2471 3 2 9 1 2286 2287 2328 2327
2472 3 2 9 1 2287 2288 2329 2328
2473 3 2 9 1 2288 2289 2330 2329
2474 3 2 9 1 2289 2290 2331 2330
2475 3 2 9 1 2290 2291 2332 2331
2476 3 2 9 1 2291 2292 2333 2332
2477 3 2 9 1 2292 2293 2334 2333
2478 3 2 9 1 2293 2294 2335 2334
2479 3 2 9 1 2294 2295 2336 2335
2480 3 2 9 1 2295 2296 2337 2336
2481 3 2 9 1 2297 2298 2339 2338
2482 3 2 9 1 2298 2299 2340 2339
2483 3 2 9 1 2299 2300 2341 2340
2484 3 2 9 1 2300 2301 2342 2341
2485 3 2 9 1 2301 2302 2343 2342
2486 3 2 9 1 2302 2303 2344 2343
2487 3 2 9 1 2303 2304 2345 2344
2488 3 2 9 1 2304 2305 2346 2345
2489 3 2 9 1 2305 2306 2347 2346
2490 3 2 9 1 2306 2307 2348 2347
2491 3 2 9 1 2307 2308 2349 2348
2492 3 2 9 1 2308 2309 2350 2349
2493 3 2 9 1 2309 2310 2351 2350
2494 3 2 9 1 2310 2311 2352 2351
2495 3 2 9 1 2311 2312 2353 2352
2496 3 2 9 1 2312 2313 2354 2353
2497 3 2 9 1 2313 2314 2355 2354
2498 3 2 9 1 2314 2315 2356 2355
2499 3 2 9 1 2315 2316 2357 2356
2500 3 2 9 1 2316 2317 2358 2357
2501 3 2 9 1 2317 2318 2359 2358
2502 3 2 9 1 2318 2319 2360 2359
2503 3 2 9 1 2319 2320 2361 2360
2504 3 2 9 1 2320 2321 2362 2361
2505 3 2 9 1 2321 2322 2363 2362
2506 3 2 9 1 2322 2323 2364 2363
2507 3 2 9 1 2323 2324 2365 2364
2508 3 2 9 1 2324 2325 2366 2365
2509 3 2 9 1 2325 2326 2367 2366
2510 3 2 9 1 2326 2327 2368 2367
2511 3 2 9 1 2327 2328 2369 2368
2512 3 2 9 1 2328 2329 2370 2369
2513 3 2 9 1 2329 2330 2371 2370
2514 3 2 9 1 2330 2331 2372 2371
2515 3 2 9 1 2331 2332 2373 2372
2516 3 2 9 1 2332 2333 2374 2373
2517 3 2 9 1 2333 2334 2375 2374
2518 3 2 9 1 2334 2335 2376 2375
2519 3 2 9 1 2335 2336 2377 2376
2520 3 2 9 1 2336 2337 2378 2377
2521 3 2 9 1 2338 2339 2380 2379
2522 3 2 9 1 2339 2340 2381 2380
2523 3 2 9 1 2340 2341 2382 2381
2524 3 2 9 1 2341 2342 2383 2382
2525 3 2 9 1 2342 2343 2384 2383
2526 3 2 9 1 2343 2344 2385 2384
2527 3 2 9 1 2344 2345 2386 2385
2528 3 2 9 1 2345 2346 2387 2386
2529 3 2 9 1 2346 2347 2388 2387
2530 3 2 9 1 2347 2348 2389 2388
2531 3 2 9 1 2348 2349 2390 2389
2532 3 2 9 1 2349 2350 2391 2390
2533 3 2 9 1 2350 2351 2392 2391
2534 3 2 9 1 2351 2352 2393 2392
2535 3 2 9 1 2352 2353 2394 2393
2536 3 2 9 1 2353 2354 2395 2394
2537 3 2 9 1 2354 2355 2396 2395
2538 3 2 9 1 2355 2356 2397 2396
2539 3 2 9 1 2356 2357 2398 2397
2540 3 2 9 1 2357 2358 2399 2398
2541 3 2 9 1 2358 2359 2400 2399
2542 3 2 9 1 2359 2360 2401 2400
2543 3 2 9 1 2360 2361 2402 2401
2544 3 2 9 1 2361 2362 2403 2402
2545 3 2 9 1 2362 2363 2404 2403
2546 3 2 9 1 2363 2364 2405 2404
2547 3 2 9 1 2364 2365 2406 2405
2548 3 2 9 1 2365 2366 2407 2406
2549 3 2 9 1 2366 2367 2408 2407
2550 3 2 9 1 2367 2368 2409 2408
2551 3 2 9 1 2368 2369 2410 2409
2552 3 2 9 1 2369 2370 2411 2410
2553 3 2 9 1 2370 2371 2412 2411
2554 3 2 9 1 2371 2372 2413 2412
2555 3 2 9 1 2372 2373 2414 2413
2556 3 2 9 1 2373 2374 2415 2414
2557 3 2 9 1 2374 2375 2416 2415
2558 3 2 9 1 2375 2376 2417 2416
2559 3 2 9 1 2376 2377 2418 2417
2560 3 2 9 1 2377 2378 2419 2418
2561 3 2 9 1 2379 2380 2421 2420
2562 3 2 9 1 2380 2381 2422 2421
2563 3 2 9 1 2381 2382 2423 2422
2564 3 2 9 1 2382 2383 2424 2423
2565 3 2 9 1 2383 2384 2425 2424
2566 3 2 9 1 2384 2385 2426 2425
2567 3 2 9 1 2385 2386 2427 2426
2568 3 2 9 1 2386 2387 2428 2427
2569 3 2 9 1 2387 2388 2429 2428
2570 3 2 9 1 2388 2389 2430 2429
2571 3 2 9 1 2389 2390 2431 2430
2572 3 2 9 1 2390 2391 2432 2431
2573 3 2 9 1 2391 2392 2433 2432
2574 3 2 9 1 2392 2393 2434 2433
2575 3 2 9 1 2393 2394 2435 2434
2576 3 2 9 1 2394 2395 2436 2435
2577 3 2 9 1 2395 2396 2437 2436
2578 3 2 9 1 2396 2397 2438 2437
2579 3 2 9 1 2397 2398 2439 2438
2580 3 2 9 1 2398 2399 2440 2439
2581 3 2 9 1 2399 2400 2441 2440
2582 3 2 9 1 2400 2401 2442 2441
2583 3 2 9 1 2401 2402 2443 2442
2584 3 2 9 1 2402 2403 2444 2443
2585 3 2 9 1 2403 2404 2445 2444
2586 3 2 9 1 2404 2405 2446 2445
2587 3 2 9 1 2405 2406 2447 2446
2588 3 2 9 1 2406 2407 2448 2447
2589 3 2 9 1 2407 2408 2449 2448
2590 3 2 9 1 2408 2409 2450 2449
2591 3 2 9 1 2409 2410 2451 2450
2592 3 2 9 1 2410 2411 2452 2451
2593 3 2 9 1 2411 2412 2453 2452
2594 3 2 9 1 2412 2413 2454 2453
2595 3 2 9 1 2413 2414 2455 2454
2596 3 2 9 1 2414 2415 2456 2455
2597 3 2 9 1 2415 2416 2457 2456
2598 3 2 9 1 2416 2417 2458 2457
2599 3 2 9 1 2417 2418 2459 2458
2600 3 2 9 1 2418 2419 2460 2459
2601 3 2 9 1 2420 2421 2462 2461
2602 3 2 9 1 2421 2422 2463 2462
2603 3 2 9 1 2422 2423 2464 2463
2604 3 2 9 1 2423 2424 2465 2464
2605 3 2 9 1 2424 2425 2466 2465
2606 3 2 9 1 2425 2426 2467 2466
2607 3 2 9 1 2426 2427 2468 2467
2608 3 2 9 1 2427 2428 2469 2468
2609 3 2 9 1 2428 2429 2470 2469
2610 3 2 9 1 2429 2430 2471 2470
2611 3 2 9 1 2430 2431 2472 2471
2612 3 2 9 1 2431 2432 2473 2472
2613 3 2 9 1 2432 2433 2474 2473
2614 3 2 9 1 2433 2434 2475 2474
2615 3 2 9 1 2434 2435 2476 2475
2616 3 2 9 1 2435 2436 2477 2476
2617 3 2 9 1 2436 2437 2478 2477
2618 3 2 9 1 2437 2438 2479 2478
2619 3 2 9 1 2438 2439 2480 2479
2620 3 2 9 1 2439 2440 2481 2480
2621 3 2 9 1 2440 2441 2482 2481
2622 3 2 9 1 2441 2442 2483 2482
2623 3 2 9 1 2442 2443 2484 2483
2624 3 2 9 1 2443 2444 2485 2484
2625 3 2 9 1 2444 2445 2486 2485
2626 3 2 9 1 2445 2446 2487 2486
2627 3 2 9 1 2446 2447 2488 2487
2628 3 2 9 1 2447 2448 2489 2488
2629 3 2 9 1 2448 2449 2490 2489
2630 3 2 9 1 2449 2450 2491 2490
2631 3 2 9 1 2450 2451 2492 2491
2632 3 2 9 1 2451 2452 2493 2492
2633 3 2 9 1 2452 2453 2494 2493
2634 3 2 9 1 2453 2454 2495 2494
2635 3 2 9 1 2454 2455 2496 2495
2636 3 2 9 1 2455 2456 2497 2496
2637 3 2 9 1 2456 2457 2498 2497
2638 3 2 9 1 2457 2458 2499 2498
2639 3 2 9 1 2458 2459 2500 2499
2640 3 2 9 1 2459 2460 2501 2500
2641 3 2 9 1 2461 2462 2503 2502
2642 3 2 9 1 2462 2463 2504 2503
2643 3 2 9 1 2463 2464 2505 2504
2644 3 2 9 1 2464 2465 2506 2505
2645 3 2 9 1 2465 2466 2507 2506
2646 3 2 9 1 2466 2467 2508 2507
2647 3 2 9 1 2467 2468 2509 2508
2648 3 2 9 1 2468 2469 2510 2509
2649 3 2 9 1 2469 2470 2511 2510
2650 3 2 9 1 2470 2471 2512 2511
2651 3 2 9 1 2471 2472 2513 2512
2652 3 2 9 1 2472 2473 2514 2513
2653 3 2 9 1 2473 2474 2515 2514
2654 3 2 9 1 2474 2475 2516 2515
2655 3 2 9 1 2475 2476 2517 2516
2656 3 2 9 1 2476 2477 2518 2517
2657 3 2 9 1 2477 2478 2519 2518
2658 3 2 9 1 2478 2479 2520 2519
2659 3 2 9 1 2479 2480 2521 2520
2660 3 2 9 1 2480 2481 2522 2521
2661 3 2 9 1 2481 2482 2523 2522
2662 3 2 9 1 2482 2483 2524 2523
2663 3 2 9 1 2483 2484 2525 2524
2664 3 2 9 1 2484 2485 2526 2525
2665 3 2 9 1 2485 2486 2527 2526
2666 3 2 9 1 2486 2487 2528 2527
2667 3 2 9 1 2487 2488 2529 2528
2668 3 2 9 1 2488 2489 2530 2529
2669 3 2 9 1 2489 2490 2531 2530
2670 3 2 9 1 2490 2491 2532 2531
2671 3 2 9 1 2491 2492 2533 2532
2672 3 2 9 1 2492 2493 2534 2533
2673 3 2 9 1 2493 2494 2535 2534
2674 3 2 9 1 2494 2495 2536 2535
2675 3 2 9 1 2495 2496 2537 2536
2676 3 2 9 1 2496 2497 2538 2537
2677 3 2 9 1 2497 2498 2539 2538
2678 3 2 9 1 2498 2499 2540 2539
2679 3 2 9 1 2499 2500 2541 2540
2680 3 2 9 1 2500 2501 2542 2541
2681 3 2 9 1 2502 2503 2544 2543
2682 3 2 9 1 2503 2504 2545 2544
2683 3 2 9 1 2504 2505 2546 2545
2684 3 2 9 1 2505 2506 2547 2546
2685 3 2 9 1 2506 2507 2548 2547
2686 3 2 9 1 2507 2508 2549 2548
2687 3 2 9 1 2508 2509 2550 2549
2688 3 2 9 1 2509 2510 2551 2550
2689 3 2 9 1 2510 2511 2552 2551
2690 3 2 9 1 2511 2512 2553 2552
2691 3 2 9 1 2512 2513 2554 2553
2692 3 2 9 1 2513 2514 2555 2554
2693 3 2 9 1 2514 2515 2556 2555
2694 3 2 9 1 2515 2516 2557 2556
2695 3 2 9 1 2516 2517 2558 2557
2696 3 2 9 1 2517 2518 2559 2558
2697 3 2 9 1 2518 2519 2560 2559
2698 3 2 9 1 2519 2520 2561 2560
2699 3 2 9 1 2520 2521 2562 2561
2700 3 2 9 1 2521 2522 2563 2562
2701 3 2 9 1 2522 2523 2564 2563
2702 3 2 9 1 2523 2524 2565 2564
2703 3 2 9 1 2524 2525 2566 2565
2704 3 2 9 1 2525 2526 2567 2566
2705 3 2 9 1 2526 2527 2568 2567
2706 3 2 9 1 2527 2528 2569 2568
2707 3 2 9 1 2528 2529 2570 2569
2708 3 2 9 1 2529 2530 2571 2570
2709 3 2 9 1 2530 2531 2572 2571
2710 3 2 9 1 2531 2532 2573 2572
2711 3 2 9 1 2532 2533 2574 2573
2712 3 2 9 1 2533 2534 2575 2574
2713 3 2 9 1 2534 2535 2576 2575
2714 3 2 9 1 2535 2536 2577 2576
2715 3 2 9 1 2536 2537 2578 2577
2716 3 2 9 1 2537 2538 2579 2578
2717 3 2 9 1 2538 2539 2580 2579
2718 3 2 9 1 2539 2540 2581 2580
2719 3 2 9 1 2540 2541 2582 2581
2720 3 2 9 1 2541 2542 2583 2582
2721 3 2 9 1 2543 2544 2585 2584
2722 3 2 9 1 2544 2545 2586 2585
2723 3 2 9 1 2545 2546 2587 2586
2724 3 2 9 1 2546 2547 2588 2587
2725 3 2 9 1 2547 2548 2589 2588
2726 3 2 9 1 2548 2549 2590 2589
2727 3 2 9 1 2549 2550 2591 2590
2728 3 2 9 1 2550 2551 2592 2591
2729 3 2 9 1 2551 2552 2593 2592
2730 3 2 9 1 2552 2553 2594 2593
2731 3 2 9 1 2553 2554 2595 2594
2732 3 2 9 1 2554 2555 2596 2595
2733 3 2 9 1 2555 2556 2597 2596
2734 3 2 9 1 2556 2557 2598 2597
2735 3 2 9 1 2557 2558 2599 2598
2736 3 2 9 1 2558 2559 2600 2599
2737 3 2 9 1 2559 2560 2601 2600
2738 3 2 9 1 2560 2561 2602 2601
2739 3 2 9 1 2561 2562 2603 2602
2740 3 2 9 1 2562 2563 2604 2603
2741 3 2 9 1 2563 2564 2605 2604
2742 3 2 9 1 2564 2565 2606 2605
2743 3 2 9 1 2565 2566 2607 2606
2744 3 2 9 1 2566 2567 2608 2607
2745 3 2 9 1 2567 2568 2609 2608
2746 3 2 9 1 2568 2569 2610 2609
2747 3 2 9 1 2569 2570 2611 2610
2748 3 2 9 1 2570 2571 2612 2611
2749 3 2 9 1 2571 2572 2613 2612
2750 3 2 9 1 2572 2573 2614 2613
2751 3 2 9 1 2573 2574 2615 2614
2752 3 2 9 1 2574 2575 2616 2615
2753 3 2 9 1 2575 2576 2617 2616
2754 3 2 9 1 2576 2577 2618 2617
2755 3 2 9 1 2577 2578 2619 2618
2756 3 2 9 1 2578 2579 2620 2619
2757 3 2 9 1 2579 2580 2621 2620
2758 3 2 9 1 2580 2581 2622 2621
2759 3 2 9 1 2581 2582 2623 2622
2760 3 2 9 1 2582 2583 2624 2623
2761 3 2 9 1 2584 2585 2626 2625
2762 3 2 9 1 2585 2586 2627 2626
2763 3 2 9 1 2586 2587 2628 2627
2764 3 2 9 1 2587 2588 2629 2628
2765 3 2 9 1 2588 2589 2630 2629
2766 3 2 9 1 2589 2590 2631 2630
2767 3 2 9 1 2590 2591 2632 2631
2768 3 2 9 1 2591 2592 2633 2632
2769 3 2 9 1 2592 2593 2634 2633
2770 3 2 9 1 2593 2594 2635 2634
2771 3 2 9 1 2594 2595 2636 2635
2772 3 2 9 1 2595 2596 2637 2636
2773 3 2 9 1 2596 2597 2638 2637
2774 3 2 9 1 2597 2598 2639 2638
2775 3 2 9 1 2598 2599 2640 2639
2776 3 2 9 1 2599 2600 2641 2640
2777 3 2 9 1 2600 2601 2642 2641
2778 3 2 9 1 2601 2602 2643 2642
2779 3 2 9 1 2602 2603 2644 2643
2780 3 2 9 1 2603 2604 2645 2644
2781 3 2 9 1 2604 2605 2646 2645
2782 3 2 9 1 2605 2606 2647 2646
2783 3 2 9 1 2606 2607 2648 2647
2784 3 2 9 1 2607 2608 2649 2648
2785 3 2 9 1 2608 2609 2650 2649
2786 3 2 9 1 2609 2610 2651 2650
2787 3 2 9 1 2610 2611 2652 2651
2788 3 2 9 1 2611 2612 2653 2652
2789 3 2 9 1 2612 2613 2654 2653
2790 3 2 9 1 2613 2614 2655 2654
2791 3 2 9 1 2614 2615 2656 2655
2792 3 2 9 1 2615 2616 2657 2656
2793 3 2 9 1 2616 2617 2658 2657
2794 3 2 9 1 2617 2618 2659 2658
2795 3 2 9 1 2618 2619 2660 2659
2796 3 2 9 1 2619 2620 2661 2660
2797 3 2 9 1 2620 2621 2662 2661
2798 3 2 9 1 2621 2622 2663 2662
2799 3 2 9 1 2622 2623 2664 2663
2800 3 2 9 1 2623 2624 2665 2664
2801 3 2 9 1 2625 2626 2667 2666
2802 3 2 9 1 2626 2627 2668 2667
2803 3 2 9 1 2627 2628 2669 2668
2804 3 2 9 1 2628 2629 2670 2669
2805 3 2 9 1 2629 2630 2671 2670
2806 3 2 9 1 2630 2631 2672 2671
2807 3 2 9 1 2631 2632 2673 2672
2808 3 2 9 1 2632 2633 2674 2673
2809 3 2 9 1 2633 2634 2675 2674
2810 3 2 9 1 2634 2635 2676 2675
2811 3 2 9 1 2635 2636 2677 2676
2812 3 2 9 1 2636 2637 2678 2677
2813 3 2 9 1 2637 2638 2679 2678
2814 3 2 9 1 2638 2639 2680 2679
2815 3 2 9 1 2639 2640 2681 2680
2816 3 2 9 1 2640 2641 2682 2681
2817 3 2 9 1 2641 2642 2683 2682
2818 3 2 9 1 2642 2643 2684 2683
2819 3 2 9 1 2643 2644 2685 2684
2820 3 2 9 1 2644 2645 2686 2685
2821 3 2 9 1 2645 2646 2687 2686
2822 3 2 9 1 2646 2647 2688 2687
2823 3 2 9 1 2647 2648 2689 2688
2824 3 2 9 1 2648 2649 2690 2689
2825 3 2 9 1 2649 2650 2691 2690
2826 3 2 9 1 2650 2651 2692 2691
2827 3 2 9 1 2651 2652 2693 2692
2828 3 2 9 1 2652 2653 2694 2693
2829 3 2 9 1 2653 2654 2695 2694
2830 3 2 9 1 2654 2655 2696 2695
2831 3 2 9 1 2655 2656 2697 2696
2832 3 2 9 1 2656 2657 2698 2697
2833 3 2 9 1 2657 2658 2699 2698
2834 3 2 9 1 2658 2659 2700 2699
2835 3 2 9 1 2659 2660 2701 2700
2836 3 2 9 1 2660 2661 2702 2701
2837 3 2 9 1 2661 2662 2703 2702
2838 3 2 9 1 2662 2663 2704 2703
2839 3 2 9 1 2663 2664 2705 2704
2840 3 2 9 1 2664 2665 2706 2705
2841 3 2 9 1 2666 2667 2708 2707
2842 3 2 9 1 2667 2668 2709 2708
2843 3 2 9 1 2668 2669 2710 2709
2844 3 2 9 1 2669 2670 2711 2710
2845 3 2 9 1 2670 2671 2712 2711
2846 3 2 9 1 2671 2672 2713 2712
2847 3 2 9 1 2672 2673 2714 2713
2848 3 2 9 1 2673 2674 2715 2714
2849 3 2 9 1 2674 2675 2716 2715
2850 3 2 9 1 2675 2676 2717 2716
2851 3 2 9 1 2676 2677 2718 2717
2852 3 2 9 1 2677 2678 2719 2718
2853 3 2 9 1 2678 2679 2720 2719
2854 3 2 9 1 2679 2680 2721 2720
2855 3 2 9 1 2680 2681 2722 2721
2856 3 2 9 1 2681 2682 2723 2722
2857 3 2 9 1 2682 2683 2724 2723
2858 3 2 9 1 2683 2684 2725 2724
2859 3 2 9 1 2684 2685 2726 2725
2860 3 2 9 1 2685 2686 2727 2726
2861 3 2 9 1 2686 2687 2728 2727
2862 3 2 9 1 2687 2688 2729 2728
2863 3 2 9 1 2688 2689 2730 2729
2864 3 2 9 1 2689 2690 2731 2730
2865 3 2 9 1 2690 2691 2732 2731
2866 3 2 9 1 2691 2692 2733 2732
2867 3 2 9 1 2692 2693 2734 2733
2868 3 2 9 1 2693 2694 2735 2734
2869 3 2 9 1 2694 2695 2736 2735
2870 3 2 9 1 2695 2696 2737 2736
2871 3 2 9 1 2696 2697 2738 2737
2872 3 2 9 1 2697 2698 2739 2738
2873 3 2 9 1 2698 2699 2740 2739
2874 3 2 9 1 2699 2700 2741 2740
2875 3 2 9 1 2700 2701 2742 2741
2876 3 2 9 1 2701 2702 2743 2742
2877 3 2 9 1 2702 2703 2744 2743
2878 3 2 9 1 2703 2704 2745 2744
2879 3 2 9 1 2704 2705 2746 2745
2880 3 2 9 1 2705 2706 2747 2746
2881 3 2 9 1 2707 2708 2749 2748
2882 3 2 9 1 2708 2709 2750 2749
2883 3 2 9 1 2709 2710 2751 2750
2884 3 2 9 1 2710 2711 2752 2751
2885 3 2 9 1 2711 2712 2753 2752
2886 3 2 9 1 2712 2713 2754 2753
2887 3 2 9 1 2713 2714 2755 2754
2888 3 2 9 1 2714 2715 2756 2755
2889 3 2 9 1 2715 2716 2757 2756
2890 3 2 9 1 2716 2717 2758 2757
2891 3 2 9 1 2717 2718 2759 2758
2892 3 2 9 1 2718 2719 2760 2759
2893 3 2 9 1 2719 2720 2761 2760
2894 3 2 9 1 2720 2721 2762 2761
2895 3 2 9 1 2721 2722 2763 2762
2896 3 2 9 1 2722 2723 2764 2763
2897 3 2 9 1 2723 2724 2765 2764
2898 3 2 9 1 2724 2725 2766 2765
2899 3 2 9 1 2725 2726 2767 2766
2900 3 2 9 1 2726 2727 2768 2767
2901 3 2 9 1 2727 2728 2769 2768
2902 3 2 9 1 2728 2729 2770 2769
2903 3 2 9 1 2729 2730 2771 2770
2904 3 2 9 1 2730 2731 2772 2771
2905 3 2 9 1 2731 2732 2773 2772
2906 3 2 9 1 2732 2733 2774 2773
2907 3 2 9 1 2733 2734 2775 2774
2908 3 2 9 1 2734 2735 2776 2775
2909 3 2 9 1 2735 2736 2777 2776
2910 3 2 9 1 2736 2737 2778 2777
2911 3 2 9 1 2737 2738 2779 2778
2912 3 2 9 1 2738 2739 2780 2779
2913 3 2 9 1 2739 2740 2781 2780
2914 3 2 9 1 2740 2741 2782 2781
2915 3 2 9 1 2741 2742 2783 2782
2916 3 2 9 1 2742 2743 2784 2783
2917 3 2 9 1 2743 2744 2785 2784
2918 3 2 9 1 2744 2745 2786 2785
2919 3 2 9 1 2745 2746 2787 2786
2920 3 2 9 1 2746 2747 2788 2787
2921 3 2 9 1 2748 2749 2790 2789
2922 3 2 9 1 2749 2750 2791 2790
2923 3 2 9 1 2750 2751 2792 2791
2924 3 2 9 1 2751 2752 2793 2792
2925 3 2 9 1 2752 2753 2794 2793
2926 3 2 9 1 2753 2754 2795 2794
2927 3 2 9 1 2754 2755 2796 2795
2928 3 2 9 1 2755 2756 2797 2796
2929 3 2 9 1 2756 2757 2798 2797
2930 3 2 9 1 2757 2758 2799 2798
2931 3 2 9 1 2758 2759 2800 2799
2932 3 2 9 1 2759 2760 2801 2800
2933 3 2 9 1 2760 2761 2802 2801
2934 3 2 9 1 2761 2762 2803 2802
2935 3 2 9 1 2762 2763 2804 2803
2936 3 2 9 1 2763 2764 2805 2804
2937 3 2 9 1 2764 2765 2806 2805
2938 3 2 9 1 2765 2766 2807 2806
2939 3 2 9 1 2766 2767 2808 2807
2940 3 2 9 1 2767 2768 2809 2808
2941 3 2 9 1 2768 2769 2810 2809
2942 3 2 9 1 2769 2770 2811 2810
2943 3 2 9 1 2770 2771 2812 2811
2944 3 2 9 1 2771 2772 2813 2812
2945 3 2 9 1 2772 2773 2814 2813
2946 3 2 9 1 2773 2774 2815 2814
2947 3 2 9 1 2774 2775 2816 2815
2948 3 2 9 1 2775 2776 2817 2816
2949 3 2 9 1 2776 2777 2818 2817
2950 3 2 9 1 2777 2778 2819 2818
2951 3 2 9 1 2778 2779 2820 2819
2952 3 2 9 1 2779 2780 2821 2820
2953 3 2 9 1 2780 2781 2822 2821
2954 3 2 9 1 2781 2782 2823 2822
2955 3 2 9 1 2782 2783 2824 2823
2956 3 2 9 1 2783 2784 2825 2824
2957 3 2 9 1 2784 2785 2826 2825
2958 3 2 9 1 2785 2786 2827 2826
2959 3 2 9 1 2786 2787 2828 2827
2960 3 2 9 1 2787 2788 2829 2828
2961 3 2 9 1 2789 2790 2831 2830
2962 3 2 9 1 2790 2791 2832 2831
2963 3 2 9 1 2791 2792 2833 2832
2964 3 2 9 1 2792 2793 2834 2833
2965 3 2 9 1 2793 2794 2835 2834
2966 3 2 9 1 2794 2795 2836 2835
2967 3 2 9 1 2795 2796 2837 2836
2968 3 2 9 1 2796 2797 2838 2837
2969 3 2 9 1 2797 2798 2839 2838
2970 3 2 9 1 2798 2799 2840 2839
2971 3 2 9 1 2799 2800 2841 2840
2972 3 2 9 1 2800 2801 2842 2841
2973 3 2 9 1 2801 2802 2843 2842
2974 3 2 9 1 2802 2803 2844 2843
2975 3 2 9 1 2803 2804 2845 2844
2976 3 2 9 1 2804 2805 2846 2845
2977 3 2 9 1 2805 2806 2847 2846
2978 3 2 9 1 2806 2807 2848 2847
2979 3 2 9 1 2807 2808 2849 2848
2980 3 2 9 1 2808 2809 2850 2849
2981 3 2 9 1 2809 2810 2851 2850
2982 3 2 9 1 2810 2811 2852 2851
2983 3 2 9 1 2811 2812 2853 2852
2984 3 2 9 1 2812 2813 2854 2853
2985 3 2 9 1 2813 2814 2855 2854
2986 3 2 9 1 2814 2815 2856 2855
2987 3 2 9 1 2815 2816 2857 2856
2988 3 2 9 1 2816 2817 2858 2857
2989 3 2 9 1 2817 2818 2859 2858
2990 3 2 9 1 2818 2819 2860 2859
2991 3 2 9 1 2819 2820 2861 2860
2992 3 2 9 1 2820 2821 2862 2861
2993 3 2 9 1 2821 2822 2863 2862
2994 3 2 9 1 2822 2823 2864 2863
2995 3 2 9 1 2823 2824 2865 2864
2996 3 2 9 1 2824 2825 2866 2865
2997 3 2 9 1 2825 2826 2867 2866
2998 3 2 9 1 2826 2827 2868 2867
2999 3 2 9 1 2827 2828 2869 2868
3000 3 2 9 1 2828 2829 2870 2869
3001 3 2 9 1 2830 2831 2872 2871
3002 3 2 9 1 2831 2832 2873 2872
3003 3 2 9 1 2832 2833 2874 2873
3004 3 2 9 1 2833 2834 2875 2874
3005 3 2 9 1 2834 2835 2876 2875
3006 3 2 9 1 2835 2836 2877 2876
3007 3 2 9 1 2836 2837 2878 2877
3008 3 2 9 1 2837 2838 2879 2878
3009 3 2 9 1 2838 2839 2880 2879
3010 3 2 9 1 2839 2840 2881 2880
3011 3 2 9 1 2840 2841 2882 2881
3012 3 2 9 1 2841 2842 2883 2882
3013 3 2 9 1 2842 2843 2884 2883
3014 3 2 9 1 2843 2844 2885 2884
3015 3 2 9 1 2844 2845 2886 2885
3016 3 2 9 1 2845 2846 2887 2886
3017 3 2 9 1 2846 2847 2888 2887
3018 3 2 9 1 2847 2848 2889 2888
3019 3 2 9 1 2848 2849 2890 2889
3020 3 2 9 1 2849 2850 2891 2890
3021 3 2 9 1 2850 2851 2892 2891
3022 3 2 9 1 2851 2852 2893 2892
3023 3 2 9 1 2852 2853 2894 2893
3024 3 2 9 1 2853 2854 2895 2894
3025 3 2 9 1 2854 2855 2896 2895
3026 3 2 9 1 2855 2856 2897 2896
3027 3 2 9 1 2856 2857 2898 2897
3028 3 2 9 1 2857 2858 2899 2898
3029 3 2 9 1 2858 2859 2900 2899
3030 3 2 9 1 2859 2860 2901 2900
3031 3 2 9 1 2860 2861 2902 2901
3032 3 2 9 1 2861 2862 2903 2902
3033 3 2 9 1 2862 2863 2904 2903
3034 3 2 9 1 2863 2864 2905 2904
3035 3 2 9 1 2864 2865 2906 2905
3036 3 2 9 1 2865 2866 2907 2906
3037 3 2 9 1 2866 2867 2908 2907
3038 3 2 9 1 2867 2868 2909 2908
3039 3 2 9 1 2868 2869 2910 2909
3040 3 2 9 1 2869 2870 2911 2910
3041 3 2 9 1 2871 2872 2913 2912
3042 3 2 9 1 2872 2873 2914 2913
3043 3 2 9 1 2873 2874 2915 2914
3044 3 2 9 1 2874 2875 2916 2915
3045 3 2 9 1 2875 2876 2917 2916
3046 3 2 9 1 2876 2877 2918 2917
3047 3 2 9 1 2877 2878 2919 2918
3048 3 2 9 1 2878 2879 2920 2919
3049 3 2 9 1 2879 2880 2921 2920
3050 3 2 9 1 2880 2881 2922 2921
3051 3 2 9 1 2881 2882 2923 2922
3052 3 2 9 1 2882 2883 2924 2923
3053 3 2 9 1 2883 2884 2925 2924
3054 3 2 9 1 2884 2885 2926 2925
3055 3 2 9 1 2885 2886 2927 2926
3056 3 2 9 1 2886 2887 2928 2927
3057 3 2 9 1 2887 2888 2929 2928
3058 3 2 9 1 2888 2889 2930 2929
3059 3 2 9 1 2889 2890 2931 2930
3060 3 2 9 1 2890 2891 2932 2931
3061 3 2 9 1 2891 2892 2933 2932
3062 3 2 9 1 2892 2893 2934 2933
3063 3 2 9 1 2893 2894 2935 2934
3064 3 2 9 1 2894 2895 2936 2935
3065 3 2 9 1 2895 2896 2937 2936
3066 3 2 9 1 2896 2897 2938 2937
3067 3 2 9 1 2897 2898 2939 2938
3068 3 2 9 1 2898 2899 2940 2939
3069 3 2 9 1 2899 2900 2941 2940
3070 3 2 9 1 2900 2901 2942 2941
3071 3 2 9 1 2901 2902 2943 2942
3072 3 2 9 1 2902 2903 2944 2943
3073 3 2 9 1 2903 2904 2945 2944
3074 3 2 9 1 2904 2905 2946 2945
3075 3 2 9 1 2905 2906 2947 2946
3076 3 2 9 1 2906 2907 2948 2947
3077 3 2 9 1 2907 2908 2949 2948
3078 3 2 9 1 2908 2909 2950 2949
3079 3 2 9 1 2909 2910 2951 2950
3080 3 2 9 1 2910 2911 2952 2951
3081 3 2 9 1 2912 2913 2954 2953
3082 3 2 9 1 2913 2914 2955 2954
3083 3 2 9 1 2914 2915 2956 2955
3084 3 2 9 1 2915 2916 2957 2956
3085 3 2 9 1 2916 2917 2958 2957
3086 3 2 9 1 2917 2918 2959 2958
3087 3 2 9 1 2918 2919 2960 2959
3088 3 2 9 1 2919 2920 2961 2960
3089 3 2 9 1 2920 2921 2962 2961
3090 3 2 9 1 2921 2922 2963 2962
3091 3 2 9 1 2922 2923 2964 2963
3092 3 2 9 1 2923 2924 2965 2964
3093 3 2 9 1 2924 2925 2966 2965
3094 3 2 9 1 2925 2926 2967 2966
3095 3 2 9 1 2926 2927 2968 2967
3096 3 2 9 1 2927 2928 2969 2968
3097 3 2 9 1 2928 2929 2970 2969
3098 3 2 9 1 2929 2930 2971 2970
3099 3 2 9 1 2930 2931 2972 2971
3100 3 2 9 1 2931 2932 2973 2972
3101 3 2 9 1 2932 2933 2974 2973
3102 3 2 9 1 2933 2934 2975 2974
3103 3 2 9 1 2934 2935 2976 2975
3104 3 2 9 1 2935 2936 2977 2976
3105 3 2 9 1 2936 2937 2978 2977
3106 3 2 9 1 2937 2938 2979 2978
3107 3 2 9 1 2938 2939 2980 2979
3108 3 2 9 1 2939 2940 2981 2980
3109 3 2 9 1 2940 2941 2982 2981
3110 3 2 9 1 2941 2942 2983 2982
3111 3 2 9 1 2942 2943 2984 2983
3112 3 2 9 1 2943 2944 2985 2984
3113 3 2 9 1 2944 2945 2986 2985
3114 3 2 9 1 2945 2946 2987 2986
3115 3 2 9 1 2946 2947 2988 2987
3116 3 2 9 1 2947 2948 2989 2988
3117 3 2 9 1 2948 2949 2990 2989
3118 3 2 9 1 2949 2950 2991 2990
3119 3 2 9 1 2950 2951 2992 2991
3120 3 2 9 1 2951 2952 2993 2992
3121 3 2 9 1 2953 2954 2995 2994
3122 3 2 9 1 2954 2955 2996 2995
3123 3 2 9 1 2955 2956 2997 2996
3124 3 2 9 1 2956 2957 2998 2997
3125 3 2 9 1 2957 2958 2999 2998
3126 3 2 9 1 2958 2959 3000 2999
3127 3 2 9 1 2959 2960 3001 3000
3128 3 2 9 1 2960 2961 3002 3001
3129 3 2 9 1 2961 2962 3003 3002
3130 3 2 9 1 2962 2963 3004 3003
3131 3 2 9 1 2963 2964 3005 3004
3132 3 2 9 1 2964 2965 3006 3005
3133 3 2 9 1 2965 2966 3007 3006
3134 3 2 9 1 2966 2967 3008 3007
3135 3 2 9 1 2967 2968 3009 3008
3136 3 2 9 1 2968 2969 3010 3009
3137 3 2 9 1 2969 2970 3011 3010
3138 3 2 9 1 2970 2971 3012 3011
3139 3 2 9 1 2971 2972 3013 3012
3140 3 2 9 1 2972 2973 3014 3013
3141 3 2 9 1 2973 2974 3015 3014
3142 3 2 9 1 2974 2975 3016 3015
3143 3 2 9 1 2975 2976 3017 3016
3144 3 2 9 1 2976 2977 3018 3017
3145 3 2 9 1 2977 2978 3019 3018
3146 3 2 9 1 2978 2979 3020 3019
3147 3 2 9 1 2979 2980 3021 3020
3148 3 2 9 1 2980 2981 3022 3021
3149 3 2 9 1 2981 2982 3023 3022
3150 3 2 9 1 2982 2983 3024 3023
3151 3 2 9 1 2983 2984 3025 3024
3152 3 2 9 1 2984 2985 3026 3025
3153 3 2 9 1 2985 2986 3027 3026
3154 3 2 9 1 2986 2987 3028 3027
3155 3 2 9 1 2987 2988 3029 3028
3156 3 2 9 1 2988 2989 3030 3029
3157 3 2 9 1 2989 2990 3031 3030
3158 3 2 9 1 2990 2991 3032 3031
3159 3 2 9 1 2991 2992 3033 3032
3160 3 2 9 1 2992 2993 3034 3033
3161 3 2 9 1 2994 2995 3036 3035
3162 3 2 9 1 2995 2996 3037 3036
3163 3 2 9 1 2996 2997 3038 3037
3164 3 2 9 1 2997 2998 3039 3038
3165 3 2 9 1 2998 2999 3040 3039
3166 3 2 9 1 2999 3000 3041 3040
3167 3 2 9 1 3000 3001 3042 3041
3168 3 2 9 1 3001 3002 3043 3042
3169 3 2 9 1 3002 3003 3044 3043
3170 3 2 9 1 3003 3004 3045 3044
3171 3 2 9 1 3004 3005 3046 3045
3172 3 2 9 1 3005 3006 3047 3046
3173 3 2 9 1 3006 3007 3048 3047
3174 3 2 9 1 3007 3008 3049 3048
3175 3 2 9 1 3008 3009 3050 3049
3176 3 2 9 1 3009 3010 3051 3050
3177 3 2 9 1 3010 3011 3052 3051
3178 3 2 9 1 3011 3012 3053 3052
3179 3 2 9 1 3012 3013 3054 3053
3180 3 2 9 1 3013 3014 3055 3054
3181 3 2 9 1 3014 3015 3056 3055
3182 3 2 9 1 3015 3016 3057 3056
3183 3 2 9 1 3016 3017 3058 3057
3184 3 2 9 1 3017 3018 3059 3058
3185 3 2 9 1 3018 3019 3060 3059
3186 3 2 9 1 3019 3020 3061 3060
3187 3 2 9 1 3020 3021 3062 3061
3188 3 2 9 1 3021 3022 3063 3062
3189 3 2 9 1 3022 3023 3064 3063
3190 3 2 9 1 3023 3024 3065 3064
3191 3 2 9 1 3024 3025 3066 3065
3192 3 2 9 1 3025 3026 3067 3066
3193 3 2 9 1 3026 3027 3068 3067
3194 3 2 9 1 3027 3028 3069 3068
3195 3 2 9 1 3028 3029 3070 3069
3196 3 2 9 1 3029 3030 3071 3070
3197 3 2 9 1 3030 3031 3072 3071
3198 3 2 9 1 3031 3032 3073 3072
3199 3 2 9 1 3032 3033 3074 3073
3200 3 2 9 1 3033 3034 3075 3074
3201 3 2 9 1 3035 3036 3077 3076
3202 3 2 9 1 3036 3037 3078 3077
3203 3 2 9 1 3037 3038 3079 3078
3204 3 2 9 1 3038 3039 3080 3079
3205 3 2 9 1 3039 3040 3081 3080
3206 3 2 9 1 3040 3041 3082 3081
3207 3 2 9 1 3041 3042 3083 3082
3208 3 2 9 1 3042 3043 3084 3083
3209 3 2 9 1 3043 3044 3085 3084
3210 3 2 9 1 3044 3045 3086 3085
3211 3 2 9 1 3045 3046 3087 3086
3212 3 2 9 1 3046 3047 3088 3087
3213 3 2 9 1 3047 3048 3089 3088
3214 3 2 9 1 3048 3049 3090 3089
3215 3 2 9 1 3049 3050 3091 3090
3216 3 2 9 1 3050 3051 3092 3091
3217 3 2 9 1 3051 3052 3093 3092
3218 3 2 9 1 3052 3053 3094 3093
3219 3 2 9 1 3053 3054 3095 3094
3220 3 2 9 1 3054 3055 3096 3095
3221 3 2 9 1 3055 3056 3097 3096
3222 3 2 9 1 3056 3057 3098 3097
3223 3 2 9 1 3057 3058 3099 3098
3224 3 2 9 1 3058 3059 3100 3099
3225 3 2 9 1 3059 3060 3101 3100
3226 3 2 9 1 3060 3061 3102 3101
3227 3 2 9 1 3061 3062 3103 3102
3228 3 2 9 1 3062 3063 3104 3103
3229 3 2 9 1 3063 3064 3105 3104
3230 3 2 9 1 3064 3065 3106 3105
3231 3 2 9 1 3065 3066 3107 3106
3232 3 2 9 1 3066 3067 3108 3107
3233 3 2 9 1 3067 3068 3109 3108
3234 3 2 9 1 3068 3069 3110 3109
3235 3 2 9 1 3069 3070 3111 3110
3236 3 2 9 1 3070 3071 3112 3111
3237 3 2 9 1 3071 3072 3113 3112
3238 3 2 9 1 3072 3073 3114 3113
3239 3 2 9 1 3073 3074 3115 3114
3240 3 2 9 1 3074 3075 3116 3115
3241 3 2 9 1 3076 3077 3118 3117
3242 3 2 9 1 3077 3078 3119 3118
3243 3 2 9 1 3078 3079 3120 3119
3244 3 2 9 1 3079 3080 3121 3120
3245 3 2 9 1 3080 3081 3122 3121
3246 3 2 9 1 3081 3082 3123 3122
3247 3 2 9 1 3082 3083 3124 3123
3248 3 2 9 1 3083 3084 3125 3124
3249 3 2 9 1 3084 3085 3126 3125
3250 3 2 9 1 3085 3086 3127 3126
3251 3 2 9 1 3086 3087 3128 3127
3252 3 2 9 1 3087 3088 3129 3128
3253 3 2 9 1 3088 3089 3130 3129
3254 3 2 9 1 3089 3090 3131 3130
3255 3 2 9 1 3090 3091 3132 3131
3256 3 2 9 1 3091 3092 3133 3132
3257 3 2 9 1 3092 3093 3134 3133
3258 3 2 9 1 3093 3094 3135 3134
3259 3 2 9 1 3094 3095 3136 3135
3260 3 2 9 1 3095 3096 3137 3136
3261 3 2 9 1 3096 3097 3138 3137
3262 3 2 9 1 3097 3098 3139 3138
3263 3 2 9 1 3098 3099 3140 3139
3264 3 2 9 1 3099 3100 3141 3140
3265 3 2 9 1 3100 3101 3142 3141
3266 3 2 9 1 3101 3102 3143 3142
3267 3 2 9 1 3102 3103 3144 3143
3268 3 2 9 1 3103 3104 3145 3144
3269 3 2 9 1 3104 3105 3146 3145
3270 3 2 9 1 3105 3106 3147 3146
3271 3 2 9 1 3106 3107 3148 3147
3272 3 2 9 1 3107 3108 3149 3148
3273 3 2 9 1 3108 3109 3150 3149
3274 3 2 9 1 3109 3110 3151 3150
3275 3 2 9 1 3110 3111 3152 3151
3276 3 2 9 1 3111 3112 3153 3152
3277 3 2 9 1 3112 3113 3154 3153
3278 3 2 9 1 3113 3114 3155 3154
3279 3 2 9 1 3114 3115 3156 3155
3280 3 2 9 1 3115 3116 3157 3156
3281 3 2 9 1 3117 3118 3159 3158
3282 3 2 9 1 3118 3119 3160 3159
3283 3 2 9 1 3119 3120 3161 3160
3284 3 2 9 1 3120 3121 3162 3161
3285 3 2 9 1 3121 3122 3163 3162
3286 3 2 9 1 3122 3123 3164 3163
3287 3 2 9 1 3123 3124 3165 3164
3288 3 2 9 1 3124 3125 3166 3165
3289 3 2 9 1 3125 3126 3167 3166
3290 3 2 9 1 3126 3127 3168 3167
3291 3 2 9 1 3127 3128 3169 3168
3292 3 2 9 1 3128 3129 3170 3169
3293 3 2 9 1 3129 3130 3171 3170
3294 3 2 9 1 3130 3131 3172 3171
3295 3 2 9 1 3131 3132 3173 3172
3296 3 2 9 1 3132 3133 3174 3173
3297 3 2 9 1 3133 3134 3175 3174
3298 3 2 9 1 3134 3135 3176 3175
3299 3 2 9 1 3135 3136 3177 3176
3300 3 2 9 1 3136 3137 3178 3177
3301 3 2 9 1 3137 3138 3179 3178
3302 3 2 9 1 3138 3139 3180 3179
3303 3 2 9 1 3139 3140 3181 3180
3304 3 2 9 1 3140 3141 3182 3181
3305 3 2 9 1 3141 3142 3183 3182
3306 3 2 9 1 3142 3143 3184 3183
3307 3 2 9 1 3143 3144 3185 3184
3308 3 2 9 1 3144 3145 3186 3185
3309 3 2 9 1 3145 3146 3187 3186
3310 3 2 9 1 3146 3147 3188 3187
3311 3 2 9 1 3147 3148 3189 3188
3312 3 2 9 1 3148 3149 3190 3189
3313 3 2 9 1 3149 3150 3191 3190
3314 3 2 9 1 3150 3151 3192 3191
3315 3 2 9 1 3151 3152 3193 3192
3316 3 2 9 1 3152 3153 3194 3193
3317 3 2 9 1 3153 3154 3195 3194
3318 3 2 9 1 3154 3155 3196 3195
3319 3 2 9 1 3155 3156 3197 3196
3320 3 2 9 1 3156 3157 3198 3197
3321 3 2 9 1 3158 3159 3200 3199
3322 3 2 9 1 3159 3160 3201 3200
3323 3 2 9 1 3160 3161 3202 3201
3324 3 2 9 1 3161 3162 3203 3202
3325 3 2 9 1 3162 3163 3204 3203
3326 3 2 9 1 3163 3164 3205 3204
3327 3 2 9 1 3164 3165 3206 3205
3328 3 2 9 1 3165 3166 3207 3206
3329 3 2 9 1 3166 3167 3208 3207
3330 3 2 9 1 3167 3168 3209 3208
3331 3 2 9 1 3168 3169 3210 3209
3332 3 2 9 1 3169 3170 3211 3210
3333 3 2 9 1 3170 3171 3212 3211
3334 3 2 9 1 3171 3172 3213 3212
3335 3 2 9 1 3172 3173 3214 3213
3336 3 2 9 1 3173 3174 3215 3214
3337 3 2 9 1 3174 3175 3216 3215
3338 3 2 9 1 3175 3176 3217 3216
3339 3 2 9 1 3176 3177 3218 3217
3340 3 2 9 1 3177 3178 3219 3218
3341 3 2 9 1 3178 3179 3220 3219
3342 3 2 9 1 3179 3180 3221 3220
3343 3 2 9 1 3180 3181 3222 3221
3344 3 2 9 1 3181 3182 3223 3222
3345 3 2 9 1 3182 3183 3224 3223
3346 3 2 9 1 3183 3184 3225 3224
3347 3 2 9 1 3184 3185 3226 3225
3348 3 2 9 1 3185 3186 3227 3226
3349 3 2 9 1 3186 3187 3228 3227
3350 3 2 9 1 3187 3188 3229 3228
3351 3 2 9 1 3188 3189 3230 3229
3352 3 2 9 1 3189 3190 3231 3230
3353 3 2 9 1 3190 3191 3232 3231
3354 3 2 9 1 3191 3192 3233 3232
3355 3 2 9 1 3192 3193 3234 3233
3356 3 2 9 1 3193 3194 3235 3234
3357 3 2 9 1 3194 3195 3236 3235
3358 3 2 9 1 3195 3196 3237 3236
3359 3 2 9 1 3196 3197 3238 3237
3360 3 2 9 1 3197 3198 3239 3238
3361 3 2 9 1 3199 3200 3241 3240
3362 3 2 9 1 3200 3201 3242 3241
3363 3 2 9 1 3201 3202 3243 3242
3364 3 2 9 1 3202 3203 3244 3243
3365 3 2 9 1 3203 3204 3245 3244
3366 3 2 9 1 3204 3205 3246 3245
3367 3 2 9 1 3205 3206 3247 3246
3368 3 2 9 1 3206 3207 3248 3247
3369 3 2 9 1 3207 3208 3249 3248
3370 3 2 9 1 3208 3209 3250 3249
3371 3 2 9 1 3209 3210 3251 3250
3372 3 2 9 1 3210 3211 3252 3251
3373 3 2 9 1 3211 3212 3253 3252
3374 3 2 9 1 3212 3213 3254 3253
3375 3 2 9 1 3213 3214 3255 3254
3376 3 2 9 1 3214 3215 3256 3255
3377 3 2 9 1 3215 3216 3257 3256
3378 3 2 9 1 3216 3217 3258 3257
3379 3 2 9 1 3217 3218 3259 3258
3380 3 2 9 1 3218 3219 3260 3259
3381 3 2 9 1 3219 3220 3261 3260
3382 3 2 9 1 3220 3221 3262 3261
3383 3 2 9 1 3221 3222 3263 3262
3384 3 2 9 1 3222 3223 3264 3263
3385 3 2 9 1 3223 3224 3265 3264
3386 3 2 9 1 3224 3225 3266 3265
3387 3 2 9 1 3225 3226 3267 3266
3388 3 2 9 1 3226 3227 3268 3267
3389 3 2 9 1 3227 3228 3269 3268
3390 3 2 9 1 3228 3229 3270 3269
3391 3 2 9 1 3229 3230 3271 3270
3392 3 2 9 1 3230 3231 3272 3271
3393 3 2 9 1 3231 3232 3273 3272
3394 3 2 9 1 3232 3233 3274 3273
3395 3 2 9 1 3233 3234 3275 3274
3396 3 2 9 1 3234 3235 3276 3275
3397 3 2 9 1 3235 3236 3277 3276
3398 3 2 9 1 3236 3237 3278 3277
3399 3 2 9 1 3237 3238 3279 3278
3400 3 2 9 1 3238 3239 3280 3279
3401 3 2 9 1 3240 3241 3282 3281
3402 3 2 9 1 3241 3242 3283 3282
3403 3 2 9 1 3242 3243 3284 3283
3404 3 2 9 1 3243 3244 3285 3284
3405 3 2 9 1 3244 3245 3286 3285
3406 3 2 9 1 3245 3246 3287 3286
3407 3 2 9 1 3246 3247 3288 3287
3408 3 2 9 1 3247 3248 3289 3288
3409 3 2 9 1 3248 3249 3290 3289
3410 3 2 9 1 3249 3250 3291 3290
3411 3 2 9 1 3250 3251 3292 3291
3412 3 2 9 1 3251 3252 3293 3292
3413 3 2 9 1 3252 3253 3294 3293
3414 3 2 9 1 3253 3254 3295 3294
3415 3 2 9 1 3254 3255 3296 3295
3416 3 2 9 1 3255 3256 3297 3296
3417 3 2 9 1 3256 3257 3298 3297
3418 3 2 9 1 3257 3258 3299 3298
3419 3 2 9 1 3258 3259 3300 3299
3420 3 2 9 1 3259 3260 3301 3300
3421 3 2 9 1 3260 3261 3302 3301
3422 3 2 9 1 3261 3262 3303 3302
3423 3 2 9 1 3262 3263 3304 3303
3424 3 2 9 1 3263 3264 3305 3304
3425 3 2 9 1 3264 3265 3306 3305
3426 3 2 9 1 3265 3266 3307 3306
3427 3 2 9 1 3266 3267 3308 3307
3428 3 2 9 1 3267 3268 3309 3308
3429 3 2 9 1 3268 3269 3310 3309
3430 3 2 9 1 3269 3270 3311 3310
3431 3 2 9 1 3270 3271 3312 3311
3432 3 2 9 1 3271 3272 3313 3312
3433 3 2 9 1 3272 3273 3314 3313
3434 3 2 9 1 3273 3274 3315 3314
3435 3 2 9 1 3274 3275 3316 3315
3436 3 2 9 1 3275 3276 3317 3316
3437 3 2 9 1 3276 3277 3318 3317
3438 3 2 9 1 3277 3278 3319 3318
3439 3 2 9 1 3278 3279 3320 3319
3440 3 2 9 1 3279 3280 3321 3320
$EndElements
